snapshot_date,listing_id,address,city,zip,price,beds,baths,sqft,lot_sqft,year_built,property_type,status,list_date,latitude,longitude,url,source
2026-09-16,mls:226043198,0 Fruitland & Orchard Park Ave,Atwater,95301,1500000,,,,1337292,,Vacant Land,Active,2026-04-08,37.3626644,-120.5957832,https://www.redfin.com/CA/Atwater/0-Fruitland-Ave-95301/home/183517590,redfin
2026-09-16,mls:MC22098863,0 Green Sands Ave,Atwater,95301,720000,,,,45738,,Vacant Land,Active,2022-05-12,37.338095,-120.576147,https://www.redfin.com/CA/Atwater/Green-Sands-Ave-95301/home/179404945,redfin
2026-09-16,mls:MC26107959,1 Gurr Rd,Atwater,95301,425000,,,,213880,,Vacant Land,Active,2026-05-18,37.32537,-120.557565,https://www.redfin.com/CA/Atwater/1-Gurr-RD-95301/home/198748593,redfin
2026-09-16,mls:MC26025984,1 W Belcher Ave,Atwater,95348,290000,,,,54886,,Vacant Land,Active,2026-02-04,37.338472,-120.544579,https://www.redfin.com/CA/Atwater/1-W-Belcher-Ave-95301/home/200353831,redfin
2026-09-16,mls:MC26185791,1020 Prince William Ct,Atwater,95301,1250000,5,4.5,3632,43560,2026,Single Family Residential,Active,2026-08-24,37.3025539,-120.5839977,https://www.redfin.com/CA/Atwater/1020-Prince-William-Ct-95301/home/168648013,redfin
2026-09-16,mls:MC26125479,10366 Rose,Atwater,95301,813500,,,,1045440,,Vacant Land,Active,2026-06-09,37.324381,-120.675708,https://www.redfin.com/CA/Atwater/10366-Rose-Ave-95301/home/187905845,redfin
2026-09-16,mls:224602563,10511 White Crane Rd,Atwater,95301,1195950,,,,1751112,,Vacant Land,Active,2026-06-02,37.3160829,-120.6786226,https://www.redfin.com/CA/Atwater/10511-White-Crane-Rd-95301/home/182992353,redfin
2026-09-16,mls:MC26184825,111 Pacemaker,Atwater,95301,374999,3,2,1530,7264,1975,Single Family Residential,Active,2026-08-25,37.3532969,-120.5953379,https://www.redfin.com/CA/Atwater/111-Pacemaker-Dr-95301/home/19706647,redfin
2026-09-16,mls:MC26040384,1160 Oak Ave,Atwater,95301,325000,4,2,1595,8201,1951,Single Family Residential,Active,2026-02-23,37.3556208,-120.6030817,https://www.redfin.com/CA/Atwater/1160-Oak-Ave-95301/home/19708945,redfin
2026-09-16,mls:ML82057518,1170 Spruce,Atwater,95301,370000,3,2,1481,6240,1957,Single Family Residential,Active,2026-08-12,37.3589015,-120.6042608,https://www.redfin.com/CA/Atwater/1170-Spruce-Ave-95301/home/19709053,redfin
2026-09-16,mls:MC26115028,1319 3rd St,Atwater,95301,349900,3,1,1356,7321,1920,Single Family Residential,Active,2026-07-07,37.3485144,-120.608288,https://www.redfin.com/CA/Atwater/1319-3rd-St-95301/home/19708365,redfin
2026-09-16,mls:MC26198555,134 E Fir,Atwater,95301,295000,3,2,1425,10969,1959,Single Family Residential,Active,2026-09-10,37.3457031,-120.5946928,https://www.redfin.com/CA/Atwater/134-E-Fir-Ave-95301/home/19706101,redfin
2026-09-16,mls:MC26087176,136 Seville Ct,Atwater,95301,58000,2,1,672,,1980,Mobile/Manufactured Home,Active,2026-04-22,37.3413116,-120.5881367,https://www.redfin.com/CA/Atwater/136-Seville-Ct-95301/home/19655417,redfin
2026-09-16,mls:MC26186737,1371 Shady Cove Ave,Atwater,95301,265000,,,,43655,,Vacant Land,Active,2026-08-25,37.3074557,-120.5915332,https://www.redfin.com/CA/Atwater/1371-Shady-Cove-Ave-95301/home/168647928,redfin
2026-09-16,mls:ML82058659,1405 Tamarack Ave,Atwater,95301,325000,3,2,1386,8075,1955,Single Family Residential,Active,2026-08-21,37.3595332,-120.6073025,https://www.redfin.com/CA/Atwater/1405-Tamarack-Ave-95301/home/19708185,redfin
2026-09-16,mls:MC26164246,1420 Fairway,Atwater,95301,475000,4,2,1997,8993,1997,Single Family Residential,Active,2026-08-13,37.3453742,-120.5855426,https://www.redfin.com/CA/Atwater/1420-Fairway-Dr-95301/home/19705775,redfin
2026-09-16,mls:MC26183256,1428 Vine Cir,Atwater,95301,330000,3,1.5,1216,2880,1990,Single Family Residential,Active,2026-09-02,37.3539283,-120.6210143,https://www.redfin.com/CA/Atwater/1428-Vine-Cir-95301/home/19659569,redfin
2026-09-16,mls:MC26196306,1453 Augusta,Atwater,95301,495000,4,2,1964,7492,2001,Single Family Residential,Active,2026-09-10,37.3418612,-120.5792132,https://www.redfin.com/CA/Atwater/1453-Augusta-Ln-95301/home/19665042,redfin
2026-09-16,mls:MC26191754,1463 Juniper Ave,Atwater,95301,319000,3,1,1306,8724,1951,Single Family Residential,Active,2026-09-11,37.3544585,-120.6076816,https://www.redfin.com/CA/Atwater/1463-Juniper-Ave-95301/home/19709001,redfin
2026-09-16,mls:MC26136421,1501 Drakeley,Atwater,95301,297699,2,1,757,7116,1928,Single Family Residential,Active,2026-06-22,37.349514,-120.6110231,https://www.redfin.com/CA/Atwater/1501-Drakeley-Ave-95301/home/21887227,redfin
2026-09-16,mls:226107316,1505 Jorgensen St,Atwater,95301,389000,3,2,1333,6878,1956,Single Family Residential,Active,2026-08-26,37.3460862,-120.5935394,https://www.redfin.com/CA/Atwater/1505-Jorgensen-St-95301/home/19707009,redfin
2026-09-16,mls:226084471,1522 Vine Cir,Atwater,95301,349900,3,1.5,1216,2879,1990,Single Family Residential,Active,2026-07-07,37.3538377,-120.6212607,https://www.redfin.com/CA/Atwater/1522-Vine-Cir-95301/home/19650770,redfin
2026-09-16,mls:MC26178733,1527 Underwood,Atwater,95301,399000,3,2,1543,9005,1957,Single Family Residential,Active,2026-08-14,37.3598418,-120.6095756,https://www.redfin.com/CA/Atwater/1527-Underwood-Ave-95301/home/19708162,redfin
2026-09-16,mls:MC26176577,1536 Fir Ave,Atwater,95301,299999,3,2,1002,7232,1954,Single Family Residential,Active,2026-08-13,37.3509088,-120.6104503,https://www.redfin.com/CA/Atwater/1536-Fir-Ave-95301/home/19707972,redfin
2026-09-16,mls:MC26172461,160 Jeanna Ct,Atwater,95301,694999,4,3,2678,11325,2026,Single Family Residential,Active,2026-08-06,37.372538,-120.5937848,https://www.redfin.com/CA/Atwater/160-Jeanna-Ct-95301/home/28952238,redfin
2026-09-16,mls:MC26161061,1625 Osborn Ter,Atwater,95301,392000,3,2,1346,6628,1960,Single Family Residential,Active,2026-08-09,37.3476363,-120.5929879,https://www.redfin.com/CA/Atwater/1625-Osborn-Ter-95301/home/19707368,redfin
2026-09-16,mls:226109198,1694 Elm Ave,Atwater,95301,340000,2,2,806,6765,1938,Single Family Residential,Active,2026-08-28,37.350644,-120.6124198,https://www.redfin.com/CA/Atwater/1694-Elm-Ave-95301/home/19708326,redfin
2026-09-16,mls:CV26135510,171 ATWATER #29,Atwater,95301,120000,3,2,1390,,1989,Mobile/Manufactured Home,Active,2026-06-21,37.341906,-120.596759,https://www.redfin.com/CA/Atwater/171-Atwater-Blvd-95301/unit-29/home/19654911,redfin
2026-09-16,mls:MC26104500,1719 Liberty,Atwater,95301,325000,3,2,1110,6750,1948,Single Family Residential,Active,2026-06-27,37.3547675,-120.6164397,https://www.redfin.com/CA/Atwater/1719-Liberty-St-95301/home/19709270,redfin
2026-09-16,mls:MC26093531,1800 2nd,Atwater,95301,549900,3,2,1802,15153,1951,Single Family Residential,Active,2026-05-05,37.3519828,-120.6042363,https://www.redfin.com/CA/Atwater/1800-2nd-St-95301/home/161299203,redfin
2026-09-16,mls:MC25219261,1831 Olive Ave,Atwater,95301,325000,1,1,280,13778,1940,Single Family Residential,Active,2025-10-29,37.3493071,-120.6148542,https://www.redfin.com/CA/Atwater/1831-Olive-Ave-95301/home/19709352,redfin
2026-09-16,mls:MC26184766,1844 Sierra Madre Dr,Atwater,95301,449000,4,2,1882,7416,1979,Single Family Residential,Active,2026-09-01,37.3494335,-120.5886231,https://www.redfin.com/CA/Atwater/1844-Sierra-Madre-Dr-95301/home/19707392,redfin
2026-09-16,mls:MC26202224,1873 Grove Ave,Atwater,95301,995000,70,,4642,14496,1979,Multi-Family (5+ Unit),Active,2026-09-15,37.3536168,-120.613139,https://www.redfin.com/CA/Atwater/1873-Grove-Ave-95301/home/19708355,redfin
2026-09-16,mls:MC24152023,1883 Sycamore Ave,Atwater,95301,650000,,,,52272,,Vacant Land,Active,2024-07-24,37.3469,-120.617299,https://www.redfin.com/CA/Atwater/1883-Sycamore-Ave-95301/home/21156099,redfin
2026-09-16,mls:MC26184580,190 Kadota,Atwater,95301,450000,3,2,1709,7350,1979,Single Family Residential,Active,2026-08-22,37.350776,-120.59799,https://www.redfin.com/CA/Atwater/190-Kadota-Ave-95301/home/19706882,redfin
2026-09-16,mls:MC26147011,1917 Shasta,Atwater,95301,475000,4,2,1841,6397,2007,Single Family Residential,Active,2026-07-07,37.3467111,-120.6242317,https://www.redfin.com/CA/Atwater/1917-Shasta-Dr-95301/home/19652770,redfin
2026-09-16,mls:MC26136462,1971 Mitchell,Atwater,95301,240000,1,1,576,4262,1947,Single Family Residential,Active,2026-06-22,37.3530587,-120.6152921,https://www.redfin.com/CA/Atwater/1971-Mitchell-St-95301/home/19709243,redfin
2026-09-16,mls:MC26089924,2 Rancho Grande Cir,Atwater,95301,132000,2,2,864,,2019,Mobile/Manufactured Home,Active,2026-04-25,37.340844,-120.588071,https://www.redfin.com/CA/Atwater/2-Rancho-Grande-Cir-95301/home/185794860,redfin
2026-09-16,mls:MC26025317,2 W Belcher Ave Ave,Atwater,95348,275000,,,,44431,,Vacant Land,Active,2026-02-04,37.338379,-120.543985,https://www.redfin.com/CA/Atwater/2-W-Belcher-Ave-95301/home/200350163,redfin
2026-09-16,mls:cmrzhhmi800u1s601lhzf835k,2001 Eucalyptus St,Atwater,95301,300000,3,2,1263,,1970,Unknown,Active,2026-07-24,37.3525738,-120.6015444,https://www.redfin.com/CA/Atwater/2001-Eucalyptus-St-95301/home/19707873,redfin
2026-09-16,mls:MC26141326,2024 De La Vina Ct,Atwater,95301,489000,3,2,1728,6540,2024,Single Family Residential,Active,2026-06-29,37.3482248,-120.5689736,https://www.redfin.com/CA/Atwater/2024-De-la-Vina-Ct-95301/home/28947790,redfin
2026-09-16,mls:226092977,2039 Cambridge Dr,Atwater,95301,924950,4,2.5,2011,43560,1979,Single Family Residential,Active,2026-07-23,37.3172155,-120.5852308,https://www.redfin.com/CA/Atwater/2039-Cambridge-Dr-95301/home/19706483,redfin
2026-09-16,mls:226068921,2275 5th St,Atwater,95301,449000,3,2.5,1981,9561,1955,Single Family Residential,Active,2026-06-03,37.3566224,-120.6062774,https://www.redfin.com/CA/Atwater/2275-5th-St-95301/home/19709061,redfin
2026-09-16,mls:MC25147391,2294 Olive Ave,Atwater,95301,55000,,,,13966,,Vacant Land,Active,2025-07-01,37.3514598,-120.6208716,https://www.redfin.com/CA/Atwater/2294-Olive-Ave-95301/home/19709111,redfin
2026-09-16,mls:MC26114023,2350 Angelus Ct,Atwater,95301,439900,3,2,1609,12070,1976,Single Family Residential,Active,2026-06-09,37.3576477,-120.614814,https://www.redfin.com/CA/Atwater/2350-Angelus-Ct-95301/home/19708819,redfin
2026-09-16,mls:MC26051388,2355 Atwater Blvd Spc 22,Atwater,95301,55000,3,2,840,,2016,Mobile/Manufactured Home,Active,2026-03-11,37.3507817,-120.6214714,https://www.redfin.com/CA/Atwater/2355-Atwater-Blvd-95301/unit-22/home/172361410,redfin
2026-09-16,mls:cmtj7o0m6031rs6013ev0ioz8,2412 Brodalski St,Atwater,95301,410000,3,2,1840,,1981,Unknown,Active,2026-09-01,37.3606617,-120.6193387,https://www.redfin.com/CA/Atwater/2412-Brodalski-St-95301/home/19669346,redfin
2026-09-16,mls:MC26183608,2480 Boulder Dr,Atwater,95301,535000,4,2,2060,8472,2008,Single Family Residential,Active,2026-08-21,37.3573351,-120.5866815,https://www.redfin.com/CA/Atwater/2480-Boulder-Dr-95301/home/19651866,redfin
2026-09-16,mls:MC26163242,249 Live Oak,Atwater,95301,465000,4,2,1876,10445,1989,Single Family Residential,Active,2026-07-27,37.3674341,-120.5979875,https://www.redfin.com/CA/Atwater/249-Live-Oak-Dr-95301/home/19669122,redfin
2026-09-16,mls:MC26141523,2731 Yosemite Ct,Atwater,95301,424900,4,2,1546,6599,1988,Single Family Residential,Active,2026-07-15,37.369276,-120.6248468,https://www.redfin.com/CA/Atwater/2731-Yosemite-Ct-95301/home/19668838,redfin
2026-09-16,mls:226095283,2755 Atwater Blvd Unit G,Atwater,95301,59000,2,1,601,,1977,Mobile/Manufactured Home,Active,2026-07-29,37.3530085,-120.6278709,https://www.redfin.com/CA/Atwater/2755-Atwater-Blvd-95301/unit-G/home/191959108,redfin
2026-09-16,mls:MC26187407,2788 Herrod,Atwater,95301,895000,3,2,2394,47916,1987,Single Family Residential,Active,2026-08-27,37.3282279,-120.5920045,https://www.redfin.com/CA/Atwater/2788-Herrod-Ave-95301/home/19705025,redfin
2026-09-16,mls:MC26152667,2850 Woodbury Ct,Atwater,95301,799901,3,2,1863,47916,1989,Single Family Residential,Active,2026-07-17,37.3292323,-120.5823632,https://www.redfin.com/CA/Atwater/2850-Woodbury-Ct-95301/home/19705301,redfin
2026-09-16,mls:MC26118530,2869 Hillcrest St,Atwater,95301,439000,3,2,1623,6819,1974,Single Family Residential,Active,2026-07-02,37.3620778,-120.6103928,https://www.redfin.com/CA/Atwater/2869-Hillcrest-St-95301/home/19669067,redfin
2026-09-16,mls:MC26200202,3369 Lighthouse Ct,Atwater,95301,525000,4,3,2442,7187,1991,Single Family Residential,Active,2026-09-12,37.3690061,-120.5986042,https://www.redfin.com/CA/Atwater/3369-Lighthouse-Ct-95301/home/19668649,redfin
2026-09-16,mls:MC26187134,3370 Harness Dr,Atwater,95301,539900,4,2.5,2375,6800,2006,Single Family Residential,Active,2026-08-27,37.3697202,-120.6002666,https://www.redfin.com/CA/Atwater/3370-Harness-Dr-95301/home/19658536,redfin
2026-09-16,mls:MC26061429,3379 Lighthouse Ct,Atwater,95301,249900,,,,7790,,Vacant Land,Active,2026-03-20,37.3691893,-120.5986279,https://www.redfin.com/CA/Atwater/3379-Lighthouse-Ct-95301/home/200957298,redfin
2026-09-16,mls:MC26102154,3650 Santa Fe,Atwater,95301,399000,,,,121968,,Vacant Land,Active,2026-05-11,37.3415852,-120.5414649,https://www.redfin.com/CA/Atwater/3650-N-Santa-Fe-Ave-95301/home/19655352,redfin
2026-09-16,mls:226111837,456 Elm,Atwater,95301,320000,3,1,1299,7649,1952,Single Family Residential,Active,2026-09-04,37.3457724,-120.5996582,https://www.redfin.com/CA/Atwater/456-Elm-Ave-95301/home/19707284,redfin
2026-09-16,mls:MC25260738,474 Aaron Ct,Atwater,95301,699900,4,3,2412,11000,2025,Single Family Residential,Active,2025-11-14,37.373416,-120.6014311,https://www.redfin.com/CA/Atwater/474-Aaron-Ct-95301/home/28947469,redfin
2026-09-16,mls:MC26146741,485 Windmill Ct,Atwater,95301,565000,4,2.5,2297,7079,2017,Single Family Residential,Active,2026-07-06,37.3703282,-120.6015627,https://www.redfin.com/CA/Atwater/485-Windmill-Ct-95301/home/28947233,redfin
2026-09-16,mls:MC25225932,4910-4910 Clover Ave,Atwater,95301,1100000,,,,125463,,Vacant Land,Active,2025-09-25,37.336971,-120.5754416,https://www.redfin.com/CA/Atwater/4910-Clover-Ave-95301/home/21627334,redfin
2026-09-16,mls:226108306,5200 Crest #49,Atwater,95301,109990,3,2,900,,2026,Mobile/Manufactured Home,Active,2026-08-27,37.3628637,-120.585355,https://www.redfin.com/CA/Atwater/5200-Crest-Rd-95301/unit-49/home/19655596,redfin
2026-09-16,mls:MC26154508,5200 Crest Rd #91,Atwater,95301,72999,3,1,828,,1979,Mobile/Manufactured Home,Active,2026-07-15,37.3628637,-120.585355,https://www.redfin.com/CA/Atwater/5200-Crest-Rd-95301/unit-91/home/168650464,redfin
2026-09-16,mls:MC26194960,5548 Fleming Rd,Atwater,95301,749999,3,2,2000,43560,1986,Single Family Residential,Active,2026-09-05,37.3295125,-120.5870909,https://www.redfin.com/CA/Atwater/5548-Fleming-Rd-95301/home/19705056,redfin
2026-09-16,mls:226112186,701 Palmer Pl,Atwater,95301,409900,3,2,1553,6172,1999,Single Family Residential,Active,2026-09-07,37.3385783,-120.5847579,https://www.redfin.com/CA/Atwater/701-Palmer-Pl-95301/home/19705383,redfin
2026-09-16,mls:MC26096434,729 Mulberry Ave,Atwater,95301,395000,3,2,1692,7800,1957,Single Family Residential,Active,2026-05-04,37.353723,-120.5996942,https://www.redfin.com/CA/Atwater/729-Mulberry-Ave-95301/home/19707210,redfin
2026-09-16,mls:MC26187985,75 Rancho Grande Cir,Atwater,95301,90000,3,2,1080,,1986,Mobile/Manufactured Home,Active,2026-08-29,37.3432533,-120.5869225,https://www.redfin.com/CA/Atwater/75-Rancho-Grande-Cir-95301/home/19655409,redfin
2026-09-16,mls:MC26180099,8191 Sunset,Atwater,95301,689000,3,2.5,2236,47916,1967,Single Family Residential,Active,2026-08-17,37.3381526,-120.636439,https://www.redfin.com/CA/Atwater/8191-Sunset-Dr-95301/home/19684176,redfin
2026-09-16,mls:MC26197829,8753 Rose Ave,Atwater,95301,78000,4,2,1452,1000,1998,Mobile/Manufactured Home,Active,2026-09-15,37.3220994,-120.6458582,https://www.redfin.com/CA/Atwater/8753-Rose-Ave-95301/home/172361425,redfin
2026-09-16,mls:226116132,8766 Longview Rd,Atwater,95301,1250000,3,2,1901,548856,1978,Single Family Residential,Active,2026-09-15,37.3534837,-120.6469987,https://www.redfin.com/CA/Atwater/8766-Longview-Rd-95301/home/196422114,redfin
2026-09-16,mls:653895,920 Travertine Way,Atwater,95301,505000,4,3,2310,6298,2017,Single Family Residential,Active,2026-08-31,37.356139,-120.5850406,https://www.redfin.com/CA/Atwater/920-Travertine-Way-95301/home/28947812,redfin
2026-09-16,mls:225082922,0 - 1/2 E Mission Ave,Merced,95341,2812500,,,,980100,,Vacant Land,Active,2025-06-21,37.273919,-120.4849237,https://www.redfin.com/CA/Merced/1-E-Mission-Ave-95341/home/196148474,redfin
2026-09-16,mls:MC26188109,0 Cabot Ave,Merced,95348,105000,,,,7440,,Vacant Land,Active,2026-08-27,37.31748,-120.524582,https://www.redfin.com/CA/Merced/Cabot-Ave-95348/home/205219350,redfin
2026-09-16,mls:MC26156234,0 Dunn Rd,Merced,95340,185000,,,,68824,,Vacant Land,Active,2026-07-31,37.340409,-120.435645,https://www.redfin.com/CA/Merced/Dunn-Rd-95340/home/104256713,redfin
2026-09-16,mls:MC25255724,0 E North Bear Creek Dr,Merced,95340,2280000,,,,162043,,Vacant Land,Active,2025-11-07,37.3098622,-120.4690825,https://www.redfin.com/CA/Merced/0-E-North-Bear-Creek-Dr-95340/home/198946738,redfin
2026-09-16,mls:MC26187045,0 Franklin Rd,Merced,95348,749900,,,,20817,,Vacant Land,Active,2026-08-26,37.323221,-120.540449,https://www.redfin.com/CA/Merced/Franklin-Rd-95348/home/104246777,redfin
2026-09-16,mls:MC25135004,0 Henry St,Merced,95341,1870000,,,,651657,,Vacant Land,Active,2025-06-17,37.270386,-120.450522,https://www.redfin.com/CA/Merced/Henry-St-95341/home/196428748,redfin
2026-09-16,mls:MC25253995,0 Kibby,Merced,95340,222000,,,,43560,,Vacant Land,Active,2025-11-05,37.3052,-120.414692,https://www.redfin.com/CA/Merced/Kibby-Rd-95340/home/198874981,redfin
2026-09-16,mls:MC26181963,0 Massasso,Merced,95348,125000,,,,13860,,Vacant Land,Active,2026-08-23,37.297305,-120.514048,https://www.redfin.com/CA/Merced/Massasso-St-95341/home/40000091,redfin
2026-09-16,mls:MC25134922,0 Mission Ave,Merced,95341,2812500,,,,980100,,Vacant Land,Active,2025-06-17,37.2732983,-120.4858775,https://www.redfin.com/CA/Merced/0-E-Mission-Ave-95341/home/196428730,redfin
2026-09-16,mls:MC26182133,0 S P St,Merced,95340,150000,,,,74052,,Vacant Land,Active,2026-08-19,37.2881933,-120.498403,https://www.redfin.com/CA/Merced/0-S-P-St-95341/home/204651464,redfin
2026-09-16,mls:MC21265605,0 Stretch St,Merced,95340,2650000,,,,1785960,,Vacant Land,Active,2022-01-19,37.298527,-120.444069,https://www.redfin.com/CA/Merced/Stretch-Rd-95340/home/40000310,redfin
2026-09-16,mls:648773,0 Thorton Rd,Merced,95341,920000,0,,,1001880,,Ranch,Active,2026-05-13,37.288299,-120.5235747,https://www.redfin.com/CA/Merced/0-Thornton-Rd-95341/home/201832321,redfin
2026-09-16,mls:MC25117690,0 Vassar Ave,Merced,95341,1488000,,,,864230,,Vacant Land,Active,2025-06-13,37.2659362,-120.487877,https://www.redfin.com/CA/Merced/0-Vassar-Ave-95341/home/179519741,redfin
2026-09-16,mls:MC25117743,0-1/2 Henry St,Merced,95341,1473000,,,,855518,,Vacant Land,Active,2025-06-13,37.267067,-120.450494,https://www.redfin.com/CA/Merced/0-1-2-Henry-St-95341/home/196428747,redfin
2026-09-16,mls:MC25259914,1 E N Bear Creek Dr,Merced,95340,3875000,,,,281398,,Vacant Land,Active,2025-11-13,37.3098622,-120.4690825,https://www.redfin.com/CA/Merced/1-E-North-Bear-Creek-Dr-95340/home/199064423,redfin
2026-09-16,mls:MC26115943,1004 W 13th,Merced,95341,250000,,,,7500,,Vacant Land,Active,2026-05-29,37.2996949,-120.4937475,https://www.redfin.com/CA/Merced/1004-W-13th-St-95341/home/28952923,redfin
2026-09-16,mls:226081831,1011 Oregon Dr,Merced,95340,540000,3,2,2028,14066,1968,Single Family Residential,Active,2026-06-26,37.3138592,-120.4591668,https://www.redfin.com/CA/Merced/1011-Oregon-Dr-95340/home/19703043,redfin
2026-09-16,mls:MC26187904,1012 Wyoming,Merced,95340,690000,4,3,3121,16250,1961,Single Family Residential,Active,2026-08-29,37.3103318,-120.4591887,https://www.redfin.com/CA/Merced/1012-Wyoming-Dr-95340/home/19702940,redfin
2026-09-16,mls:226113579,1013 - 1017 W Santa Fe Ave,Merced,95340,449900,2,1,720,6499,1960,Multi-Family (2-4 Unit),Active,2026-09-10,37.3116755,-120.4870991,https://www.redfin.com/CA/Merced/1017-W-Santa-Fe-Ave-95340/home/19693027,redfin
2026-09-16,mls:MC26180949,1052 Northwood,Merced,95348,428000,4,2,1534,8628,1972,Single Family Residential,Active,2026-08-19,37.3159149,-120.4856132,https://www.redfin.com/CA/Merced/1052-Northwood-Dr-95348/home/19701776,redfin
2026-09-16,mls:MC26117150,1055 Lees Ct,Merced,95340,434991,3,2,1656,9077,1972,Single Family Residential,Active,2026-05-29,37.3203274,-120.4585027,https://www.redfin.com/CA/Merced/1055-Lees-Ct-95340/home/19704425,redfin
2026-09-16,mls:MC26188514,1065 Mallard,Merced,95340,459999,3,2,1824,5998,2002,Single Family Residential,Active,2026-08-27,37.3367597,-120.4589052,https://www.redfin.com/CA/Merced/1065-Mallard-Dr-95340/home/19661701,redfin
2026-09-16,mls:MC26198295,1068 Kiwi Ct,Merced,95340,475000,3,2,1591,6001,2002,Single Family Residential,Active,2026-09-10,37.3370358,-120.4590921,https://www.redfin.com/CA/Merced/1068-Kiwi-Ct-95340/home/19661176,redfin
2026-09-16,mls:MC26173032,1075 Martin Luther King Jr,Merced,95341,649000,,,,37622,,Vacant Land,Active,2026-08-10,37.2939687,-120.484676,https://www.redfin.com/CA/Merced/1075-Martin-Luther-King-Junior-Way-95341/home/196040546,redfin
2026-09-16,mls:MC26199692,1076 E Estancia Dr,Merced,95348,285000,,,,43560,,Vacant Land,Active,2026-09-11,37.3736192,-120.4669637,https://www.redfin.com/CA/Merced/1076-E-Estancia-Dr-95340/home/168647417,redfin
2026-09-16,mls:MC26174826,1111 E Donna Dr,Merced,95340,499900,3,2,1752,6909,1989,Single Family Residential,Active,2026-08-10,37.3287346,-120.457712,https://www.redfin.com/CA/Merced/1111-E-Donna-Dr-95340/home/19703890,redfin
2026-09-16,mls:MC26050732,1134 Puerto Vallarta Ct,Merced,95348,450000,5,3,2250,5401,2002,Single Family Residential,Active,2026-03-08,37.32734,-120.4877533,https://www.redfin.com/CA/Merced/1134-Puerto-Vallarta-Ct-95348/home/19681832,redfin
2026-09-16,mls:MC26133604,115 W 19th,Merced,95340,299999,2,1,1014,7500,1915,Single Family Residential,Active,2026-06-18,37.3015764,-120.4764496,https://www.redfin.com/CA/Merced/115-W-19th-St-95340/home/19691911,redfin
2026-09-16,mls:MC26171548,1163 W 25th,Merced,95340,399999,3,2,1772,9409,1956,Single Family Residential,Active,2026-08-05,37.3134377,-120.4891296,https://www.redfin.com/CA/Merced/1163-W-25th-St-95340/home/19692191,redfin
2026-09-16,mls:MC26116262,1175 Evening Star,Merced,95348,454000,4,2.5,2023,6720,2005,Single Family Residential,Active,2026-06-10,37.3390078,-120.4899652,https://www.redfin.com/CA/Merced/1175-Evening-Star-Dr-95348/home/19658721,redfin
2026-09-16,mls:226098023,1179 Crescent Dr,Merced,95348,459000,4,4,3545,6704,2005,Single Family Residential,Active,2026-08-04,37.3379097,-120.4894157,https://www.redfin.com/CA/Merced/1179-Crescent-Dr-95348/home/19657584,redfin
2026-09-16,mls:226072996,118 Mcgregor,Merced,95341,295000,3,1,1064,3585,1947,Single Family Residential,Active,2026-06-15,37.2868171,-120.502523,https://www.redfin.com/CA/Merced/118-McGregor-St-95341/home/19681662,redfin
2026-09-16,mls:226076514,12 E San Clemente Dr,Merced,95341,365000,3,2,1313,6325,2003,Single Family Residential,Active,2026-07-22,37.2794952,-120.4818857,https://www.redfin.com/CA/Merced/12-E-San-Clemente-Dr-95341/home/19659458,redfin
2026-09-16,mls:MC26125121,1210 G St,Merced,95341,125000,,,,5010,,Vacant Land,Active,2026-06-08,37.2934266,-120.4784941,https://www.redfin.com/CA/Merced/1210-G-St-95341/home/40001457,redfin
2026-09-16,mls:226107490,1216 Brookdale Dr,Merced,95340,399000,3,2,1813,7701,1976,Single Family Residential,Active,2026-08-26,37.3214384,-120.4579621,https://www.redfin.com/CA/Merced/1216-Brookdale-Dr-95340/home/19703487,redfin
2026-09-16,mls:MC26183039,1228 Wildcat Dr,Merced,95348,429000,4,2,1727,5000,2018,Single Family Residential,Active,2026-08-21,37.3379631,-120.4923012,https://www.redfin.com/CA/Merced/1228-Wildcat-Dr-95348/home/28947278,redfin
2026-09-16,mls:MC26084287,1247 Aspen,Merced,95340,305000,3,2.5,1293,2778,1989,Townhouse,Active,2026-05-29,37.3182302,-120.4570592,https://www.redfin.com/CA/Merced/1247-Aspen-St-95340/home/19703625,redfin
2026-09-16,mls:MC26165216,1248 W 9th,Merced,95341,399999,,,,15000,,Vacant Land,Active,2026-07-31,37.2970535,-120.4997506,https://www.redfin.com/CA/Merced/1248-W-9th-St-95341/home/161268254,redfin
2026-09-16,mls:MC26158013,125 N Parsons,Merced,95341,600000,,,,95832,,Vacant Land,Active,2026-07-24,37.289108,-120.452237,https://www.redfin.com/CA/Merced/125-N-Parsons-Ave-95341/home/19686748,redfin
2026-09-16,mls:MC26118642,1254 Lurs Ct,Merced,95348,557500,4,3,2943,7797,2006,Single Family Residential,Active,2026-06-01,37.3395893,-120.4934844,https://www.redfin.com/CA/Merced/1254-Lurs-Ct-95348/home/19651737,redfin
2026-09-16,mls:SR26155316,1255 Carol,Merced,95341,212520,2,1,878,10659,1945,Single Family Residential,Active,2026-07-16,37.2911539,-120.4547374,https://www.redfin.com/CA/Merced/1255-Carol-Ave-95341/home/19687416,redfin
2026-09-16,mls:8595DE3FC6C7,126 Sugar Creek Ln,Merced,95341,399990,3,2,1230,,2026,Single Family Residential,Active,2026-06-25,37.286017,-120.430897,https://www.redfin.com/CA/Merced/126-Sugar-Creek-Ln-95341/home/196422602,redfin
2026-09-16,mls:MC26147340,126 Sugar Creek Ln Unit 144 S2,Merced,95341,409490,3,2,1230,5237,2026,Single Family Residential,Active,2026-07-07,37.286017,-120.430897,https://www.redfin.com/CA/Merced/126-Sugar-Creek-Ln-95341/unit-144-S2/home/202672067,redfin
2026-09-16,mls:41146671,1280 Dodd Ct,Merced,95341,390000,3,2,1136,9854,1958,Single Family Residential,Active,2026-08-30,37.2940166,-120.4596405,https://www.redfin.com/CA/Merced/1280-Dodd-Ct-95341/home/19687216,redfin
2026-09-16,mls:MC26184070,1300 Kensington,Merced,95340,419000,4,2,2177,6989,1971,Single Family Residential,Active,2026-08-23,37.3190089,-120.4562675,https://www.redfin.com/CA/Merced/1300-Kensington-Dr-95340/home/19704619,redfin
2026-09-16,mls:MC26157505,1338 Christopher,Merced,95340,519000,4,3,1926,6991,2003,Single Family Residential,Active,2026-07-29,37.3370659,-120.4558575,https://www.redfin.com/CA/Merced/1338-Christopher-Dr-95340/home/19661258,redfin
2026-09-16,mls:MC26154596,1338 Hermosa,Merced,95348,420000,4,2.5,1637,2500,2022,Single Family Residential,Active,2026-07-25,37.3330789,-120.4964879,https://www.redfin.com/CA/Merced/1338-Hermosa-Dr-95348/home/28947375,redfin
2026-09-16,mls:MC26189958,134 Wonderland Trail Ln,Merced,95341,320000,2,2.5,1259,1649,2025,Townhouse,Active,2026-08-30,37.2759829,-120.480413,https://www.redfin.com/CA/Merced/134-Wonderland-Trail-Ln-95341/home/196426234,redfin
2026-09-16,mls:MC26169820,1370 Belmont,Merced,95348,399000,4,2.5,1793,3894,2007,Single Family Residential,Active,2026-08-10,37.3322996,-120.4978172,https://www.redfin.com/CA/Merced/1370-Belmont-Dr-95348/home/19654301,redfin
2026-09-16,mls:MC25269518,1375 Loughborough,Merced,95348,339000,3,2,1335,6015,1977,Single Family Residential,Active,2025-12-04,37.3236212,-120.4923658,https://www.redfin.com/CA/Merced/1375-Loughborough-Dr-95348/home/19682673,redfin
2026-09-16,mls:A8CD137BE674,139 Sugar Creek Ln,Merced,95341,389990,3,2,1230,,2026,Single Family Residential,Active,2026-06-04,37.285879,-120.431452,https://www.redfin.com/CA/Merced/139-Sugar-Creek-Ln-95341/home/196422619,redfin
2026-09-16,mls:MC26147392,139 Sugar Creek Ln Unit 158 S2,Merced,95341,402990,3,2,1230,5000,2026,Single Family Residential,Active,2026-07-07,37.285879,-120.431452,https://www.redfin.com/CA/Merced/139-Sugar-Creek-Ln-95341/unit-158-S2/home/202672361,redfin
2026-09-16,mls:MC26131391,1396 Belmont,Merced,95348,450000,4,2.5,2044,8244,2007,Single Family Residential,Active,2026-08-06,37.3322877,-120.4986726,https://www.redfin.com/CA/Merced/1396-Belmont-Dr-95348/home/19656137,redfin
2026-09-16,mls:226107956,1405 E 22nd St,Merced,95340,275000,3,2,1570,10624,1948,Single Family Residential,Active,2026-08-26,37.2980334,-120.45711,https://www.redfin.com/CA/Merced/1405-E-22nd-St-95340/home/19688065,redfin
2026-09-16,mls:MC26152644,1420 Q,Merced,95340,359000,2,1,739,3300,1888,Single Family Residential,Active,2026-07-19,37.3011937,-120.4924052,https://www.redfin.com/CA/Merced/1420-Q-St-95340/home/19691845,redfin
2026-09-16,mls:MC26194119,1430 Jackson Ct,Merced,95340,440000,4,2,1743,8109,1983,Single Family Residential,Active,2026-09-04,37.3069701,-120.4552671,https://www.redfin.com/CA/Merced/1430-Jackson-Ct-95340/home/19688693,redfin
2026-09-16,mls:MC26201390,1438 W 19th,Merced,95340,455000,3,1.5,1281,7447,1952,Single Family Residential,Active,2026-09-14,37.3085036,-120.4967279,https://www.redfin.com/CA/Merced/1438-W-19th-St-95340/home/19648660,redfin
2026-09-16,mls:4F1114110B6D,144 Sugar Creek Ln,Merced,95341,402990,3,2,1230,,2026,Single Family Residential,Active,2026-08-02,37.285743,-120.430897,https://www.redfin.com/CA/Merced/144-Sugar-Creek-Ln-95341/home/196422605,redfin
2026-09-16,mls:MC26169778,144 Sugar Creek Ln Unit 146 S2,Merced,95341,411490,3,2,1230,5237,2026,Single Family Residential,Active,2026-08-04,37.285743,-120.430897,https://www.redfin.com/CA/Merced/144-Sugar-Creek-Ln-95341/unit-146-S2/home/204345514,redfin
2026-09-16,mls:PW26187649,1445 San Simeon Ct,Merced,95348,550000,5,2.5,2374,8712,2003,Single Family Residential,Active,2026-09-12,37.3293642,-120.5020601,https://www.redfin.com/CA/Merced/1445-San-Simeon-Ct-95348/home/19657788,redfin
2026-09-16,mls:MC26187679,145 E 20th,Merced,95340,365000,3,2,1387,10500,1937,Single Family Residential,Active,2026-08-26,37.3009629,-120.4714669,https://www.redfin.com/CA/Merced/145-E-20th-St-95340/home/19688370,redfin
2026-09-16,mls:MC26139057,1456 Cameron Unit 1-4,Merced,95340,895500,6,4,2420,60984,1950,Multi-Family (2-4 Unit),Active,2026-06-29,37.3062067,-120.455665,https://www.redfin.com/CA/Merced/1456-Cameron-Ln-95340/unit-1-4/home/195049604,redfin
2026-09-16,mls:MC26170354,1466 La Sierra St,Merced,95348,459000,4,3,2648,5148,2008,Single Family Residential,Active,2026-08-04,37.3357372,-120.5007035,https://www.redfin.com/CA/Merced/1466-La-Sierra-St-95348/home/19650862,redfin
2026-09-16,mls:PTP2606984,1490 Cameron Ln,Merced,95340,225000,2,1,1008,85813,1920,Single Family Residential,Active,2026-09-15,37.306095,-120.4550565,https://www.redfin.com/CA/Merced/1490-Cameron-Ln-95340/home/19689404,redfin
2026-09-16,mls:MC26182786,1495 Davenport,Merced,95340,565000,5,2.5,2447,10670,2004,Single Family Residential,Active,2026-09-01,37.3391653,-120.4514234,https://www.redfin.com/CA/Merced/1495-Davenport-Dr-95340/home/19662192,redfin
2026-09-16,mls:MC26021538,15 E 22nd,Merced,95340,389999,3,2,1275,7500,1928,Single Family Residential,Active,2026-01-29,37.3036766,-120.4723446,https://www.redfin.com/CA/Merced/15-E-22nd-St-95340/home/19688184,redfin
2026-09-16,mls:MC26020247,1515 E Mission,Merced,95341,25000000,,,,100188,,Vacant Land,Active,2026-01-28,37.2736919,-120.4556914,https://www.redfin.com/CA/Merced/1515-E-Mission-Ave-95341/home/28953789,redfin
2026-09-16,mls:MC26053870,1525 La Sierra St,Merced,95348,380000,3,2,1482,4564,2007,Single Family Residential,Active,2026-03-11,37.3361477,-120.5021372,https://www.redfin.com/CA/Merced/1525-La-Sierra-St-95348/home/19650533,redfin
2026-09-16,mls:226109516,1528 W 9th St,Merced,95341,299999,3,1,1022,7501,1953,Single Family Residential,Active,2026-08-30,37.2987079,-120.5039731,https://www.redfin.com/CA/Merced/1528-W-9th-St-95341/home/19690419,redfin
2026-09-16,mls:MC26179416,1560 W 23rd,Merced,95340,485000,3,2,1184,8643,1953,Single Family Residential,Active,2026-08-17,37.3132768,-120.4966458,https://www.redfin.com/CA/Merced/1560-W-23rd-St-95340/home/19692739,redfin
2026-09-16,mls:MC26093833,1567-- 1573 Ellen Ct,Merced,95341,630000,32,16,3360,8077,1980,Multi-Family (2-4 Unit),Active,2026-05-19,37.2905282,-120.4537923,https://www.redfin.com/CA/Merced/1567-Ellen-Ct-95341/home/19686231,redfin
2026-09-16,mls:5682D2EA5AD7,157 Sugar Creek Ln,Merced,95341,404990,3,2,1230,,2026,Single Family Residential,Active,2026-07-02,37.285605,-120.431451,https://www.redfin.com/CA/Merced/157-Sugar-Creek-Ln-95341/home/196422617,redfin
2026-09-16,mls:MC26147358,157 Sugar Creek Ln Unit 156 S2,Merced,95341,414490,3,2,1230,5000,2026,Single Family Residential,Active,2026-07-07,37.285605,-120.431451,https://www.redfin.com/CA/Merced/157-Sugar-Creek-Ln-95341/unit-156-S2/home/202672141,redfin
2026-09-16,mls:226115574,1645 Rose Ave,Merced,95341,310000,3,1.5,986,5998,1951,Single Family Residential,Active,2026-09-15,37.2926887,-120.4609236,https://www.redfin.com/CA/Merced/1645-Rose-Ave-95341/home/19687580,redfin
2026-09-16,mls:225113378,1650 Bette St,Merced,95341,399000,3,1,1182,6800,1955,Multi-Family (2-4 Unit),Active,2025-09-25,37.2927086,-120.4563639,https://www.redfin.com/CA/Merced/1650-Bette-St-95341/home/19687274,redfin
2026-09-16,mls:653237,1657 Cypress Way,Merced,95341,425000,4,3,2546,2543,,Multi-Family (2-4 Unit),Active,2026-08-05,37.2938798,-120.4643555,https://www.redfin.com/CA/Merced/1657-Cypress-Way-95341/home/19687242,redfin
2026-09-16,mls:MC26098101,1670 W North Bear Crk,Merced,95348,230000,2,1.5,972,508,1984,Condo/Co-op,Active,2026-05-06,37.3095386,-120.5036708,https://www.redfin.com/CA/Merced/1670-W-North-Bear-Creek-Dr-95348/home/19682008,redfin
2026-09-16,mls:B5633E295B15,168 Sugar Creek Ln,Merced,95341,517490,5,3.5,2554,,2026,Single Family Residential,Active,2026-08-14,37.285468,-120.430896,https://www.redfin.com/CA/Merced/168-Sugar-Creek-Ln-95341/home/196422607,redfin
2026-09-16,mls:C63C6043A679,169 Sugar Creek Ln,Merced,95341,422990,4,2,1509,,2026,Single Family Residential,Active,2026-08-02,37.285467,-120.431451,https://www.redfin.com/CA/Merced/169-Sugar-Creek-Ln-95341/home/196422616,redfin
2026-09-16,mls:MC26169808,169 Sugar Creek Ln Unit 155 S2,Merced,95341,434490,4,2,1509,5000,2026,Single Family Residential,Active,2026-08-04,37.285467,-120.431451,https://www.redfin.com/CA/Merced/169-Sugar-Creek-Ln-95341/unit-155-S2/home/204345666,redfin
2026-09-16,mls:MC26163358,1700 Union Ave,Merced,95341,295000,2,1,1086,6000,1949,Single Family Residential,Active,2026-07-28,37.2938259,-120.4621084,https://www.redfin.com/CA/Merced/1700-Union-Ave-95341/home/19686654,redfin
2026-09-16,mls:709A300631F6,172 Sugar Creek Ln,Merced,95341,467490,4,3,1842,,2026,Single Family Residential,Active,2026-08-14,37.285331,-120.430896,https://www.redfin.com/CA/Merced/172-Sugar-Creek-Ln-95341/home/196422608,redfin
2026-09-16,mls:466936FB0DD2,173 Sugar Creek Ln,Merced,95341,402990,3,2,1230,,2026,Single Family Residential,Active,2026-08-02,37.28533,-120.431451,https://www.redfin.com/CA/Merced/173-Sugar-Creek-Ln-95341/home/196422615,redfin
2026-09-16,mls:MC26169793,173 Sugar Creek Ln Unit 154 S2,Merced,95341,411490,3,2,1230,5237,2026,Single Family Residential,Active,2026-08-04,37.28533,-120.431451,https://www.redfin.com/CA/Merced/173-Sugar-Creek-Ln-95341/unit-154-S2/home/204345595,redfin
2026-09-16,mls:MC26125253,1744 Wildwood Ct,Merced,95340,479000,4,2,1920,6200,1977,Single Family Residential,Active,2026-06-09,37.31414,-120.4499462,https://www.redfin.com/CA/Merced/1744-Wildwood-Ct-95340/home/19701174,redfin
2026-09-16,mls:MC26026210,1754 Merced,Merced,95341,229900,2,2,1004,1011,1988,Condo/Co-op,Active,2026-02-04,37.2910389,-120.4557599,https://www.redfin.com/CA/Merced/1754-Merced-Ave-95341/home/19686738,redfin
2026-09-16,mls:MC26167368,178 La Purisima Ct,Merced,95341,365000,4,2,1511,5094,2003,Single Family Residential,Active,2026-07-31,37.2780743,-120.4849678,https://www.redfin.com/CA/Merced/178-La-Purisima-Ct-95341/home/19661588,redfin
2026-09-16,mls:MC26179624,1780 W 8th,Merced,95341,415000,4,2,1099,9384,1960,Single Family Residential,Active,2026-08-17,37.2979996,-120.5065563,https://www.redfin.com/CA/Merced/1780-W-8th-St-95341/home/19681858,redfin
2026-09-16,mls:226069650,179 Sullivan Dr,Merced,95348,395000,4,2.5,1737,2452,2021,Single Family Residential,Active,2026-06-02,37.345954,-120.4708116,https://www.redfin.com/CA/Merced/179-Sullivan-Dr-95348/home/28949071,redfin
2026-09-16,mls:MC26123870,18 Squaw Valley Ct,Merced,95341,456100,4,3,1750,6432,2026,Single Family Residential,Active,2026-06-07,37.2849016,-120.4302551,https://www.redfin.com/CA/Merced/18-Squaw-Valley-Dr-95341/home/202168592,redfin
2026-09-16,mls:MC26085666,1800 E South Bear Creek Dr,Merced,95340,1850000,,,,165528,,Vacant Land,Active,2026-04-20,37.3084271,-120.4505241,https://www.redfin.com/CA/Merced/1800-E-South-Bear-Creek-Dr-95340/home/201469166,redfin
2026-09-16,mls:226095261,1843 Brookside Dr,Merced,95348,439999,3,2,1300,5998,1993,Single Family Residential,Active,2026-07-29,37.3107607,-120.5000968,https://www.redfin.com/CA/Merced/1843-Brookside-Dr-95348/home/19681785,redfin
2026-09-16,mls:226086370,1848 Ashby Rd #46,Merced,95348,35000,1,1,550,,1963,Mobile/Manufactured Home,Active,2026-07-09,37.3160299,-120.5246712,https://www.redfin.com/CA/Merced/1848-Ashby-Rd-95348/unit-46/home/202691800,redfin
2026-09-16,mls:MC26185027,1921 Fultz Ct,Merced,95341,369000,3,2,1623,6870,1994,Single Family Residential,Active,2026-08-24,37.3036484,-120.5108838,https://www.redfin.com/CA/Merced/1921-Fultz-Ct-95341/home/19680273,redfin
2026-09-16,mls:226108604,1927 I St,Merced,95340,249900,2,1,1067,4251,1920,Single Family Residential,Active,2026-08-28,37.3024475,-120.4775801,https://www.redfin.com/CA/Merced/1927-I-St-95340/home/19691592,redfin
2026-09-16,mls:MC26158152,1949 Sierra Ct,Merced,95340,475000,4,2,1981,6966,1972,Single Family Residential,Active,2026-07-23,37.3152907,-120.4483733,https://www.redfin.com/CA/Merced/1949-Sierra-Ct-95340/home/19701573,redfin
2026-09-16,mls:MC26182916,1961 Heather Ct,Merced,95340,450000,4,2.5,2142,11499,1968,Single Family Residential,Active,2026-09-09,37.3217927,-120.4478115,https://www.redfin.com/CA/Merced/1961-Heather-Ct-95340/home/19701510,redfin
2026-09-16,mls:226021572,1962 Edwards Ave,Merced,95340,1165000,16,4,6800,16204,1979,Multi-Family (5+ Unit),Active,2026-02-26,37.2958569,-120.449794,https://www.redfin.com/CA/Merced/1962-Edwards-Ave-95340/home/19687831,redfin
2026-09-16,mls:MC26201033,1962-1976 Edwards,Merced,95340,1099000,16,8,6800,16203,1979,Multi-Family (5+ Unit),Active,2026-09-14,37.2960443,-120.4497828,https://www.redfin.com/CA/Merced/1976-Edwards-Ave-95340/home/194349022,redfin
2026-09-16,mls:MC26104173,2020 Ashby #37,Merced,95348,45000,2,1,784,,1990,Mobile/Manufactured Home,Active,2026-05-26,37.319875,-120.531759,https://www.redfin.com/CA/Merced/2020-Ashby-Rd-95348/unit-37/home/19655033,redfin
2026-09-16,mls:MC26111129,2021 W,Merced,95340,975000,2,2,2609,15762,1952,Single Family Residential,Active,2026-05-21,37.3109651,-120.4982227,https://www.redfin.com/CA/Merced/2021-W-St-95340/home/19691996,redfin
2026-09-16,mls:MC26033812,203 W 20th,Merced,95340,549000,3,3,3551,15000,1950,Single Family Residential,Active,2026-04-23,37.303043,-120.4771877,https://www.redfin.com/CA/Merced/203-W-20th-St-95340/home/21856884,redfin
2026-09-16,mls:226109168,2030 Calimyrna Ave,Merced,95340,324900,3,1,1502,5942,1923,Single Family Residential,Active,2026-09-02,37.2994439,-120.4668591,https://www.redfin.com/CA/Merced/2030-Calimyrna-Ave-95340/home/19688270,redfin
2026-09-16,mls:MC26174063,2033 Highland,Merced,95340,264900,2,1,898,5508,1940,Single Family Residential,Active,2026-08-10,37.2964825,-120.4592823,https://www.redfin.com/CA/Merced/2033-Highland-Dr-95340/home/19687669,redfin
2026-09-16,mls:MC26138430,2035 Highland,Merced,95340,287750,2,1,900,5508,1940,Single Family Residential,Active,2026-06-24,37.2966447,-120.4591808,https://www.redfin.com/CA/Merced/2035-Highland-Dr-95340/home/19687670,redfin
2026-09-16,mls:MC25255358,2051 Wardrobe,Merced,95341,1200000,,,,217800,,Vacant Land,Active,2025-11-06,37.2965338,-120.5135744,https://www.redfin.com/CA/Merced/2051-Wardrobe-Ave-95341/home/198908746,redfin
2026-09-16,mls:MC25183712,2052 W Solis St,Merced,95348,425000,4,2,1757,6096,2006,Single Family Residential,Active,2025-08-14,37.3226855,-120.5238217,https://www.redfin.com/CA/Merced/2052-W-Solis-St-95348/home/19652571,redfin
2026-09-16,mls:226116217,207 Yorktown,Merced,95341,335000,3,2,1086,7566,1996,Single Family Residential,Active,2026-09-15,37.284626,-120.4469835,https://www.redfin.com/CA/Merced/207-Yorktown-Sq-95341/home/19679090,redfin
2026-09-16,mls:MC26187494,2085 Cabot Ave,Merced,95348,400000,3,2,1520,7469,1960,Single Family Residential,Active,2026-08-27,37.3174702,-120.5243999,https://www.redfin.com/CA/Merced/2085-Cabot-Ave-95348/home/19684261,redfin
2026-09-16,mls:MC26192421,209 E 18th,Merced,95340,300000,2,1,950,6000,1940,Single Family Residential,Active,2026-09-02,37.298438,-120.4712615,https://www.redfin.com/CA/Merced/209-E-18th-St-95340/home/19687645,redfin
2026-09-16,mls:D5617070EC44,209 Nadine St,Merced,95341,418990,3,2,1396,,2026,Single Family Residential,Active,2026-07-30,37.291664,-120.427126,https://www.redfin.com/CA/Merced/209-Nadine-St-95341/home/203517328,redfin
2026-09-16,mls:MC25022775,2094 W Pincay St,Merced,95348,399000,4,2,1527,5000,2017,Single Family Residential,Active,2025-05-25,37.3219899,-120.5245414,https://www.redfin.com/CA/Merced/2094-W-Pincay-St-95348/home/28948293,redfin
2026-09-16,mls:226094443,2103 W Solis St,Merced,95348,340000,3,2,1381,5001,2006,Single Family Residential,Active,2026-07-30,37.3222475,-120.5247113,https://www.redfin.com/CA/Merced/2103-W-Solis-St-95348/home/19652558,redfin
2026-09-16,mls:MC26191646,2142 Coronado,Merced,95348,359900,3,2,1200,9180,1975,Single Family Residential,Active,2026-09-01,37.3206102,-120.5253783,https://www.redfin.com/CA/Merced/2142-Coronado-Ave-95348/home/19683760,redfin
2026-09-16,mls:MC26009630,2148 Keely,Merced,95340,179900,3,1,1120,9975,1944,Single Family Residential,Active,2026-02-09,37.2959326,-120.4539261,https://www.redfin.com/CA/Merced/2148-Keely-Ave-95340/home/19688454,redfin
2026-09-16,mls:MC26125038,2201 Leeward Ct,Merced,95340,279000,,,,43560,,Vacant Land,Active,2026-06-12,37.3622349,-120.4462804,https://www.redfin.com/CA/Merced/2201-Leeward-Ct-95340/home/168647664,redfin
2026-09-16,mls:MC26196327,2205 O,Merced,95340,475000,8,4,1470,7500,1961,Multi-Family (2-4 Unit),Active,2026-09-15,37.3083803,-120.4851105,https://www.redfin.com/CA/Merced/2205-O-St-95340/home/19691167,redfin
2026-09-16,mls:MC25117734,2230 Vassar Ave,Merced,95341,1484250,,,,862052,,Vacant Land,Active,2025-06-13,37.2658466,-120.4474761,https://www.redfin.com/CA/Merced/2230-Vassar-Ave-95341/home/196078103,redfin
2026-09-16,mls:MC26187159,2235 Dunn,Merced,95340,750000,4,3.5,3140,69696,1977,Single Family Residential,Active,2026-08-31,37.3391724,-120.4435818,https://www.redfin.com/CA/Merced/2235-Dunn-Rd-95340/home/19657222,redfin
2026-09-16,mls:MC26071153,2240 Golden Oak #119,Merced,95341,89500,2,2,1150,,1976,Mobile/Manufactured Home,Active,2026-04-02,37.292158,-120.446125,https://www.redfin.com/CA/Merced/2240-Golden-Oak-Ln-95341/unit-119/home/19655756,redfin
2026-09-16,mls:MC26170275,2240 Golden Oak #3,Merced,95341,99900,2,2,1750,,1976,Mobile/Manufactured Home,Active,2026-08-04,37.29489,-120.446153,https://www.redfin.com/CA/Merced/2240-Golden-Oak-Ln-95341/unit-3/home/19654936,redfin
2026-09-16,mls:MC26173824,2240 Golden Oak #78,Merced,95341,49999,2,2,1040,,1990,Mobile/Manufactured Home,Active,2026-08-11,37.292974,-120.445599,https://www.redfin.com/CA/Merced/2240-Golden-Oak-Ln-95341/unit-78/home/19655047,redfin
2026-09-16,mls:MC26109234,2240 Golden Oak #88,Merced,95341,54900,2,2,1322,,1976,Mobile/Manufactured Home,Active,2026-05-19,37.294494,-120.445842,https://www.redfin.com/CA/Merced/2240-Golden-Oak-Ln-95341/unit-88/home/19654807,redfin
2026-09-16,mls:226086303,2240 Golden Oak Ln #103,Merced,95341,39000,2,2,1200,,1988,Mobile/Manufactured Home,Active,2026-07-08,37.291986,-120.445836,https://www.redfin.com/CA/Merced/2240-Golden-Oak-Ln-95341/unit-103/home/19655095,redfin
2026-09-16,mls:MC26123784,2240 Golden Oak Ln #11,Merced,95341,84500,2,2,,,1975,Mobile/Manufactured Home,Active,2026-06-06,37.29463,-120.444902,https://www.redfin.com/CA/Merced/2240-Golden-Oak-Ln-95341/unit-11/home/19654395,redfin
2026-09-16,mls:MC25186079,2240 Golden Oak Ln #117,Merced,95341,124900,3,2,,,2023,Mobile/Manufactured Home,Active,2025-08-18,37.2931187,-120.4458279,https://www.redfin.com/CA/Merced/2240-Golden-Oak-Ln-95341/unit-117/home/19654948,redfin
2026-09-16,mls:226111087,2240 Golden Oak Ln #131,Merced,95340,34900,2,2,856,,1977,Mobile/Manufactured Home,Active,2026-09-03,37.292229,-120.44648,https://www.redfin.com/CA/Merced/2240-Golden-Oak-Ln-95341/unit-131/home/19653889,redfin
2026-09-16,mls:226091001,2240 Golden Oak Ln #134,Merced,95341,89900,2,2,1440,,1973,Mobile/Manufactured Home,Active,2026-07-17,37.3015976,-120.4808915,https://www.redfin.com/CA/Merced/2240-Golden-Oak-Ln-95341/unit-134/home/196130863,redfin
2026-09-16,mls:MC26142503,2240 Golden Oak Ln #28,Merced,95341,73000,2,1,,,1976,Mobile/Manufactured Home,Active,2026-06-30,37.292482,-120.444925,https://www.redfin.com/CA/Merced/2240-Golden-Oak-Ln-95341/unit-28/home/19654671,redfin
2026-09-16,mls:MC26050607,2240 Golden Oak Ln #47,Merced,95341,99999,2,2,,,1976,Mobile/Manufactured Home,Active,2026-03-07,37.294003,-120.445243,https://www.redfin.com/CA/Merced/2240-Golden-Oak-Ln-95341/unit-47/home/19655135,redfin
2026-09-16,mls:226056493,2240 Golden Oak Ln #73,Merced,95341,48000,1,1,672,,1969,Mobile/Manufactured Home,Active,2026-05-07,37.293636,-120.44562,https://www.redfin.com/CA/Merced/2240-Golden-Oak-Ln-95341/unit-73/home/19655777,redfin
2026-09-16,mls:226093239,2240 Golden Oak Ln #94,Merced,95341,80000,2,2,1248,1248,1978,Mobile/Manufactured Home,Active,2026-07-27,37.293678,-120.445909,https://www.redfin.com/CA/Merced/2240-Golden-Oak-Ln-95341/unit-94/home/19654824,redfin
2026-09-16,mls:226012270,2240 Golden Oak Ln #98,Merced,95341,75000,2,1.5,720,,1977,Mobile/Manufactured Home,Active,2026-02-03,37.292737,-120.445858,https://www.redfin.com/CA/Merced/2240-Golden-Oak-Ln-95341/unit-98/home/19655775,redfin
2026-09-16,mls:MC25134955,2246 E Mission Ave,Merced,95341,2812500,,,,980100,,Vacant Land,Active,2025-06-17,37.2728692,-120.447396,https://www.redfin.com/CA/Merced/2246-E-Mission-Ave-95341/home/148012696,redfin
2026-09-16,mls:MC25117715,2260 Vassar Ave,Merced,95341,1484250,,,,862052,,Vacant Land,Active,2025-06-13,37.2661175,-120.4465739,https://www.redfin.com/CA/Merced/2260-Vassar-Ave-95341/home/196077950,redfin
2026-09-16,mls:226036725,230 W 25th St,Merced,95340,310000,2,1,1151,7501,1940,Single Family Residential,Active,2026-03-26,37.307796,-120.4750627,https://www.redfin.com/CA/Merced/230-W-25th-St-95340/home/19692754,redfin
2026-09-16,mls:MC26201787,2318 Beachwood,Merced,95348,170000,,,,10131,,Vacant Land,Active,2026-09-15,37.3218577,-120.5277841,https://www.redfin.com/CA/Merced/2318-Beachwood-Dr-95348/home/19683786,redfin
2026-09-16,mls:226115232,2324 Q St,Merced,95340,379600,2,2,960,5001,1945,Multi-Family (2-4 Unit),Active,2026-09-14,37.3105252,-120.486923,https://www.redfin.com/CA/Merced/2324-Q-St-95340/home/19692696,redfin
2026-09-16,mls:MC26058771,2330 Meadowbrook,Merced,95348,299900,3,1,796,10131,1955,Single Family Residential,Active,2026-03-18,37.3219624,-120.5265673,https://www.redfin.com/CA/Merced/2330-Meadowbrook-Ave-95348/home/19683370,redfin
2026-09-16,mls:MC26090199,236 Montage Dr,Merced,95348,449000,5,4,1890,2100,2025,Single Family Residential,Active,2026-06-09,37.3613588,-120.4704396,https://www.redfin.com/CA/Merced/236-Montage-Dr-95348/home/28952194,redfin
2026-09-16,mls:MC26198886,2382 Explorador,Merced,95340,449900,4,3,2111,5198,2020,Single Family Residential,Active,2026-09-10,37.3314996,-120.4391447,https://www.redfin.com/CA/Merced/2382-Explorador-Dr-95340/home/28949993,redfin
2026-09-16,mls:MC26136816,2400 K,Merced,95340,1900000,34,14,10800,43560,1950,Multi-Family (5+ Unit),Active,2026-06-23,37.3079833,-120.4774917,https://www.redfin.com/CA/Merced/2400-K-St-95340/home/19692168,redfin
2026-09-16,mls:MC26130264,242 Torino Ct,Merced,95341,379000,4,2,1617,5369,2006,Single Family Residential,Active,2026-06-30,37.2846754,-120.4436122,https://www.redfin.com/CA/Merced/242-Torino-Ct-95341/home/19658046,redfin
2026-09-16,mls:652381,2429 Explorador,Merced,95348,526900,6,3,2621,9082,2022,Single Family Residential,Active,2026-07-21,37.3311588,-120.4362697,https://www.redfin.com/CA/Merced/2429-Explorador-Dr-95340/home/172354337,redfin
2026-09-16,mls:MC26165208,2446 Valverde,Merced,95340,489000,4,2,2265,7797,2020,Single Family Residential,Active,2026-08-18,37.3275318,-120.4351416,https://www.redfin.com/CA/Merced/2446-Valverde-Dr-95340/home/172354531,redfin
2026-09-16,mls:994DC9242AC9,246 Nadine St,Merced,95341,426990,3,2,1567,,2026,Single Family Residential,Active,2026-08-08,37.292059,-120.426601,https://www.redfin.com/CA/Merced/246-Nadine-St-95341/home/196422447,redfin
2026-09-16,mls:MC26168944,2462 Valverde Dr,Merced,95340,498000,4,2,2265,7797,2021,Single Family Residential,Active,2026-08-04,37.3275309,-120.4341928,https://www.redfin.com/CA/Merced/2462-Valverde-Dr-95340/home/172354535,redfin
2026-09-16,mls:41142267,2481 Pineda Dr,Merced,95340,525888,6,3,2621,5255,2021,Single Family Residential,Active,2026-07-21,37.3289769,-120.4337045,https://www.redfin.com/CA/Merced/2481-Pineda-Dr-95340/home/172354416,redfin
2026-09-16,mls:DW26079389,2482 Valdes Dr,Merced,95340,489000,5,2.5,2282,6216,2021,Single Family Residential,Active,2026-04-17,37.3282178,-120.4337124,https://www.redfin.com/CA/Merced/2482-Valdes-Dr-95340/home/172354499,redfin
2026-09-16,mls:MC26131548,2499 E Gerard #140,Merced,95341,59000,2,1,768,,1977,Mobile/Manufactured Home,Active,2026-06-16,37.282603,-120.442699,https://www.redfin.com/CA/Merced/2499-E-Gerard-Ave-95341/unit-140/home/19656022,redfin
2026-09-16,mls:MC26150631,2499 E Gerard #153,Merced,95341,109000,4,2,1584,,1974,Mobile/Manufactured Home,Active,2026-07-10,37.283791,-120.44268,https://www.redfin.com/CA/Merced/2499-E-Gerard-Ave-95341/unit-153/home/19653440,redfin
2026-09-16,mls:MC26165075,2499 Gerard #38,Merced,95341,129000,3,2,1176,,2005,Mobile/Manufactured Home,Active,2026-07-30,37.283543,-120.443569,https://www.redfin.com/CA/Merced/2499-E-Gerard-Ave-95341/unit-38/home/40002191,redfin
2026-09-16,mls:MC25223780,2500 N Highway 59 #270,Merced,95348,65000,2,2,828,2774,1993,Mobile/Manufactured Home,Active,2025-09-23,37.31288,-120.50228,https://www.redfin.com/CA/Merced/2500-N-State-Highway-59-95348/unit-270/home/19655158,redfin
2026-09-16,mls:MC26177592,2500 N STATE HIGHWAY 59,Merced,95348,23000,2,1,720,1400,1972,Mobile/Manufactured Home,Active,2026-08-13,37.311751,-120.503155,https://www.redfin.com/CA/Merced/2500-N-State-Highway-59-95348/home/19653725,redfin
2026-09-16,mls:226100905,2500 N State Highway 59 #239,Merced,95348,69000,3,2,1440,,1973,Mobile/Manufactured Home,Active,2026-08-10,37.312075,-120.503703,https://www.redfin.com/CA/Merced/2500-N-State-Highway-59-95348/unit-239/home/19655259,redfin
2026-09-16,mls:226084553,2511 Franklin Rd,Merced,95348,9945000,,,,1698840,,Vacant Land,Active,2026-07-06,37.3246509,-120.5412329,https://www.redfin.com/CA/Merced/2511-Franklin-Rd-95348/home/196420034,redfin
2026-09-16,mls:MC26198267,252 S Gurr,Merced,95341,848000,,,,1286327,,Vacant Land,Active,2026-09-13,37.283567,-120.5598286,https://www.redfin.com/CA/Merced/252-S-Gurr-Rd-95341/home/168650428,redfin
2026-09-16,mls:MC25009072,2520 Mckee Rd,Merced,95340,410000,2,1,1257,17264,1946,Single Family Residential,Active,2025-01-14,37.3029949,-120.4445901,https://www.redfin.com/CA/Merced/2520-McKee-Rd-95340/home/19679429,redfin
2026-09-16,mls:MC26197299,2521 K,Merced,95340,125000,,,,7500,,Vacant Land,Active,2026-09-15,37.3093214,-120.477197,https://www.redfin.com/CA/Merced/2521-K-St-95340/home/19692139,redfin
2026-09-16,mls:MC26143143,2524 B And B,Merced,95348,649999,3,2.5,2321,39969,1988,Single Family Residential,Active,2026-07-01,37.3247897,-120.5374749,https://www.redfin.com/CA/Merced/2524-B-and-B-Blvd-95348/home/19683310,redfin
2026-09-16,mls:MC26165503,255 Travis Ct,Merced,95341,442990,3,2.5,1777,4736,2026,Single Family Residential,Active,2026-07-29,37.292198,-120.428042,https://www.redfin.com/CA/Merced/255-Travis-Ct-95341/home/192932898,redfin
2026-09-16,mls:MC25044845,2577 Lobo Ave,Merced,95348,2400000,,,,1067220,,Vacant Land,Active,2025-03-01,37.3243265,-120.5329261,https://www.redfin.com/CA/Merced/2577-Lobo-Ave-95348/home/21155511,redfin
2026-09-16,mls:MC26168613,2617 Agnes,Merced,95340,389000,3,2,1561,6124,1962,Single Family Residential,Active,2026-08-03,37.3040711,-120.4605559,https://www.redfin.com/CA/Merced/2617-Agnes-Way-95340/home/19689760,redfin
2026-09-16,mls:562A9715BEFE,262 Nadine St,Merced,95341,517890,4,2.5,1924,,2026,Single Family Residential,Active,2026-06-23,37.292304,-120.426592,https://www.redfin.com/CA/Merced/262-Nadine-St-95341/home/196422445,redfin
2026-09-16,mls:MC26194628,2651 1st,Merced,95340,150000,,,,12104,,Vacant Land,Active,2026-09-09,37.3080934,-120.4698823,https://www.redfin.com/CA/Merced/2651-1st-Ave-95340/home/19689677,redfin
2026-09-16,mls:MC26096382,2653 E North Bear Crk,Merced,95340,925000,5,4,3658,27634,1969,Single Family Residential,Active,2026-05-26,37.309902,-120.4383286,https://www.redfin.com/CA/Merced/2653-E-North-Bear-Creek-Dr-95340/home/19701225,redfin
2026-09-16,mls:MC26189302,2672 9th Ave,Merced,95340,309900,3,1,1168,6600,1960,Single Family Residential,Active,2026-09-15,37.305767,-120.4629463,https://www.redfin.com/CA/Merced/2672-9th-Ave-95340/home/19689558,redfin
2026-09-16,mls:225144310,2679 Lobo Ave,Merced,95348,1200000,3,2,2319,779724,1928,Single Family Residential,Active,2025-12-02,37.3236077,-120.5352663,https://www.redfin.com/CA/Merced/2679-Lobo-Ave-95348/home/196422248,redfin
2026-09-16,mls:MC26196564,268 E 10th,Merced,95341,359900,4,3,1636,5012,1989,Single Family Residential,Active,2026-09-08,37.2901023,-120.476157,https://www.redfin.com/CA/Merced/268-E-10th-St-95341/home/19687247,redfin
2026-09-16,mls:MC26126325,2698 E South Bear Crk,Merced,95340,1049000,4,3.5,3340,52272,1985,Single Family Residential,Active,2026-06-10,37.3085571,-120.4379379,https://www.redfin.com/CA/Merced/2698-E-South-Bear-Creek-Dr-95340/home/19679981,redfin
2026-09-16,mls:MC26165744,272 Travis Ct,Merced,95341,400990,3,2,1290,4723,2026,Single Family Residential,Active,2026-07-29,37.292435,-120.427468,https://www.redfin.com/CA/Merced/272-Travis-Ct-95341/home/192932887,redfin
2026-09-16,mls:MC26163311,2729 Pioneer,Merced,95341,725000,3,2,1412,653400,1975,Single Family Residential,Active,2026-08-03,37.24845,-120.398781,https://www.redfin.com/CA/Merced/2729-Pioneer-95340/home/103654057,redfin
2026-09-16,mls:D019C2C7B656,274 Nadine St,Merced,95341,433890,3,2,1290,,2026,Single Family Residential,Active,2026-06-23,37.29243,-120.426576,https://www.redfin.com/CA/Merced/274-Nadine-St-95341/home/196422444,redfin
2026-09-16,mls:226116770,2747 Saratoga Ave,Merced,95340,365000,3,2,1412,7013,1977,Single Family Residential,Active,2026-09-15,37.3049953,-120.44807,https://www.redfin.com/CA/Merced/2747-Saratoga-Ave-95340/home/19689152,redfin
2026-09-16,mls:MC26080251,2761 Lexington Ave,Merced,95340,425000,3,2.5,1775,6152,1990,Single Family Residential,Active,2026-07-06,37.3061729,-120.4471103,https://www.redfin.com/CA/Merced/2761-Lexington-Ave-95340/home/19688763,redfin
2026-09-16,mls:5CF4E55D687A,277 Nadine St,Merced,95341,520890,4,2.5,1924,,2026,Single Family Residential,Active,2026-06-23,37.292439,-120.427113,https://www.redfin.com/CA/Merced/277-Nadine-St-95341/home/196422457,redfin
2026-09-16,mls:226061481,2779 Story Ave,Merced,95340,449999,4,3,2039,8934,1985,Single Family Residential,Active,2026-05-14,37.3053253,-120.4490194,https://www.redfin.com/CA/Merced/2779-Story-Ave-95340/home/19688945,redfin
2026-09-16,mls:MC26190802,2782 STORY Ave,Merced,95340,389000,3,2,1486,7318,1983,Single Family Residential,Active,2026-09-01,37.3053286,-120.4484633,https://www.redfin.com/CA/Merced/2782-Story-Ave-95340/home/19688940,redfin
2026-09-16,mls:596EB08EDC46,283 Nadine St,Merced,95341,436990,3,2,1290,,2026,Single Family Residential,Active,2026-06-23,37.29255,-120.427132,https://www.redfin.com/CA/Merced/283-Nadine-St-95341/home/196422459,redfin
2026-09-16,mls:MC26156305,2830 Dunn Rd,Merced,95340,895000,4,2,2031,43560,1973,Single Family Residential,Active,2026-08-05,37.3398907,-120.4355855,https://www.redfin.com/CA/Merced/2830-Dunn-Rd-95340/home/19680822,redfin
2026-09-16,mls:41144069,284 Zion Canyon Ct,Merced,95341,410000,4,2,1515,5000,2022,Single Family Residential,Active,2026-08-14,37.2757847,-120.4783038,https://www.redfin.com/CA/Merced/284-Zion-Canyon-Ct-95341/home/176248635,redfin
2026-09-16,mls:MC26154089,2868 Beachwood,Merced,95348,329900,3,1,970,9683,1953,Single Family Residential,Active,2026-07-16,37.3297323,-120.5277546,https://www.redfin.com/CA/Merced/2868-Beachwood-Dr-95348/home/19683986,redfin
2026-09-16,mls:MC26168066,288 Travis Ct,Merced,95341,465990,4,2.5,1924,4723,2026,Single Family Residential,Active,2026-08-01,37.292559,-120.427487,https://www.redfin.com/CA/Merced/288-Travis-Ct-95341/home/192932886,redfin
2026-09-16,mls:B55EDD923106,289 Travis Ct,Merced,95341,423990,3,2,1290,,2026,Single Family Residential,Active,2026-04-05,37.292563,-120.428037,https://www.redfin.com/CA/Merced/289-Travis-Ct-95341/home/192932901,redfin
2026-09-16,mls:MC26148713,2894 Elm,Merced,95348,320000,3,1,1328,9524,1960,Single Family Residential,Active,2026-07-16,37.3299751,-120.5307807,https://www.redfin.com/CA/Merced/2894-Elm-Ave-95348/home/19684020,redfin
2026-09-16,mls:MC26143205,2924 E South Bear Crk,Merced,95348,425000,4,2,1560,26947,2003,Mobile/Manufactured Home,Active,2026-08-12,37.3082062,-120.4343361,https://www.redfin.com/CA/Merced/2924-E-South-Bear-Creek-Dr-95340/home/19679214,redfin
2026-09-16,mls:MC26172497,2943 Capella Dr,Merced,95341,559999,4,3,2420,7000,2026,Single Family Residential,Active,2026-08-06,37.282142,-120.434315,https://www.redfin.com/CA/Merced/2943-Capella-Dr-95341/home/196422467,redfin
2026-09-16,mls:ML82045002,2972 Tuxford Ct,Merced,95340,365000,3,2,1365,10173,1961,Single Family Residential,Active,2026-07-03,37.3147871,-120.451915,https://www.redfin.com/CA/Merced/2972-Tuxford-Ct-95340/home/19703141,redfin
2026-09-16,mls:MC26178287,2985 Redwood Dr,Merced,95340,494900,4,3,2388,8306,1972,Single Family Residential,Active,2026-08-18,37.315166,-120.4465798,https://www.redfin.com/CA/Merced/2985-Redwood-Dr-95340/home/19701434,redfin
2026-09-16,mls:SR26189124,2993 N Parsons,Merced,95340,253500,3,2,1008,7694,1961,Single Family Residential,Active,2026-08-28,37.3155234,-120.451559,https://www.redfin.com/CA/Merced/2993-N-Parsons-Ave-95340/home/19702218,redfin
2026-09-16,mls:MC26026481,3 W Belcher Ave,Merced,95348,275000,,,,44431,,Vacant Land,Active,2026-02-04,37.338447,-120.543574,https://www.redfin.com/CA/Merced/3-W-Belcher-Ave-95348/home/200354004,redfin
2026-09-16,mls:MC26202061,3010 Greenwood Ct,Merced,95340,379000,3,2,1431,6615,1977,Single Family Residential,Active,2026-09-15,37.316441,-120.4460153,https://www.redfin.com/CA/Merced/3010-Greenwood-Ct-95340/home/19701025,redfin
2026-09-16,mls:MC26138437,3054 Silver Elm Ct,Merced,95340,425000,4,2.5,1938,4178,1988,Single Family Residential,Active,2026-07-03,37.3171564,-120.4584988,https://www.redfin.com/CA/Merced/3054-Silver-Elm-Ct-95340/home/19703672,redfin
2026-09-16,mls:MC25270306,3056 Bedford,Merced,95340,385000,3,2,1358,6296,1974,Single Family Residential,Active,2026-01-26,37.3173625,-120.447616,https://www.redfin.com/CA/Merced/3056-Bedford-Dr-95340/home/19701345,redfin
2026-09-16,mls:MC26174015,3063 Bodie,Merced,95341,495000,4,3.5,3545,5000,2006,Single Family Residential,Active,2026-08-14,37.2931004,-120.4325597,https://www.redfin.com/CA/Merced/3063-Bodie-St-95341/home/19652898,redfin
2026-09-16,mls:226111094,3119 Dinkey Creek Ave,Merced,95341,155000,,,,6970,,Vacant Land,Active,2026-09-03,37.2843783,-120.4324245,https://www.redfin.com/CA/Merced/3119-Dinkey-Creek-Ave-95341/home/28560868,redfin
2026-09-16,mls:MC26189491,3125 N Parsons,Merced,95340,385000,4,2,1569,6699,1968,Single Family Residential,Active,2026-08-28,37.3191569,-120.4515217,https://www.redfin.com/CA/Merced/3125-N-Parsons-Ave-95340/home/19704375,redfin
2026-09-16,mls:226076083,313 Sullivan Dr,Merced,95348,419999,5,2.5,2378,2378,2022,Single Family Residential,Active,2026-07-04,37.3455019,-120.4725467,https://www.redfin.com/CA/Merced/313-Sullivan-Dr-95348/home/28949241,redfin
2026-09-16,mls:226110861,3200 Austin Ave,Merced,95348,250000,3,2,1099,6303,1983,Single Family Residential,Active,2026-09-02,37.3212375,-120.4947233,https://www.redfin.com/CA/Merced/3200-Austin-Ave-95348/home/19682187,redfin
2026-09-16,mls:MC26031224,3216 El Capitan,Merced,95340,345000,3,2,1446,7440,1960,Single Family Residential,Active,2026-03-30,37.3211364,-120.4649618,https://www.redfin.com/CA/Merced/3216-El-Capitan-Ave-95340/home/19704773,redfin
2026-09-16,mls:MC26159955,3224 Nashville Ct,Merced,95348,485000,5,4,2287,6898,1980,Multi-Family (2-4 Unit),Active,2026-07-23,37.3220853,-120.493789,https://www.redfin.com/CA/Merced/3224-Nashville-Ct-95348/home/19682183,redfin
2026-09-16,mls:MC26168916,324 W 22nd,Merced,95340,475000,4,4,1850,7500,1935,Multi-Family (2-4 Unit),Active,2026-08-03,37.3050876,-120.4782527,https://www.redfin.com/CA/Merced/324-W-22nd-St-95340/home/200649590,redfin
2026-09-16,mls:MC26154809,3257 Juneau Ct,Merced,95348,389000,3,1,1123,6626,1972,Single Family Residential,Active,2026-07-15,37.3215246,-120.4974698,https://www.redfin.com/CA/Merced/3257-Juneau-Ct-95348/home/19682962,redfin
2026-09-16,mls:226063276,328 E 20th St,Merced,95340,285000,2,1,800,8002,1940,Single Family Residential,Active,2026-07-05,37.2993004,-120.4683459,https://www.redfin.com/CA/Merced/328-E-20th-St-95340/home/19688111,redfin
2026-09-16,mls:MC26194620,3311 Shamrock,Merced,95340,465000,4,2,1923,6683,1985,Single Family Residential,Active,2026-09-04,37.3236358,-120.4547312,https://www.redfin.com/CA/Merced/3311-Shamrock-Ave-95340/home/19704697,redfin
2026-09-16,mls:41145302,3362 San Jacinto Ct,Merced,95348,350000,3,2,1635,6356,1980,Single Family Residential,Active,2026-08-17,37.3255898,-120.4830739,https://www.redfin.com/CA/Merced/3362-San-Jacinto-Ct-95348/home/19667903,redfin
2026-09-16,mls:MC26174310,3372 Wawona Ct,Merced,95340,405000,3,2,1766,6824,1974,Single Family Residential,Active,2026-08-18,37.3256468,-120.4641113,https://www.redfin.com/CA/Merced/3372-Wawona-Ct-95340/home/19703460,redfin
2026-09-16,mls:MC26165548,3394 Banbury,Merced,95340,829000,4,3.5,2470,8741,2023,Single Family Residential,Active,2026-07-30,37.3262185,-120.4490424,https://www.redfin.com/CA/Merced/3394-Banbury-Ln-95340/home/28949845,redfin
2026-09-16,mls:226114912,34 Skylark Ct,Merced,95341,329000,3,2,1095,4256,1989,Single Family Residential,Active,2026-09-11,37.2855327,-120.4827358,https://www.redfin.com/CA/Merced/34-Skylark-Ct-95341/home/19647366,redfin
2026-09-16,mls:MC26099037,3411 Baker,Merced,95341,890000,12,6,5000,100188,1942,Multi-Family (5+ Unit),Active,2026-05-07,37.294377,-120.4260501,https://www.redfin.com/CA/Merced/3411-Baker-Dr-95341/home/19679932,redfin
2026-09-16,mls:MC26190319,3424 Mckee,Merced,95340,599000,4,2.5,2678,108900,1972,Single Family Residential,Active,2026-08-31,37.3282325,-120.4437943,https://www.redfin.com/CA/Merced/3424-McKee-Rd-95340/home/19701689,redfin
2026-09-16,mls:MC26111721,3442 Joerg Ave,Merced,95340,550000,4,2.5,2187,7754,1988,Single Family Residential,Active,2026-05-22,37.3267638,-120.4556038,https://www.redfin.com/CA/Merced/3442-Joerg-Ave-95340/home/19704871,redfin
2026-09-16,mls:MC26187696,3452 Paseo Verde,Merced,95348,575000,5,3,2243,8173,2002,Single Family Residential,Active,2026-08-28,37.3280963,-120.4873391,https://www.redfin.com/CA/Merced/3452-Paseo-Verde-Ave-95348/home/19681930,redfin
2026-09-16,mls:MC26113319,3454 G St,Merced,95340,425000,,,,28038,,Vacant Land,Active,2026-05-25,37.3294978,-120.4687811,https://www.redfin.com/CA/Merced/3454-G-St-95340/home/19704553,redfin
2026-09-16,mls:MC26019215,350 S Bermuda,Merced,95341,320000,,,,7575,,Vacant Land,Active,2026-02-13,37.283142,-120.4738245,https://www.redfin.com/CA/Merced/350-Bermuda-St-95341/home/28953795,redfin
2026-09-16,mls:MC26194375,3507 Sunstone Ct,Merced,95340,550000,3,2,2062,9307,2021,Single Family Residential,Active,2026-09-09,37.3254376,-120.4354688,https://www.redfin.com/CA/Merced/3507-Sunstone-Ct-95340/home/28949730,redfin
2026-09-16,mls:226001268,3515 E Yosemite Ave,Merced,95340,6000000,,,,2178000,,Vacant Land,Active,2026-01-06,37.331258,-120.421489,https://www.redfin.com/CA/Merced/3515-E-Yosemite-Ave-95340/home/40050563,redfin
2026-09-16,mls:MC26026650,355 E Main,Merced,95340,390000,3,2,1136,9758,1947,Single Family Residential,Active,2026-02-05,37.2967409,-120.4698506,https://www.redfin.com/CA/Merced/355-E-Main-St-95340/home/19687493,redfin
2026-09-16,mls:MC26051040,3552 Wathen Ct,Merced,95348,390000,3,2,1589,6180,1977,Single Family Residential,Active,2026-03-09,37.3315474,-120.4755399,https://www.redfin.com/CA/Merced/3552-Wathen-Ct-95348/home/19668079,redfin
2026-09-16,mls:MC26136486,3553 Beals,Merced,95348,399950,3,2,1589,6180,1977,Single Family Residential,Active,2026-06-22,37.3315473,-120.4751694,https://www.redfin.com/CA/Merced/3553-Beals-Ave-95348/home/19668503,redfin
2026-09-16,mls:FR26143684,3583 Sarasota,Merced,95348,399950,3,2,1705,5500,2006,Single Family Residential,Active,2026-07-01,37.3306482,-120.5033077,https://www.redfin.com/CA/Merced/3583-Sarasota-Ave-95348/home/19652932,redfin
2026-09-16,mls:MC26201253,360 E 19th St,Merced,95340,290000,2,1,1084,8975,1946,Single Family Residential,Active,2026-09-14,37.2983569,-120.4691015,https://www.redfin.com/CA/Merced/360-E-19th-St-95340/home/19688124,redfin
2026-09-16,mls:MC26179423,362 Rhianon,Merced,95341,395000,3,2,1475,5973,2019,Single Family Residential,Active,2026-08-18,37.2794023,-120.4771709,https://www.redfin.com/CA/Merced/362-Rhianon-Dr-95341/home/28951403,redfin
2026-09-16,mls:226000354,3622 N State Highway 59,Merced,95348,3490000,,,,467399,,Vacant Land,Active,2026-01-02,37.335149,-120.501768,https://www.redfin.com/CA/Merced/3622-N-State-Highway-59-95348/home/28947260,redfin
2026-09-16,mls:MC26123261,3629 N Lake,Merced,95340,1100000,4,2,2680,204732,1977,Single Family Residential,Active,2026-06-05,37.3359882,-120.433376,https://www.redfin.com/CA/Merced/3629-N-Lake-Rd-95340/home/19680577,redfin
2026-09-16,mls:226097306,365 E Main St,Merced,95340,359998,3,1.5,1256,9008,1947,Single Family Residential,Active,2026-08-01,37.2966338,-120.4696126,https://www.redfin.com/CA/Merced/365-E-Main-St-95340/home/19687494,redfin
2026-09-16,mls:MC26189146,3675 Quail Ave,Merced,95340,430000,3,2,1772,6501,1990,Single Family Residential,Active,2026-09-01,37.3332024,-120.4578991,https://www.redfin.com/CA/Merced/3675-Quail-Ave-95340/home/19679473,redfin
2026-09-16,mls:MC26141078,3726 Crane,Merced,95348,434900,4,2,1789,6600,2006,Single Family Residential,Active,2026-06-29,37.3345017,-120.4956177,https://www.redfin.com/CA/Merced/3726-Crane-Ave-95348/home/19656269,redfin
2026-09-16,mls:MC26141821,3774 Magellan,Merced,95340,474900,4,2.5,2282,6215,2020,Single Family Residential,Active,2026-07-01,37.3290761,-120.4408036,https://www.redfin.com/CA/Merced/3774-Magellan-95340/home/28949670,redfin
2026-09-16,mls:226105884,379 Edan Ct,Merced,95341,445000,3,2,1511,7588,2002,Single Family Residential,Active,2026-08-21,37.2831608,-120.4817525,https://www.redfin.com/CA/Merced/379-Edan-Ct-95341/home/19663940,redfin
2026-09-16,mls:MC26184740,3851 Twilight Ave,Merced,95348,479900,4,2.5,3286,6906,2005,Single Family Residential,Active,2026-08-24,37.3372152,-120.4898191,https://www.redfin.com/CA/Merced/3851-Twilight-Ave-95348/home/19645819,redfin
2026-09-16,mls:DW26039485,3880 Early Lgt,Merced,95348,400000,5,2.5,2023,4275,2005,Single Family Residential,Active,2026-03-01,37.3369528,-120.4904075,https://www.redfin.com/CA/Merced/3880-Early-Light-Ave-95348/home/19658704,redfin
2026-09-16,mls:MC26105349,3888 Solstice,Merced,95348,515000,8,4,3286,9833,2005,Single Family Residential,Active,2026-05-14,37.3390975,-120.4872439,https://www.redfin.com/CA/Merced/3888-Solstice-Ave-95348/home/19657581,redfin
2026-09-16,mls:226105372,3910 Twilight Ave,Merced,95348,459999,4,4,2352,5728,2006,Single Family Residential,Active,2026-08-20,37.3383451,-120.4900763,https://www.redfin.com/CA/Merced/3910-Twilight-Ave-95348/home/19658692,redfin
2026-09-16,mls:MC26178671,394 St. Bermuda,Merced,95341,95000,,,,5752,,Vacant Land,Active,2026-08-14,37.2826567,-120.4738723,https://www.redfin.com/CA/Merced/394-Bermuda-St-95341/home/19666930,redfin
2026-09-16,mls:MC26201117,3947 Finch Ct,Merced,95340,585000,4,3,1904,7497,1997,Single Family Residential,Active,2026-09-15,37.3375469,-120.4608631,https://www.redfin.com/CA/Merced/3947-Finch-Ct-95340/home/19679529,redfin
2026-09-16,mls:MC26167281,4025 St Remy Ct,Merced,95348,589000,5,3.5,3291,6710,2007,Single Family Residential,Active,2026-07-31,37.3418674,-120.4915622,https://www.redfin.com/CA/Merced/4025-St-Remy-Ct-95348/home/19651325,redfin
2026-09-16,mls:MC26082691,4089 Bayonet,Merced,95348,469000,4,3,1842,5125,2023,Single Family Residential,Active,2026-04-16,37.3425668,-120.4963347,https://www.redfin.com/CA/Merced/4089-Bayonet-Dr-95348/home/180787106,redfin
2026-09-16,mls:MC26181953,409 W 25th St,Merced,95340,225000,2,1,982,3750,1932,Single Family Residential,Active,2026-08-23,37.3091936,-120.4774598,https://www.redfin.com/CA/Merced/409-W-25th-St-95340/home/19692138,redfin
2026-09-16,mls:226089687,4100 Scarlet Ct,Merced,95348,482880,4,2.5,1924,5083,2026,Single Family Residential,Active,2026-07-15,37.343721,-120.491211,https://www.redfin.com/CA/Merced/4100-Scarlet-Ct-95348/home/186321264,redfin
2026-09-16,mls:0751E62A3111,4101 Adobe Ct,Merced,95348,454880,3,2.5,1777,,2026,Single Family Residential,Active,2026-06-23,37.343725,-120.49441,https://www.redfin.com/CA/Merced/4101-Adobe-Ct-95348/home/186321150,redfin
2026-09-16,mls:226094076,4108 Adobe Ct,Merced,95348,449880,3,2.5,1777,4658,2026,Single Family Residential,Active,2026-07-24,37.343855,-120.493857,https://www.redfin.com/CA/Merced/4108-Adobe-Ct-95348/home/186321177,redfin
2026-09-16,mls:MC26163326,4115 Scarlet Ct,Merced,95348,459880,4,2.5,1924,4656,2026,Single Family Residential,Active,2026-07-27,37.3429784,-120.4934196,https://www.redfin.com/CA/Merced/4115-Scarlet-Ct-95348/home/186321239,redfin
2026-09-16,mls:9146B3B1C39A,4116 Scarlet Ct,Merced,95348,479880,4,2.5,1924,,2026,Single Family Residential,Active,2026-05-31,37.3429784,-120.4934196,https://www.redfin.com/CA/Merced/4116-Scarlet-Ct-95348/home/186321261,redfin
2026-09-16,mls:62D769E83AAC,4125 Adobe Ct,Merced,95348,552330,4,2.5,1924,,2026,Single Family Residential,Active,2026-08-05,37.344102,-120.494398,https://www.redfin.com/CA/Merced/4125-Adobe-Ct-95348/home/186321153,redfin
2026-09-16,mls:MC26139899,413 El Portal Ct,Merced,95348,405000,4,2,1440,6000,1993,Single Family Residential,Active,2026-06-26,37.327138,-120.4735865,https://www.redfin.com/CA/Merced/413-El-Portal-Ct-95348/home/19667718,redfin
2026-09-16,mls:ML82035268,413 Hydrangea Ct,Merced,95341,440000,4,2.5,1864,5471,2005,Single Family Residential,Active,2026-02-17,37.2819906,-120.4260934,https://www.redfin.com/CA/Merced/413-Hydrangea-Ct-95341/home/19648529,redfin
2026-09-16,mls:MC26198130,4180 Adobe Ct,Merced,95348,525000,4,2.5,1941,4527,2024,Single Family Residential,Active,2026-09-09,37.3449473,-120.4937563,https://www.redfin.com/CA/Merced/4180-Adobe-Ct-95348/home/186321168,redfin
2026-09-16,mls:41144861,4195 North Highway 59,Merced,95348,285000,,,,39340,,Vacant Land,Active,2026-08-13,37.3492155,-120.5042264,https://www.redfin.com/CA/Merced/4195-N-State-Highway-59-95348/home/19684726,redfin
2026-09-16,mls:MC26123889,42 Squaw Valley Ct,Merced,95341,463709,4,2,1969,5805,2026,Single Family Residential,Active,2026-06-07,37.2849016,-120.4302551,https://www.redfin.com/CA/Merced/42-Squaw-Valley-Dr-95341/home/202168801,redfin
2026-09-16,mls:MC26201983,420 W 19th St,Merced,95340,315000,2,1.5,1489,7500,1938,Single Family Residential,Active,2026-09-15,37.3028374,-120.4813392,https://www.redfin.com/CA/Merced/420-W-19th-St-95340/home/19690991,redfin
2026-09-16,mls:MC26140315,4208 Berryesa,Merced,95348,399000,3,2.5,1555,3837,2008,Single Family Residential,Active,2026-06-27,37.3452052,-120.4693254,https://www.redfin.com/CA/Merced/4208-Berryesa-Ave-95348/home/19651904,redfin
2026-09-16,mls:MC26158999,424 Barclay Way,Merced,95348,450000,4,2,1700,4925,2007,Single Family Residential,Active,2026-07-24,37.3553556,-120.4744038,https://www.redfin.com/CA/Merced/424-Barclay-Way-95348/home/19651643,redfin
2026-09-16,mls:MC26182055,4240 Los Olivos Rd,Merced,95340,1600000,4,2,2561,361548,1970,Single Family Residential,Active,2026-08-24,37.3500726,-120.4354813,https://www.redfin.com/CA/Merced/4240-Los-Olivos-Rd-95340/home/19679651,redfin
2026-09-16,mls:MC26178473,4265 Freemark Ave,Merced,95348,559900,5,3.5,2478,5240,2021,Single Family Residential,Active,2026-08-20,37.3448479,-120.482299,https://www.redfin.com/CA/Merced/4265-Freemark-Ave-95348/home/28949033,redfin
2026-09-16,mls:226106909,434 Occidental Ct,Merced,95348,389999,4,2,1440,6000,1993,Single Family Residential,Active,2026-08-24,37.3281127,-120.4740071,https://www.redfin.com/CA/Merced/434-Occidental-Ct-95348/home/19667652,redfin
2026-09-16,mls:MC26168529,4395 Strathmore,Merced,95348,419000,4,2,1617,4725,2018,Single Family Residential,Active,2026-08-09,37.3494562,-120.4698107,https://www.redfin.com/CA/Merced/4395-Strathmore-Pl-95348/home/28951214,redfin
2026-09-16,mls:MC26195175,4431 Andrea,Merced,95348,450000,4,3,1745,5092,2022,Single Family Residential,Active,2026-09-05,37.3507554,-120.4829035,https://www.redfin.com/CA/Merced/4431-Andrea-Dr-95348/home/172360241,redfin
2026-09-16,mls:ML82053546,4449 Lacy Ln,Merced,95348,449000,3,2,1616,5125,2022,Single Family Residential,Active,2026-07-08,37.3508779,-120.482032,https://www.redfin.com/CA/Merced/4449-Lacy-Ln-95348/home/172360257,redfin
2026-09-16,mls:225139639,446 Tyler #148 Rd,Merced,95341,299000,,,,57543,,Vacant Land,Active,2025-10-31,37.2816477,-120.4693583,https://www.redfin.com/CA/Merced/446-Tyler-Rd-95341/home/28953786,redfin
2026-09-16,mls:MC26094946,4465 Andrea Dr,Merced,95348,451179,3,2,1620,4583,2026,Single Family Residential,Active,2026-06-06,37.3517279,-120.4830309,https://www.redfin.com/CA/Merced/4465-Andrea-Dr-95348/home/172360248,redfin
2026-09-16,mls:226106360,454 Jacobs Dr,Merced,95348,456644,4,3,1832,4800,2007,Single Family Residential,Active,2026-08-22,37.353343,-120.4733961,https://www.redfin.com/CA/Merced/454-Jacobs-Dr-95348/home/19651725,redfin
2026-09-16,mls:MC26182077,455 Columbia,Merced,95340,364900,3,2,1175,6000,1972,Single Family Residential,Active,2026-08-19,37.32404,-120.4645496,https://www.redfin.com/CA/Merced/455-Columbia-Ave-95340/home/19703734,redfin
2026-09-16,mls:226096553,457 Buena Vista Dr,Merced,95348,399999,3,2,1440,6569,1993,Single Family Residential,Active,2026-08-15,37.3278627,-120.4742567,https://www.redfin.com/CA/Merced/457-Buena-Vista-Dr-95348/home/19668122,redfin
2026-09-16,mls:MC26062941,4639 Sami Jo,Merced,95348,487000,4,2,1885,5123,2025,Single Family Residential,Active,2026-03-27,37.356132,-120.481036,https://www.redfin.com/CA/Merced/4639-Sami-Jo-Dr-95348/home/180787624,redfin
2026-09-16,mls:226018792,4672 Beckman Way,Merced,95348,385000,4,2.5,2116,5357,2007,Single Family Residential,Active,2026-02-18,37.3559542,-120.4725258,https://www.redfin.com/CA/Merced/4672-Beckman-Way-95348/home/19651672,redfin
2026-09-16,mls:MC26193060,475 Tulane,Merced,95348,410000,3,2,1360,6366,1999,Single Family Residential,Active,2026-09-02,37.3257095,-120.4745678,https://www.redfin.com/CA/Merced/475-Tulane-Dr-95348/home/19667400,redfin
2026-09-16,mls:MC26087411,4822 Durant,Merced,95348,599900,5,4,3265,7784,2007,Single Family Residential,Active,2026-05-05,37.3585415,-120.4691243,https://www.redfin.com/CA/Merced/4822-Durant-Way-95348/home/19650686,redfin
2026-09-16,mls:MC26177612,4836 Mari Cruz Ln,Merced,95348,453212,3,2,1620,5923,2026,Single Family Residential,Active,2026-08-13,37.358853,-120.478632,https://www.redfin.com/CA/Merced/4836-Mari-Cruz-Ln-95348/home/196426148,redfin
2026-09-16,mls:MC26094924,4842 Mari Cruz,Merced,95348,481417,3,2,1854,5923,2026,Single Family Residential,Active,2026-05-01,37.358982,-120.478524,https://www.redfin.com/CA/Merced/4842-Mari-Cruz-Ln-95348/home/196426147,redfin
2026-09-16,mls:MC26159854,4861 Langley,Merced,95348,475000,3,2,1928,8708,2015,Single Family Residential,Active,2026-07-28,37.3586468,-120.4716258,https://www.redfin.com/CA/Merced/4861-Langley-Way-95348/home/28950816,redfin
2026-09-16,mls:MC26177603,4866 Mari Cruz Ln,Merced,95348,516548,4,3,2203,5839,2026,Single Family Residential,Active,2026-08-13,37.359204,-120.478255,https://www.redfin.com/CA/Merced/4866-Mari-Cruz-Ln-95348/home/204576604,redfin
2026-09-16,mls:MC26182718,4869 Langley Way,Merced,95348,535000,5,2.5,2288,6903,2015,Single Family Residential,Active,2026-08-20,37.3590131,-120.4716565,https://www.redfin.com/CA/Merced/4869-Langley-Way-95348/home/28950822,redfin
2026-09-16,mls:MC26177584,4882 Mari Cruz Ln,Merced,95348,485789,4,3,1750,8042,2026,Single Family Residential,Active,2026-08-13,37.359382,-120.477905,https://www.redfin.com/CA/Merced/4882-Mari-Cruz-Ln-95348/home/204576504,redfin
2026-09-16,mls:MC26169759,5082 Palisade,Merced,95348,419999,4,2.5,1687,2116,2023,Single Family Residential,Active,2026-08-25,37.3625801,-120.46905,https://www.redfin.com/CA/Merced/5082-Palisade-Ave-95348/home/28952312,redfin
2026-09-16,mls:MC26172479,52 Sedona Dr,Merced,95341,419999,4,3,1836,3200,2026,Single Family Residential,Active,2026-08-06,37.274382,-120.484204,https://www.redfin.com/CA/Merced/52-Sedona-Dr-95341/home/180787881,redfin
2026-09-16,mls:MC26190483,52 W 25th,Merced,95340,239000,2,1,830,7500,1939,Single Family Residential,Active,2026-08-31,37.3068829,-120.4725298,https://www.redfin.com/CA/Merced/52-W-25th-St-95340/home/19691446,redfin
2026-09-16,mls:MC26119524,523 Barcelona Ct,Merced,95341,396000,4,2.5,1999,3485,2023,Single Family Residential,Active,2026-06-02,37.276891,-120.4841532,https://www.redfin.com/CA/Merced/523-Barcelona-Ct-95341/home/28951740,redfin
2026-09-16,mls:MC26183832,537 Alfarata Blvd,Merced,95341,399900,4,2,1732,5970,2006,Single Family Residential,Active,2026-08-21,37.2799467,-120.4378632,https://www.redfin.com/CA/Merced/537-Alfarata-Blvd-95341/home/19652525,redfin
2026-09-16,mls:MC22138199,5771 N Siena Ave,Merced,95340,265000,,,,43560,,Vacant Land,Active,2022-06-24,37.372404,-120.467821,https://www.redfin.com/CA/Merced/5771-N-Siena-Ave-95340/home/28949515,redfin
2026-09-16,mls:MC26162775,5820 N Siena Ave,Merced,95340,699000,,,,87120,,Vacant Land,Active,2026-07-25,37.372923,-120.466926,https://www.redfin.com/CA/Merced/5820-N-Siena-Ave-95340/home/28949517,redfin
2026-09-16,mls:226046872,5825 N Casa Sonada Ct,Merced,95340,285000,,,,43560,,Vacant Land,Active,2026-04-15,37.3732349,-120.4647476,https://www.redfin.com/CA/Merced/5825-N-Casa-Sonada-Ct-95340/home/168647420,redfin
2026-09-16,mls:MC26084705,5829 N Casa Sonada Ct,Merced,95340,300000,,,,43560,,Vacant Land,Active,2026-04-20,37.3737132,-120.464331,https://www.redfin.com/CA/Merced/5829-N-Casa-Sonada-Ct-95340/home/168647421,redfin
2026-09-16,mls:MC26084709,5830 N Rio Bonito Ct,Merced,95340,300000,,,,44431,,Vacant Land,Active,2026-04-20,37.373254,-120.462652,https://www.redfin.com/CA/Merced/5830-N-Rio-Bonito-Ct-95340/home/168647425,redfin
2026-09-16,mls:MC26138029,59 W 27th,Merced,95340,375000,3,2,1896,7500,1981,Single Family Residential,Active,2026-08-05,37.3093528,-120.4711085,https://www.redfin.com/CA/Merced/59-W-27th-St-95340/home/19693053,redfin
2026-09-16,mls:V1-38507,594 Granada Ct,Merced,95341,429900,4,3,1999,3671,2018,Single Family Residential,Active,2026-09-02,37.2760295,-120.4850942,https://www.redfin.com/CA/Merced/594-Granada-Ct-95341/home/28951771,redfin
2026-09-16,mls:MC26182432,60 E 12th,Merced,95341,599900,8,4,3000,7504,1977,Multi-Family (2-4 Unit),Active,2026-08-19,37.2927163,-120.4780047,https://www.redfin.com/CA/Merced/60-E-12th-St-95341/home/19687380,redfin
2026-09-16,mls:MC26202372,600 Dennis Ct,Merced,95340,329000,3,2,1718,8196,1968,Single Family Residential,Active,2026-09-15,37.3134479,-120.4641366,https://www.redfin.com/CA/Merced/600-Dennis-Ct-95340/home/19702111,redfin
2026-09-16,mls:MC26167550,603 Weslie Way,Merced,95348,359037,3,2.5,1358,2200,2026,Single Family Residential,Active,2026-07-31,37.360665,-120.478211,https://www.redfin.com/CA/Merced/603-Weslie-Way-Unknown/home/203570268,redfin
2026-09-16,mls:MC26177703,613 Weslie Way,Merced,95348,393290,3,2.5,1623,3969,2026,Single Family Residential,Active,2026-08-13,37.360675,-120.478516,https://www.redfin.com/CA/Merced/613-Weslie-Way-Unknown/home/204577766,redfin
2026-09-16,mls:MC26177694,615 Weslie Way,Merced,95348,359037,3,2.5,1358,2425,2026,Single Family Residential,Active,2026-08-13,37.360679,-120.478617,https://www.redfin.com/CA/Merced/615-Weslie-Way-Unknown/home/204577717,redfin
2026-09-16,mls:MC26177647,617 Weslie Way,Merced,95348,359037,3,2.5,1358,2473,2026,Single Family Residential,Active,2026-08-13,37.360682,-120.478693,https://www.redfin.com/CA/Merced/617-Weslie-Way-Unknown/home/204577547,redfin
2026-09-16,mls:MC26177619,621 Weslie Way,Merced,95348,393290,3,2.5,1623,4244,2026,Single Family Residential,Active,2026-08-13,37.360685,-120.478795,https://www.redfin.com/CA/Merced/621-Weslie-Way-Unknown/home/204576922,redfin
2026-09-16,mls:MC26127731,626 Heitz Ct,Merced,95348,429000,4,3,1852,5661,2020,Single Family Residential,Active,2026-07-01,37.3485926,-120.4781423,https://www.redfin.com/CA/Merced/626-Heitz-Ct-95348/home/28948826,redfin
2026-09-16,mls:226052760,627 Elizabeth Ct,Merced,95341,387500,3,2,1231,5301,2024,Single Family Residential,Active,2026-05-22,37.277912,-120.493846,https://www.redfin.com/CA/Merced/627-Elizabeth-Ct-95341/home/180787387,redfin
2026-09-16,mls:MC26163276,63 Maia Ct,Merced,95341,459000,4,2.5,1945,4595,2007,Single Family Residential,Active,2026-07-31,37.2890444,-120.4270611,https://www.redfin.com/CA/Merced/63-Maia-Ct-95341/home/19656885,redfin
2026-09-16,mls:MC26168622,630 Andrea,Merced,95348,410000,3,2,1616,4897,2020,Single Family Residential,Active,2026-08-03,37.3493336,-120.4782911,https://www.redfin.com/CA/Merced/630-Andrea-Dr-95348/home/168649010,redfin
2026-09-16,mls:MC26146533,636 W 25th,Merced,95340,330000,2,1,1056,7500,1949,Single Family Residential,Active,2026-07-06,37.3100838,-120.4811936,https://www.redfin.com/CA/Merced/636-W-25th-St-95340/home/19693007,redfin
2026-09-16,mls:MC26148395,654-- 658 W Yosemite,Merced,95348,499000,4,4,2378,6841,1984,Multi-Family (2-4 Unit),Active,2026-07-29,37.3318577,-120.4798624,https://www.redfin.com/CA/Merced/654-W-Yosemite-Ave-95348/home/19668082,redfin
2026-09-16,mls:MC26183806,670 Elizabeth Ct,Merced,95341,405000,4,2,1509,6118,2024,Single Family Residential,Active,2026-08-21,37.27745,-120.494384,https://www.redfin.com/CA/Merced/670-Elizabeth-Ct-95341/home/180787393,redfin
2026-09-16,mls:MC26163641,677 Mackenzie Ct,Merced,95341,379900,3,2,1000,4998,2024,Single Family Residential,Active,2026-07-27,37.2792618,-120.4943634,https://www.redfin.com/CA/Merced/677-Mackenzie-Ct-95341/home/180787315,redfin
2026-09-16,mls:MC26106631,684 Skyler Ln Unit 69 B2,Merced,95348,439990,4,2,1509,5830,2026,Single Family Residential,Active,2026-07-19,37.3586629,-120.4807985,https://www.redfin.com/CA/Merced/684-Skyler-Ln-95348/unit-69-B2/home/201858480,redfin
2026-09-16,mls:MC24096982,6922 G St,Merced,95340,3599999,2,3,6300,2964258,1982,Single Family Residential,Active,2024-05-16,37.3891143,-120.4663615,https://www.redfin.com/CA/Merced/6922-G-St-95340/home/187852220,redfin
2026-09-16,mls:MC26111249,693 Cadiz Ave,Merced,95341,450900,4,2.5,2182,3744,2022,Single Family Residential,Active,2026-05-22,37.274742,-120.48485,https://www.redfin.com/CA/Merced/693-Cadiz-Ave-95341/home/180787922,redfin
2026-09-16,mls:41148105,698 Keng Ct,Merced,95341,410000,3,2,1214,6838,2024,Single Family Residential,Active,2026-09-11,37.2802099,-120.494785,https://www.redfin.com/CA/Merced/698-Keng-Ct-95341/home/186321375,redfin
2026-09-16,mls:MC26183512,698 Roberts Ct,Merced,95340,475000,4,2,1900,12610,1967,Single Family Residential,Active,2026-09-01,37.3112846,-120.4628734,https://www.redfin.com/CA/Merced/698-Roberts-Ct-95340/home/19702775,redfin
2026-09-16,mls:226035968,7044 Hwy 59 & Sandy Mush Rd,Merced,95340,399000,,,,1001880,,Vacant Land,Active,2026-03-25,37.3145748,-120.4687351,https://www.redfin.com/CA/Merced/59-Sandy-Ln-95340/home/19703233,redfin
2026-09-16,mls:MC26008284,71 Tyler Rd,Merced,95341,1199000,,,,392040,,Vacant Land,Active,2026-01-13,37.2869741,-120.4703556,https://www.redfin.com/CA/Merced/71-Tyler-Rd-95341/home/194153528,redfin
2026-09-16,mls:MC26189059,713 Stone Ridge West Ave,Merced,95341,344140,3,2.5,1358,1649,2026,Single Family Residential,Active,2026-08-28,37.2768573,-120.4808773,https://www.redfin.com/CA/Merced/713-Stone-Ridge-West-Ave-95341/home/196426217,redfin
2026-09-16,mls:MC26053673,714 Dean Ct,Merced,95341,399900,3,2,1214,5200,2023,Single Family Residential,Active,2026-03-11,37.2788436,-120.4953763,https://www.redfin.com/CA/Merced/714-Dean-Ct-95341/home/180787328,redfin
2026-09-16,mls:MC26152873,714 Suzanne,Merced,95348,440000,3,2,1435,5065,2021,Single Family Residential,Active,2026-07-30,37.3512045,-120.4806199,https://www.redfin.com/CA/Merced/714-Suzanne-Dr-95348/home/172360276,redfin
2026-09-16,mls:226038701,72 E 12th St,Merced,95341,650000,6,4,3002,7505,1976,Multi-Family (5+ Unit),Active,2026-05-20,37.2926913,-120.4778409,https://www.redfin.com/CA/Merced/72-E-12th-St-95341/home/19687379,redfin
2026-09-16,mls:MC26013670,724 Robin Dr,Merced,95340,579900,5,3,2021,10109,1997,Single Family Residential,Active,2026-02-11,37.3369707,-120.4617846,https://www.redfin.com/CA/Merced/724-Robin-Dr-95340/home/19661373,redfin
2026-09-16,mls:MC26181900,725 Stone Ridge West Ave,Merced,95341,374750,3,2.5,1623,2774,2026,Single Family Residential,Active,2026-08-19,37.27672,-120.4808686,https://www.redfin.com/CA/Merced/725-Stone-Ridge-West-Ave-95341/home/196426220,redfin
2026-09-16,mls:MP26164276,726 Skyler Ct,Merced,95348,439000,3,2,1435,5269,2026,Single Family Residential,Active,2026-07-28,37.358728,-120.481646,https://www.redfin.com/CA/Merced/726-Skyler-Ln-95348/home/196426122,redfin
2026-09-16,mls:MC26094809,732 Stone Ridge East Ave,Merced,95341,328540,2,2.5,1259,1652,2026,Single Family Residential,Active,2026-09-10,37.2751972,-120.4843636,https://www.redfin.com/CA/Merced/732-Stone-Ridge-East-Ave-95341/home/196426251,redfin
2026-09-16,mls:MC26095163,733 Marshall Ct,Merced,95348,445000,3,2,1620,5611,2026,Single Family Residential,Active,2026-05-01,37.35993,-120.481585,https://www.redfin.com/CA/Merced/733-Marshall-Ct-95348/home/201673758,redfin
2026-09-16,mls:226083180,733 Newton Ct,Merced,95348,450000,5,2.5,1919,5502,2020,Single Family Residential,Active,2026-06-30,37.3481419,-120.4808294,https://www.redfin.com/CA/Merced/733-Newton-Ct-95348/home/28948811,redfin
2026-09-16,mls:FR26190233,736 W 9th,Merced,95341,289900,2,1,776,7500,1948,Single Family Residential,Active,2026-08-31,37.2943979,-120.4921153,https://www.redfin.com/CA/Merced/736-W-9th-St-95341/home/19690132,redfin
2026-09-16,mls:MC26027458,738 Skyler Ct,Merced,95348,445000,3,2,1620,5300,2026,Single Family Residential,Active,2026-03-10,37.358728,-120.481818,https://www.redfin.com/CA/Merced/738-Skyler-Ln-95348/home/196426123,redfin
2026-09-16,mls:226092145,747 Marcus Ct,Merced,95341,385000,3,2,1443,5001,2022,Single Family Residential,Active,2026-07-24,37.2799617,-120.4959358,https://www.redfin.com/CA/Merced/747-Marcus-Ct-95341/home/179425220,redfin
2026-09-16,mls:cmpmoqogk10nys6015tvoig1e,751 Yosemite Pkwy,Merced,95340,250000,3,1,1036,,1959,Unknown,Active,2026-05-26,37.2955401,-120.4653358,https://www.redfin.com/CA/Merced/751-Yosemite-Pkwy-95340/home/19687728,redfin
2026-09-16,mls:MC26185562,756 Brianne Ct,Merced,95341,399999,3,2,1214,5175,2021,Single Family Residential,Active,2026-08-24,37.2825904,-120.4960306,https://www.redfin.com/CA/Merced/756-Brianne-Ct-95341/home/176247864,redfin
2026-09-16,mls:MC26001848,756 Crist,Merced,95341,105000,,,,14894,,Vacant Land,Active,2026-01-05,37.2936235,-120.4685564,https://www.redfin.com/CA/Merced/756-Crist-Ave-95341/home/19687412,redfin
2026-09-16,mls:MC26009493,767 Taryn Ct,Merced,95341,340000,3,2,1000,5433,2020,Single Family Residential,Active,2026-03-17,37.2843948,-120.4961734,https://www.redfin.com/CA/Merced/767-Taryn-Ct-95341/home/172356595,redfin
2026-09-16,mls:MC26073213,789 Yosemite,Merced,95340,299999,3,1,1032,7500,1953,Single Family Residential,Active,2026-05-26,37.295444,-120.4651341,https://www.redfin.com/CA/Merced/789-Yosemite-Pkwy-95340/home/19687612,redfin
2026-09-16,mls:226081813,794 Dean Ct,Merced,95341,455000,4,2,1862,7000,2023,Single Family Residential,Active,2026-06-26,37.2788084,-120.4967438,https://www.redfin.com/CA/Merced/794-Dean-Ct-95341/home/180787335,redfin
2026-09-16,mls:MC25254770,835 W 10th St,Merced,95341,145000,,,,14536,,Vacant Land,Active,2025-11-05,37.2963738,-120.4927217,https://www.redfin.com/CA/Merced/835-W-10th-St-95341/home/183226295,redfin
2026-09-16,mls:MC25202610,84 Jack Ct,Merced,95341,379000,4,2.5,1945,4595,2007,Single Family Residential,Active,2025-11-12,37.2893222,-120.4274259,https://www.redfin.com/CA/Merced/84-Jack-Ct-95341/home/19657494,redfin
2026-09-16,mls:226089232,847 Kelsey Ct,Merced,95348,615000,4,3,2280,10277,2023,Single Family Residential,Active,2026-07-15,37.3537928,-120.4837813,https://www.redfin.com/CA/Merced/847-Kelsey-Ct-95348/home/180787459,redfin
2026-09-16,mls:MC26133869,86 Sedona,Merced,95341,445000,4,2.5,2182,3199,2022,Single Family Residential,Active,2026-06-19,37.2744305,-120.485051,https://www.redfin.com/CA/Merced/86-Sedona-Dr-95341/home/180787875,redfin
2026-09-16,mls:MC26148980,864 E Childs,Merced,95341,2190000,,,,871200,,Vacant Land,Active,2026-07-10,37.2875663,-120.4660284,https://www.redfin.com/CA/Merced/864-E-Childs-Ave-95341/home/188876508,redfin
2026-09-16,mls:MC26041835,890 Barney,Merced,95340,299000,2,1,1233,6075,1951,Single Family Residential,Active,2026-05-06,37.3009501,-120.4613226,https://www.redfin.com/CA/Merced/890-Barney-St-95340/home/19687980,redfin
2026-09-16,mls:MC25242208,902 W 20th St,Merced,95340,345000,2,1,1378,7368,1917,Single Family Residential,Active,2025-10-17,37.3065016,-120.4880009,https://www.redfin.com/CA/Merced/902-W-20th-St-95340/home/19691004,redfin
2026-09-16,mls:MC25252460,915 R St,Merced,95341,325000,3,1,1232,5391,1930,Single Family Residential,Active,2025-11-02,37.2968727,-120.497309,https://www.redfin.com/CA/Merced/915-R-St-95341/home/19690941,redfin
2026-09-16,mls:242694,929 W 6th St,Merced,95341,625500,5,3,2300,6200,2026,Single Family Residential,Active,2026-07-06,37.2929392,-120.4963773,https://www.redfin.com/CA/Merced/929-W-6th-St-95341/home/189156477,redfin
2026-09-16,mls:651525,929 W 6th St #2,Merced,95341,625500,5,2.75,2298,6198,2026,Multi-Family (2-4 Unit),Active,2026-07-06,37.2929392,-120.4963773,https://www.redfin.com/CA/Merced/929-W-6th-St-95341/unit-2/home/202660811,redfin
2026-09-16,mls:226004168,930 W 23rd St,Merced,95340,295000,2,1,912,7501,1940,Single Family Residential,Active,2026-01-23,37.309677,-120.4867814,https://www.redfin.com/CA/Merced/930-W-23rd-St-95340/home/19692025,redfin
2026-09-16,mls:MC25270339,965 N Bryant Ct,Merced,95341,190000,,,,47916,,Vacant Land,Active,2025-12-03,37.300171,-120.520387,https://www.redfin.com/CA/Merced/965-N-Bryant-Ct-95341/home/49858867,redfin
2026-09-16,mls:55E1FC816993,Adams Plan,Merced,95348,455490,4,2,1509,,,Single Family Residential,Active,2025-07-30,37.35757827758789,-120.47850036621094,https://www.redfin.com/CA/Merced/Merced/Adams/home/196689296,redfin
2026-09-16,mls:BEC68E49FC28,Coolidge Plan,Merced,95341,461490,4,3,1842,,,Single Family Residential,Active,2026-04-09,37.284751892089844,-120.43229675292969,https://www.redfin.com/CA/Merced/Merced/Coolidge/home/196730179,redfin
2026-09-16,mls:910CCC4449B9,Coolidge Plan,Merced,95348,482490,4,3,1842,,,Single Family Residential,Active,2025-07-30,37.35757827758789,-120.47850036621094,https://www.redfin.com/CA/Merced/Merced/Coolidge/home/196689029,redfin
2026-09-16,mls:ACB25E048A12,Grayson Plan,Merced,95341,424990,3,2,1290,,,Single Family Residential,Active,2025-08-15,37.2918983,-120.4266809,https://www.redfin.com/CA/Merced/Merced/Grayson/home/197150413,redfin
2026-09-16,mls:FDD583518435,Lanner Plan,Merced,95341,498990,4,2.5,1924,,,Single Family Residential,Active,2026-04-02,37.291656,-120.42655,https://www.redfin.com/CA/Merced/Merced/Lanner/home/201094597,redfin
2026-09-16,mls:ED6468F7B4C8,Lark Plan,Merced,95348,473490,4,2,1509,,,Single Family Residential,Active,2025-05-29,37.35757827758789,-120.47850036621094,https://www.redfin.com/CA/Merced/Merced/Lark/home/195942202,redfin
2026-09-16,mls:15061A6A2B6D,Mountain Top II Plan,Merced,95348,509000,5,3,1890,,,Single Family Residential,Active,2025-08-18,37.3615146,-120.4694483,https://www.redfin.com/CA/Merced/Merced/Mountain-Top-II/home/190509865,redfin
2026-09-16,mls:874769B64FE6,Skyview II Plan,Merced,95348,479000,4,2.5,1824,,,Single Family Residential,Active,2025-08-17,37.3615146,-120.4694483,https://www.redfin.com/CA/Merced/Merced/Skyview-II/home/190509863,redfin
2026-09-16,mls:BF6DF43CAE31,The Adelina Plan,Merced,95341,397838,3,2,1403,,,Single Family Residential,Active,2025-10-26,37.2862897,-120.4304902,https://www.redfin.com/CA/Merced/Merced/The-Adelina/home/198798410,redfin
2026-09-16,mls:AB628F81CA4C,The Ashington Plan,Merced,95348,465600,4,3,1750,,,Single Family Residential,Active,2025-11-02,37.3582045,-120.4809235,https://www.redfin.com/CA/Merced/Merced/The-Ashington/home/198836475,redfin
2026-09-16,mls:7544A213B692,The Ashington Plan,Merced,95341,438700,4,3,1750,,,Single Family Residential,Active,2025-10-26,37.2862897,-120.4304902,https://www.redfin.com/CA/Merced/Merced/The-Ashington/home/198798406,redfin
2026-09-16,mls:33109F27E8B2,The Caledonia Plan,Merced,95348,480600,4,3,1969,,,Single Family Residential,Active,2025-12-20,37.3582045,-120.4809235,https://www.redfin.com/CA/Merced/Merced/The-Caledonia/home/199743228,redfin
2026-09-16,mls:3335387E8898,The Carmelo Plan,Merced,95341,391874,3,2,1500,,,Single Family Residential,Active,2025-07-31,37.2917052,-120.4288446,https://www.redfin.com/CA/Merced/Merced/The-Carmelo/home/196756198,redfin
2026-09-16,mls:C841C396BC54,The Cascade Plan,Merced,95348,436368,3,2,1620,,,Single Family Residential,Active,2025-11-06,37.3582045,-120.4809235,https://www.redfin.com/CA/Merced/Merced/The-Cascade/home/198909838,redfin
2026-09-16,mls:2BB8EC88400D,The Cascade Plan,Merced,95341,421000,3,2,1620,,,Single Family Residential,Active,2025-10-26,37.2862897,-120.4304902,https://www.redfin.com/CA/Merced/Merced/The-Cascade/home/198798409,redfin
2026-09-16,mls:DECD7A7C0493,The Florencia Plan,Merced,95348,569600,5,3,2752,,,Single Family Residential,Active,2025-11-06,37.3582045,-120.4809235,https://www.redfin.com/CA/Merced/Merced/The-Florencia/home/198918663,redfin
2026-09-16,mls:EB4F2420027D,The Haven Plan,Merced,95341,362250,3,2.5,1623,,,Townhouse,Active,2025-10-13,37.2766279,-120.4806608,https://www.redfin.com/CA/Merced/Merced/The-Haven/home/198576924,redfin
2026-09-16,mls:C5D14AA59F41,The Kelsey Plan,Merced,95341,309900,2,2.5,1259,,,Townhouse,Active,2025-10-13,37.2766279,-120.4806608,https://www.redfin.com/CA/Merced/Merced/The-Kelsey/home/198576925,redfin
2026-09-16,mls:581E257A65CE,The Monterey Plan,Merced,95348,489600,4,2,1960,,,Single Family Residential,Active,2025-12-20,37.3582045,-120.4809235,https://www.redfin.com/CA/Merced/Merced/The-Monterey/home/199743230,redfin
2026-09-16,mls:7EE60E243966,The Monterey Plan,Merced,95341,471550,4,2,1960,,,Single Family Residential,Active,2025-10-27,37.2862897,-120.4304902,https://www.redfin.com/CA/Merced/Merced/The-Monterey/home/198798429,redfin
2026-09-16,mls:43516D609CFC,The Rainier Plan,Merced,95348,404900,3,2,1435,,,Single Family Residential,Active,2025-11-06,37.3582045,-120.4809235,https://www.redfin.com/CA/Merced/Merced/The-Rainier/home/198918611,redfin
2026-09-16,mls:C66618349959,The Santa Cruz Plan,Merced,95348,479600,4,3,1810,,,Single Family Residential,Active,2025-12-20,37.3582045,-120.4809235,https://www.redfin.com/CA/Merced/Merced/The-Santa-Cruz/home/199743229,redfin
2026-09-16,mls:35E70551F97C,The Santa Cruz Plan,Merced,95341,465200,4,3,1810,,,Single Family Residential,Active,2025-10-26,37.2862897,-120.4304902,https://www.redfin.com/CA/Merced/Merced/The-Santa-Cruz/home/198798407,redfin
2026-09-16,mls:91E012AEF7B7,The Shasta Plan,Merced,95348,479230,4,3,2207,,,Single Family Residential,Active,2025-11-02,37.3582045,-120.4809235,https://www.redfin.com/CA/Merced/Merced/The-Shasta/home/198836473,redfin
2026-09-16,mls:414BA255B8B4,The Sierra Plan,Merced,95341,325500,3,2.5,1358,,,Townhouse,Active,2025-10-13,37.2766279,-120.4806608,https://www.redfin.com/CA/Merced/Merced/The-Sierra/home/198576923,redfin
2026-09-16,mls:347EB8F16713,The Teton Plan,Merced,95348,470600,3,2,1854,,,Single Family Residential,Active,2025-11-06,37.3582045,-120.4809235,https://www.redfin.com/CA/Merced/Merced/The-Teton/home/198918058,redfin
2026-09-16,mls:DBF11679A93F,The Tolosa Plan,Merced,95341,483361,4,2,2392,,,Single Family Residential,Active,2025-10-13,37.2917052,-120.4288446,https://www.redfin.com/CA/Merced/Merced/The-Tolosa/home/198576922,redfin
2026-09-17,mls:226043198,0 Fruitland & Orchard Park Ave,Atwater,95301,1500000,,,,1337292,,Vacant Land,Active,2026-04-09,37.3626644,-120.5957832,https://www.redfin.com/CA/Atwater/0-Fruitland-Ave-95301/home/183517590,redfin
2026-09-17,mls:MC22098863,0 Green Sands Ave,Atwater,95301,720000,,,,45738,,Vacant Land,Active,2022-05-13,37.338095,-120.576147,https://www.redfin.com/CA/Atwater/Green-Sands-Ave-95301/home/179404945,redfin
2026-09-17,mls:MC26107959,1 Gurr Rd,Atwater,95301,425000,,,,213880,,Vacant Land,Active,2026-05-19,37.32537,-120.557565,https://www.redfin.com/CA/Atwater/1-Gurr-RD-95301/home/198748593,redfin
2026-09-17,mls:MC26025984,1 W Belcher Ave,Atwater,95348,290000,,,,54886,,Vacant Land,Active,2026-02-05,37.338472,-120.544579,https://www.redfin.com/CA/Atwater/1-W-Belcher-Ave-95301/home/200353831,redfin
2026-09-17,mls:MC26185791,1020 Prince William Ct,Atwater,95301,1250000,5,4.5,3632,43560,2026,Single Family Residential,Active,2026-08-25,37.3025539,-120.5839977,https://www.redfin.com/CA/Atwater/1020-Prince-William-Ct-95301/home/168648013,redfin
2026-09-17,mls:MC26125479,10366 Rose,Atwater,95301,813500,,,,1045440,,Vacant Land,Active,2026-06-10,37.324381,-120.675708,https://www.redfin.com/CA/Atwater/10366-Rose-Ave-95301/home/187905845,redfin
2026-09-17,mls:224602563,10511 White Crane Rd,Atwater,95301,1195950,,,,1751112,,Vacant Land,Active,2026-06-03,37.3160829,-120.6786226,https://www.redfin.com/CA/Atwater/10511-White-Crane-Rd-95301/home/182992353,redfin
2026-09-17,mls:MC26184825,111 Pacemaker,Atwater,95301,374999,3,2,1530,7264,1975,Single Family Residential,Active,2026-08-26,37.3532969,-120.5953379,https://www.redfin.com/CA/Atwater/111-Pacemaker-Dr-95301/home/19706647,redfin
2026-09-17,mls:MC26040384,1160 Oak Ave,Atwater,95301,325000,4,2,1595,8201,1951,Single Family Residential,Active,2026-02-24,37.3556208,-120.6030817,https://www.redfin.com/CA/Atwater/1160-Oak-Ave-95301/home/19708945,redfin
2026-09-17,mls:ML82057518,1170 Spruce,Atwater,95301,370000,3,2,1481,6240,1957,Single Family Residential,Active,2026-08-13,37.3589015,-120.6042608,https://www.redfin.com/CA/Atwater/1170-Spruce-Ave-95301/home/19709053,redfin
2026-09-17,mls:MC26115028,1319 3rd St,Atwater,95301,349900,3,1,1356,7321,1920,Single Family Residential,Active,2026-07-08,37.3485144,-120.608288,https://www.redfin.com/CA/Atwater/1319-3rd-St-95301/home/19708365,redfin
2026-09-17,mls:MC26198555,134 E Fir,Atwater,95301,295000,3,2,1425,10969,1959,Single Family Residential,Active,2026-09-11,37.3457031,-120.5946928,https://www.redfin.com/CA/Atwater/134-E-Fir-Ave-95301/home/19706101,redfin
2026-09-17,mls:MC26087176,136 Seville Ct,Atwater,95301,58000,2,1,672,,1980,Mobile/Manufactured Home,Active,2026-04-23,37.3413116,-120.5881367,https://www.redfin.com/CA/Atwater/136-Seville-Ct-95301/home/19655417,redfin
2026-09-17,mls:MC26186737,1371 Shady Cove Ave,Atwater,95301,265000,,,,43655,,Vacant Land,Active,2026-08-26,37.3074557,-120.5915332,https://www.redfin.com/CA/Atwater/1371-Shady-Cove-Ave-95301/home/168647928,redfin
2026-09-17,mls:ML82058659,1405 Tamarack Ave,Atwater,95301,325000,3,2,1386,8075,1955,Single Family Residential,Active,2026-08-22,37.3595332,-120.6073025,https://www.redfin.com/CA/Atwater/1405-Tamarack-Ave-95301/home/19708185,redfin
2026-09-17,mls:MC26164246,1420 Fairway,Atwater,95301,475000,4,2,1997,8993,1997,Single Family Residential,Active,2026-08-14,37.3453742,-120.5855426,https://www.redfin.com/CA/Atwater/1420-Fairway-Dr-95301/home/19705775,redfin
2026-09-17,mls:MC26183256,1428 Vine Cir,Atwater,95301,330000,3,1.5,1216,2880,1990,Single Family Residential,Active,2026-09-03,37.3539283,-120.6210143,https://www.redfin.com/CA/Atwater/1428-Vine-Cir-95301/home/19659569,redfin
2026-09-17,mls:MC26196306,1453 Augusta,Atwater,95301,495000,4,2,1964,7492,2001,Single Family Residential,Active,2026-09-11,37.3418612,-120.5792132,https://www.redfin.com/CA/Atwater/1453-Augusta-Ln-95301/home/19665042,redfin
2026-09-17,mls:MC26191754,1463 Juniper Ave,Atwater,95301,319000,3,1,1306,8724,1951,Single Family Residential,Active,2026-09-12,37.3544585,-120.6076816,https://www.redfin.com/CA/Atwater/1463-Juniper-Ave-95301/home/19709001,redfin
2026-09-17,mls:MC26136421,1501 Drakeley,Atwater,95301,297699,2,1,757,7116,1928,Single Family Residential,Active,2026-06-23,37.349514,-120.6110231,https://www.redfin.com/CA/Atwater/1501-Drakeley-Ave-95301/home/21887227,redfin
2026-09-17,mls:226107316,1505 Jorgensen St,Atwater,95301,389000,3,2,1333,6878,1956,Single Family Residential,Active,2026-08-27,37.3460862,-120.5935394,https://www.redfin.com/CA/Atwater/1505-Jorgensen-St-95301/home/19707009,redfin
2026-09-17,mls:226084471,1522 Vine Cir,Atwater,95301,349900,3,1.5,1216,2879,1990,Single Family Residential,Active,2026-07-08,37.3538377,-120.6212607,https://www.redfin.com/CA/Atwater/1522-Vine-Cir-95301/home/19650770,redfin
2026-09-17,mls:MC26178733,1527 Underwood,Atwater,95301,399000,3,2,1543,9005,1957,Single Family Residential,Active,2026-08-15,37.3598418,-120.6095756,https://www.redfin.com/CA/Atwater/1527-Underwood-Ave-95301/home/19708162,redfin
2026-09-17,mls:MC26176577,1536 Fir Ave,Atwater,95301,299999,3,2,1002,7232,1954,Single Family Residential,Active,2026-08-14,37.3509088,-120.6104503,https://www.redfin.com/CA/Atwater/1536-Fir-Ave-95301/home/19707972,redfin
2026-09-17,mls:MC26172461,160 Jeanna Ct,Atwater,95301,694999,4,3,2678,11325,2026,Single Family Residential,Active,2026-08-07,37.372538,-120.5937848,https://www.redfin.com/CA/Atwater/160-Jeanna-Ct-95301/home/28952238,redfin
2026-09-17,mls:MC26161061,1625 Osborn Ter,Atwater,95301,392000,3,2,1346,6628,1960,Single Family Residential,Active,2026-08-10,37.3476363,-120.5929879,https://www.redfin.com/CA/Atwater/1625-Osborn-Ter-95301/home/19707368,redfin
2026-09-17,mls:226109198,1694 Elm Ave,Atwater,95301,340000,2,2,806,6765,1938,Single Family Residential,Active,2026-08-29,37.350644,-120.6124198,https://www.redfin.com/CA/Atwater/1694-Elm-Ave-95301/home/19708326,redfin
2026-09-17,mls:CV26135510,171 ATWATER #29,Atwater,95301,120000,3,2,1390,,1989,Mobile/Manufactured Home,Active,2026-06-22,37.341906,-120.596759,https://www.redfin.com/CA/Atwater/171-Atwater-Blvd-95301/unit-29/home/19654911,redfin
2026-09-17,mls:MC26104500,1719 Liberty,Atwater,95301,325000,3,2,1110,6750,1948,Single Family Residential,Active,2026-06-28,37.3547675,-120.6164397,https://www.redfin.com/CA/Atwater/1719-Liberty-St-95301/home/19709270,redfin
2026-09-17,mls:MC26093531,1800 2nd,Atwater,95301,549900,3,2,1802,15153,1951,Single Family Residential,Active,2026-05-06,37.3519828,-120.6042363,https://www.redfin.com/CA/Atwater/1800-2nd-St-95301/home/161299203,redfin
2026-09-17,mls:MC25219261,1831 Olive Ave,Atwater,95301,325000,1,1,280,13778,1940,Single Family Residential,Active,2025-10-30,37.3493071,-120.6148542,https://www.redfin.com/CA/Atwater/1831-Olive-Ave-95301/home/19709352,redfin
2026-09-17,mls:MC26184766,1844 Sierra Madre Dr,Atwater,95301,449000,4,2,1882,7416,1979,Single Family Residential,Active,2026-09-02,37.3494335,-120.5886231,https://www.redfin.com/CA/Atwater/1844-Sierra-Madre-Dr-95301/home/19707392,redfin
2026-09-17,mls:MC26202224,1873 Grove Ave,Atwater,95301,995000,70,,4642,14496,1979,Multi-Family (5+ Unit),Active,2026-09-16,37.3536168,-120.613139,https://www.redfin.com/CA/Atwater/1873-Grove-Ave-95301/home/19708355,redfin
2026-09-17,mls:MC24152023,1883 Sycamore Ave,Atwater,95301,650000,,,,52272,,Vacant Land,Active,2024-07-25,37.3469,-120.617299,https://www.redfin.com/CA/Atwater/1883-Sycamore-Ave-95301/home/21156099,redfin
2026-09-17,mls:MC26184580,190 Kadota,Atwater,95301,450000,3,2,1709,7350,1979,Single Family Residential,Active,2026-08-23,37.350776,-120.59799,https://www.redfin.com/CA/Atwater/190-Kadota-Ave-95301/home/19706882,redfin
2026-09-17,mls:MC26147011,1917 Shasta,Atwater,95301,475000,4,2,1841,6397,2007,Single Family Residential,Active,2026-07-08,37.3467111,-120.6242317,https://www.redfin.com/CA/Atwater/1917-Shasta-Dr-95301/home/19652770,redfin
2026-09-17,mls:MC26136462,1971 Mitchell,Atwater,95301,240000,1,1,576,4262,1947,Single Family Residential,Active,2026-06-23,37.3530587,-120.6152921,https://www.redfin.com/CA/Atwater/1971-Mitchell-St-95301/home/19709243,redfin
2026-09-17,mls:MC26089924,2 Rancho Grande Cir,Atwater,95301,132000,2,2,864,,2019,Mobile/Manufactured Home,Active,2026-04-26,37.340844,-120.588071,https://www.redfin.com/CA/Atwater/2-Rancho-Grande-Cir-95301/home/185794860,redfin
2026-09-17,mls:MC26025317,2 W Belcher Ave Ave,Atwater,95348,275000,,,,44431,,Vacant Land,Active,2026-02-05,37.338379,-120.543985,https://www.redfin.com/CA/Atwater/2-W-Belcher-Ave-95301/home/200350163,redfin
2026-09-17,mls:cmrzhhmi800u1s601lhzf835k,2001 Eucalyptus St,Atwater,95301,300000,3,2,1263,,1970,Unknown,Active,2026-07-25,37.3525738,-120.6015444,https://www.redfin.com/CA/Atwater/2001-Eucalyptus-St-95301/home/19707873,redfin
2026-09-17,mls:MC26141326,2024 De La Vina Ct,Atwater,95301,489000,3,2,1728,6540,2024,Single Family Residential,Active,2026-06-30,37.3482248,-120.5689736,https://www.redfin.com/CA/Atwater/2024-De-la-Vina-Ct-95301/home/28947790,redfin
2026-09-17,mls:226092977,2039 Cambridge Dr,Atwater,95301,924950,4,2.5,2011,43560,1979,Single Family Residential,Active,2026-07-24,37.3172155,-120.5852308,https://www.redfin.com/CA/Atwater/2039-Cambridge-Dr-95301/home/19706483,redfin
2026-09-17,mls:226068921,2275 5th St,Atwater,95301,449000,3,2.5,1981,9561,1955,Single Family Residential,Active,2026-06-04,37.3566224,-120.6062774,https://www.redfin.com/CA/Atwater/2275-5th-St-95301/home/19709061,redfin
2026-09-17,mls:MC25147391,2294 Olive Ave,Atwater,95301,55000,,,,13966,,Vacant Land,Active,2025-07-02,37.3514598,-120.6208716,https://www.redfin.com/CA/Atwater/2294-Olive-Ave-95301/home/19709111,redfin
2026-09-17,mls:MC26114023,2350 Angelus Ct,Atwater,95301,439900,3,2,1609,12070,1976,Single Family Residential,Active,2026-06-10,37.3576477,-120.614814,https://www.redfin.com/CA/Atwater/2350-Angelus-Ct-95301/home/19708819,redfin
2026-09-17,mls:MC26051388,2355 Atwater Blvd Spc 22,Atwater,95301,55000,3,2,840,,2016,Mobile/Manufactured Home,Active,2026-03-12,37.3507817,-120.6214714,https://www.redfin.com/CA/Atwater/2355-Atwater-Blvd-95301/unit-22/home/172361410,redfin
2026-09-17,mls:cmtj7o0m6031rs6013ev0ioz8,2412 Brodalski St,Atwater,95301,410000,3,2,1840,,1981,Unknown,Active,2026-09-02,37.3606617,-120.6193387,https://www.redfin.com/CA/Atwater/2412-Brodalski-St-95301/home/19669346,redfin
2026-09-17,mls:MC26183608,2480 Boulder Dr,Atwater,95301,535000,4,2,2060,8472,2008,Single Family Residential,Active,2026-08-22,37.3573351,-120.5866815,https://www.redfin.com/CA/Atwater/2480-Boulder-Dr-95301/home/19651866,redfin
2026-09-17,mls:MC26163242,249 Live Oak,Atwater,95301,465000,4,2,1876,10445,1989,Single Family Residential,Active,2026-07-28,37.3674341,-120.5979875,https://www.redfin.com/CA/Atwater/249-Live-Oak-Dr-95301/home/19669122,redfin
2026-09-17,mls:MC26141523,2731 Yosemite Ct,Atwater,95301,424900,4,2,1546,6599,1988,Single Family Residential,Active,2026-07-16,37.369276,-120.6248468,https://www.redfin.com/CA/Atwater/2731-Yosemite-Ct-95301/home/19668838,redfin
2026-09-17,mls:226095283,2755 Atwater Blvd Unit G,Atwater,95301,59000,2,1,601,,1977,Mobile/Manufactured Home,Active,2026-07-30,37.3530085,-120.6278709,https://www.redfin.com/CA/Atwater/2755-Atwater-Blvd-95301/unit-G/home/191959108,redfin
2026-09-17,mls:MC26187407,2788 Herrod,Atwater,95301,895000,3,2,2394,47916,1987,Single Family Residential,Active,2026-08-28,37.3282279,-120.5920045,https://www.redfin.com/CA/Atwater/2788-Herrod-Ave-95301/home/19705025,redfin
2026-09-17,mls:MC26152667,2850 Woodbury Ct,Atwater,95301,799901,3,2,1863,47916,1989,Single Family Residential,Active,2026-07-18,37.3292323,-120.5823632,https://www.redfin.com/CA/Atwater/2850-Woodbury-Ct-95301/home/19705301,redfin
2026-09-17,mls:MC26118530,2869 Hillcrest St,Atwater,95301,439000,3,2,1623,6819,1974,Single Family Residential,Active,2026-07-03,37.3620778,-120.6103928,https://www.redfin.com/CA/Atwater/2869-Hillcrest-St-95301/home/19669067,redfin
2026-09-17,mls:MC26200202,3369 Lighthouse Ct,Atwater,95301,525000,4,3,2442,7187,1991,Single Family Residential,Active,2026-09-13,37.3690061,-120.5986042,https://www.redfin.com/CA/Atwater/3369-Lighthouse-Ct-95301/home/19668649,redfin
2026-09-17,mls:MC26187134,3370 Harness Dr,Atwater,95301,539900,4,2.5,2375,6800,2006,Single Family Residential,Active,2026-08-28,37.3697202,-120.6002666,https://www.redfin.com/CA/Atwater/3370-Harness-Dr-95301/home/19658536,redfin
2026-09-17,mls:MC26061429,3379 Lighthouse Ct,Atwater,95301,249900,,,,7790,,Vacant Land,Active,2026-03-21,37.3691893,-120.5986279,https://www.redfin.com/CA/Atwater/3379-Lighthouse-Ct-95301/home/200957298,redfin
2026-09-17,mls:MC26102154,3650 Santa Fe,Atwater,95301,399000,,,,121968,,Vacant Land,Active,2026-05-12,37.3415852,-120.5414649,https://www.redfin.com/CA/Atwater/3650-N-Santa-Fe-Ave-95301/home/19655352,redfin
2026-09-17,mls:226111837,456 Elm,Atwater,95301,320000,3,1,1299,7649,1952,Single Family Residential,Active,2026-09-05,37.3457724,-120.5996582,https://www.redfin.com/CA/Atwater/456-Elm-Ave-95301/home/19707284,redfin
2026-09-17,mls:MC25260738,474 Aaron Ct,Atwater,95301,699900,4,3,2412,11000,2025,Single Family Residential,Active,2025-11-15,37.373416,-120.6014311,https://www.redfin.com/CA/Atwater/474-Aaron-Ct-95301/home/28947469,redfin
2026-09-17,mls:MC26146741,485 Windmill Ct,Atwater,95301,565000,4,2.5,2297,7079,2017,Single Family Residential,Active,2026-07-07,37.3703282,-120.6015627,https://www.redfin.com/CA/Atwater/485-Windmill-Ct-95301/home/28947233,redfin
2026-09-17,mls:MC25225932,4910-4910 Clover Ave,Atwater,95301,1100000,,,,125463,,Vacant Land,Active,2025-09-26,37.336971,-120.5754416,https://www.redfin.com/CA/Atwater/4910-Clover-Ave-95301/home/21627334,redfin
2026-09-17,mls:226108306,5200 Crest #49,Atwater,95301,109990,3,2,900,,2026,Mobile/Manufactured Home,Active,2026-08-28,37.3628637,-120.585355,https://www.redfin.com/CA/Atwater/5200-Crest-Rd-95301/unit-49/home/19655596,redfin
2026-09-17,mls:MC26154508,5200 Crest Rd #91,Atwater,95301,72999,3,1,828,,1979,Mobile/Manufactured Home,Active,2026-07-16,37.3628637,-120.585355,https://www.redfin.com/CA/Atwater/5200-Crest-Rd-95301/unit-91/home/168650464,redfin
2026-09-17,mls:MC26194960,5548 Fleming Rd,Atwater,95301,749999,3,2,2000,43560,1986,Single Family Residential,Active,2026-09-06,37.3295125,-120.5870909,https://www.redfin.com/CA/Atwater/5548-Fleming-Rd-95301/home/19705056,redfin
2026-09-17,mls:226112186,701 Palmer Pl,Atwater,95301,409900,3,2,1553,6172,1999,Single Family Residential,Active,2026-09-08,37.3385783,-120.5847579,https://www.redfin.com/CA/Atwater/701-Palmer-Pl-95301/home/19705383,redfin
2026-09-17,mls:MC26096434,729 Mulberry Ave,Atwater,95301,395000,3,2,1692,7800,1957,Single Family Residential,Active,2026-05-05,37.353723,-120.5996942,https://www.redfin.com/CA/Atwater/729-Mulberry-Ave-95301/home/19707210,redfin
2026-09-17,mls:MC26187985,75 Rancho Grande Cir,Atwater,95301,90000,3,2,1080,,1986,Mobile/Manufactured Home,Active,2026-08-30,37.3432533,-120.5869225,https://www.redfin.com/CA/Atwater/75-Rancho-Grande-Cir-95301/home/19655409,redfin
2026-09-17,mls:MC26180099,8191 Sunset,Atwater,95301,689000,3,2.5,2236,47916,1967,Single Family Residential,Active,2026-08-18,37.3381526,-120.636439,https://www.redfin.com/CA/Atwater/8191-Sunset-Dr-95301/home/19684176,redfin
2026-09-17,mls:MC26197829,8753 Rose Ave,Atwater,95301,78000,4,2,1452,1000,1998,Mobile/Manufactured Home,Active,2026-09-16,37.3220994,-120.6458582,https://www.redfin.com/CA/Atwater/8753-Rose-Ave-95301/home/172361425,redfin
2026-09-17,mls:226116132,8766 Longview Rd,Atwater,95301,1250000,3,2,1901,548856,1978,Single Family Residential,Active,2026-09-16,37.3534837,-120.6469987,https://www.redfin.com/CA/Atwater/8766-Longview-Rd-95301/home/196422114,redfin
2026-09-17,mls:653895,920 Travertine Way,Atwater,95301,505000,4,3,2310,6298,2017,Single Family Residential,Active,2026-09-01,37.356139,-120.5850406,https://www.redfin.com/CA/Atwater/920-Travertine-Way-95301/home/28947812,redfin
2026-09-17,mls:225082922,0 - 1/2 E Mission Ave,Merced,95341,2812500,,,,980100,,Vacant Land,Active,2025-06-22,37.273919,-120.4849237,https://www.redfin.com/CA/Merced/1-E-Mission-Ave-95341/home/196148474,redfin
2026-09-17,mls:MC26188109,0 Cabot Ave,Merced,95348,105000,,,,7440,,Vacant Land,Active,2026-08-28,37.31748,-120.524582,https://www.redfin.com/CA/Merced/Cabot-Ave-95348/home/205219350,redfin
2026-09-17,mls:MC26156234,0 Dunn Rd,Merced,95340,185000,,,,68824,,Vacant Land,Active,2026-08-01,37.340409,-120.435645,https://www.redfin.com/CA/Merced/Dunn-Rd-95340/home/104256713,redfin
2026-09-17,mls:MC25255724,0 E North Bear Creek Dr,Merced,95340,2280000,,,,162043,,Vacant Land,Active,2025-11-08,37.3098622,-120.4690825,https://www.redfin.com/CA/Merced/0-E-North-Bear-Creek-Dr-95340/home/198946738,redfin
2026-09-17,mls:MC26187045,0 Franklin Rd,Merced,95348,749900,,,,20817,,Vacant Land,Active,2026-08-27,37.323221,-120.540449,https://www.redfin.com/CA/Merced/Franklin-Rd-95348/home/104246777,redfin
2026-09-17,mls:MC25135004,0 Henry St,Merced,95341,1870000,,,,651657,,Vacant Land,Active,2025-06-18,37.270386,-120.450522,https://www.redfin.com/CA/Merced/Henry-St-95341/home/196428748,redfin
2026-09-17,mls:MC25253995,0 Kibby,Merced,95340,222000,,,,43560,,Vacant Land,Active,2025-11-06,37.3052,-120.414692,https://www.redfin.com/CA/Merced/Kibby-Rd-95340/home/198874981,redfin
2026-09-17,mls:MC26181963,0 Massasso,Merced,95348,125000,,,,13860,,Vacant Land,Active,2026-08-24,37.297305,-120.514048,https://www.redfin.com/CA/Merced/Massasso-St-95341/home/40000091,redfin
2026-09-17,mls:MC25134922,0 Mission Ave,Merced,95341,2812500,,,,980100,,Vacant Land,Active,2025-06-18,37.2732983,-120.4858775,https://www.redfin.com/CA/Merced/0-E-Mission-Ave-95341/home/196428730,redfin
2026-09-17,mls:MC26182133,0 S P St,Merced,95340,150000,,,,74052,,Vacant Land,Active,2026-08-20,37.2881933,-120.498403,https://www.redfin.com/CA/Merced/0-S-P-St-95341/home/204651464,redfin
2026-09-17,mls:MC21265605,0 Stretch St,Merced,95340,2650000,,,,1785960,,Vacant Land,Active,2022-01-20,37.298527,-120.444069,https://www.redfin.com/CA/Merced/Stretch-Rd-95340/home/40000310,redfin
2026-09-17,mls:648773,0 Thorton Rd,Merced,95341,920000,0,,,1001880,,Ranch,Active,2026-05-14,37.288299,-120.5235747,https://www.redfin.com/CA/Merced/0-Thornton-Rd-95341/home/201832321,redfin
2026-09-17,mls:MC25117690,0 Vassar Ave,Merced,95341,1488000,,,,864230,,Vacant Land,Active,2025-06-14,37.2659362,-120.487877,https://www.redfin.com/CA/Merced/0-Vassar-Ave-95341/home/179519741,redfin
2026-09-17,mls:MC25117743,0-1/2 Henry St,Merced,95341,1473000,,,,855518,,Vacant Land,Active,2025-06-14,37.267067,-120.450494,https://www.redfin.com/CA/Merced/0-1-2-Henry-St-95341/home/196428747,redfin
2026-09-17,mls:MC25259914,1 E N Bear Creek Dr,Merced,95340,3875000,,,,281398,,Vacant Land,Active,2025-11-14,37.3098622,-120.4690825,https://www.redfin.com/CA/Merced/1-E-North-Bear-Creek-Dr-95340/home/199064423,redfin
2026-09-17,mls:MC26115943,1004 W 13th,Merced,95341,250000,,,,7500,,Vacant Land,Active,2026-05-30,37.2996949,-120.4937475,https://www.redfin.com/CA/Merced/1004-W-13th-St-95341/home/28952923,redfin
2026-09-17,mls:226081831,1011 Oregon Dr,Merced,95340,540000,3,2,2028,14066,1968,Single Family Residential,Active,2026-06-27,37.3138592,-120.4591668,https://www.redfin.com/CA/Merced/1011-Oregon-Dr-95340/home/19703043,redfin
2026-09-17,mls:MC26187904,1012 Wyoming,Merced,95340,690000,4,3,3121,16250,1961,Single Family Residential,Active,2026-08-30,37.3103318,-120.4591887,https://www.redfin.com/CA/Merced/1012-Wyoming-Dr-95340/home/19702940,redfin
2026-09-17,mls:226113579,1013 - 1017 W Santa Fe Ave,Merced,95340,449900,2,1,720,6499,1960,Multi-Family (2-4 Unit),Active,2026-09-11,37.3116755,-120.4870991,https://www.redfin.com/CA/Merced/1017-W-Santa-Fe-Ave-95340/home/19693027,redfin
2026-09-17,mls:MC26180949,1052 Northwood,Merced,95348,428000,4,2,1534,8628,1972,Single Family Residential,Active,2026-08-20,37.3159149,-120.4856132,https://www.redfin.com/CA/Merced/1052-Northwood-Dr-95348/home/19701776,redfin
2026-09-17,mls:MC26117150,1055 Lees Ct,Merced,95340,434991,3,2,1656,9077,1972,Single Family Residential,Active,2026-05-30,37.3203274,-120.4585027,https://www.redfin.com/CA/Merced/1055-Lees-Ct-95340/home/19704425,redfin
2026-09-17,mls:MC26188514,1065 Mallard,Merced,95340,459999,3,2,1824,5998,2002,Single Family Residential,Active,2026-08-28,37.3367597,-120.4589052,https://www.redfin.com/CA/Merced/1065-Mallard-Dr-95340/home/19661701,redfin
2026-09-17,mls:MC26198295,1068 Kiwi Ct,Merced,95340,475000,3,2,1591,6001,2002,Single Family Residential,Active,2026-09-11,37.3370358,-120.4590921,https://www.redfin.com/CA/Merced/1068-Kiwi-Ct-95340/home/19661176,redfin
2026-09-17,mls:MC26173032,1075 Martin Luther King Jr,Merced,95341,649000,,,,37622,,Vacant Land,Active,2026-08-11,37.2939687,-120.484676,https://www.redfin.com/CA/Merced/1075-Martin-Luther-King-Junior-Way-95341/home/196040546,redfin
2026-09-17,mls:MC26199692,1076 E Estancia Dr,Merced,95348,285000,,,,43560,,Vacant Land,Active,2026-09-12,37.3736192,-120.4669637,https://www.redfin.com/CA/Merced/1076-E-Estancia-Dr-95340/home/168647417,redfin
2026-09-17,mls:MC26174826,1111 E Donna Dr,Merced,95340,499900,3,2,1752,6909,1989,Single Family Residential,Active,2026-08-11,37.3287346,-120.457712,https://www.redfin.com/CA/Merced/1111-E-Donna-Dr-95340/home/19703890,redfin
2026-09-17,mls:MC26050732,1134 Puerto Vallarta Ct,Merced,95348,450000,5,3,2250,5401,2002,Single Family Residential,Active,2026-03-09,37.32734,-120.4877533,https://www.redfin.com/CA/Merced/1134-Puerto-Vallarta-Ct-95348/home/19681832,redfin
2026-09-17,mls:MC26133604,115 W 19th,Merced,95340,299999,2,1,1014,7500,1915,Single Family Residential,Active,2026-06-19,37.3015764,-120.4764496,https://www.redfin.com/CA/Merced/115-W-19th-St-95340/home/19691911,redfin
2026-09-17,mls:MC26171548,1163 W 25th,Merced,95340,399999,3,2,1772,9409,1956,Single Family Residential,Active,2026-08-06,37.3134377,-120.4891296,https://www.redfin.com/CA/Merced/1163-W-25th-St-95340/home/19692191,redfin
2026-09-17,mls:MC26116262,1175 Evening Star,Merced,95348,454000,4,2.5,2023,6720,2005,Single Family Residential,Active,2026-06-11,37.3390078,-120.4899652,https://www.redfin.com/CA/Merced/1175-Evening-Star-Dr-95348/home/19658721,redfin
2026-09-17,mls:226098023,1179 Crescent Dr,Merced,95348,459000,4,4,3545,6704,2005,Single Family Residential,Active,2026-08-05,37.3379097,-120.4894157,https://www.redfin.com/CA/Merced/1179-Crescent-Dr-95348/home/19657584,redfin
2026-09-17,mls:226072996,118 Mcgregor,Merced,95341,295000,3,1,1064,3585,1947,Single Family Residential,Active,2026-06-16,37.2868171,-120.502523,https://www.redfin.com/CA/Merced/118-McGregor-St-95341/home/19681662,redfin
2026-09-17,mls:226076514,12 E San Clemente Dr,Merced,95341,365000,3,2,1313,6325,2003,Single Family Residential,Active,2026-07-23,37.2794952,-120.4818857,https://www.redfin.com/CA/Merced/12-E-San-Clemente-Dr-95341/home/19659458,redfin
2026-09-17,mls:MC26125121,1210 G St,Merced,95341,125000,,,,5010,,Vacant Land,Active,2026-06-09,37.2934266,-120.4784941,https://www.redfin.com/CA/Merced/1210-G-St-95341/home/40001457,redfin
2026-09-17,mls:226107490,1216 Brookdale Dr,Merced,95340,399000,3,2,1813,7701,1976,Single Family Residential,Active,2026-08-27,37.3214384,-120.4579621,https://www.redfin.com/CA/Merced/1216-Brookdale-Dr-95340/home/19703487,redfin
2026-09-17,mls:41148492,1223 W Santa Fe Ave,Merced,95340,289000,3,1,1044,7800,1956,Single Family Residential,Active,2026-09-16,37.3128635,-120.4902929,https://www.redfin.com/CA/Merced/1223-W-Santa-Fe-Ave-95340/home/19691310,redfin
2026-09-17,mls:MC26183039,1228 Wildcat Dr,Merced,95348,429000,4,2,1727,5000,2018,Single Family Residential,Active,2026-08-22,37.3379631,-120.4923012,https://www.redfin.com/CA/Merced/1228-Wildcat-Dr-95348/home/28947278,redfin
2026-09-17,mls:MC26084287,1247 Aspen,Merced,95340,305000,3,2.5,1293,2778,1989,Townhouse,Active,2026-05-30,37.3182302,-120.4570592,https://www.redfin.com/CA/Merced/1247-Aspen-St-95340/home/19703625,redfin
2026-09-17,mls:MC26165216,1248 W 9th,Merced,95341,399999,,,,15000,,Vacant Land,Active,2026-08-01,37.2970535,-120.4997506,https://www.redfin.com/CA/Merced/1248-W-9th-St-95341/home/161268254,redfin
2026-09-17,mls:MC26158013,125 N Parsons,Merced,95341,600000,,,,95832,,Vacant Land,Active,2026-07-25,37.289108,-120.452237,https://www.redfin.com/CA/Merced/125-N-Parsons-Ave-95341/home/19686748,redfin
2026-09-17,mls:MC26118642,1254 Lurs Ct,Merced,95348,557500,4,3,2943,7797,2006,Single Family Residential,Active,2026-06-02,37.3395893,-120.4934844,https://www.redfin.com/CA/Merced/1254-Lurs-Ct-95348/home/19651737,redfin
2026-09-17,mls:SR26155316,1255 Carol,Merced,95341,212520,2,1,878,10659,1945,Single Family Residential,Active,2026-07-17,37.2911539,-120.4547374,https://www.redfin.com/CA/Merced/1255-Carol-Ave-95341/home/19687416,redfin
2026-09-17,mls:8595DE3FC6C7,126 Sugar Creek Ln,Merced,95341,399990,3,2,1230,,2026,Single Family Residential,Active,2026-06-26,37.286017,-120.430897,https://www.redfin.com/CA/Merced/126-Sugar-Creek-Ln-95341/home/196422602,redfin
2026-09-17,mls:MC26147340,126 Sugar Creek Ln Unit 144 S2,Merced,95341,409490,3,2,1230,5237,2026,Single Family Residential,Active,2026-07-08,37.286017,-120.430897,https://www.redfin.com/CA/Merced/126-Sugar-Creek-Ln-95341/unit-144-S2/home/202672067,redfin
2026-09-17,mls:41146671,1280 Dodd Ct,Merced,95341,390000,3,2,1136,9854,1958,Single Family Residential,Active,2026-08-31,37.2940166,-120.4596405,https://www.redfin.com/CA/Merced/1280-Dodd-Ct-95341/home/19687216,redfin
2026-09-17,mls:MC26184070,1300 Kensington,Merced,95340,419000,4,2,2177,6989,1971,Single Family Residential,Active,2026-08-24,37.3190089,-120.4562675,https://www.redfin.com/CA/Merced/1300-Kensington-Dr-95340/home/19704619,redfin
2026-09-17,mls:MC26157505,1338 Christopher,Merced,95340,519000,4,3,1926,6991,2003,Single Family Residential,Active,2026-07-30,37.3370659,-120.4558575,https://www.redfin.com/CA/Merced/1338-Christopher-Dr-95340/home/19661258,redfin
2026-09-17,mls:MC26154596,1338 Hermosa,Merced,95348,420000,4,2.5,1637,2500,2022,Single Family Residential,Active,2026-07-26,37.3330789,-120.4964879,https://www.redfin.com/CA/Merced/1338-Hermosa-Dr-95348/home/28947375,redfin
2026-09-17,mls:MC26189958,134 Wonderland Trail Ln,Merced,95341,320000,2,2.5,1259,1649,2025,Townhouse,Active,2026-08-31,37.2759829,-120.480413,https://www.redfin.com/CA/Merced/134-Wonderland-Trail-Ln-95341/home/196426234,redfin
2026-09-17,mls:MC26169820,1370 Belmont,Merced,95348,399000,4,2.5,1793,3894,2007,Single Family Residential,Active,2026-08-11,37.3322996,-120.4978172,https://www.redfin.com/CA/Merced/1370-Belmont-Dr-95348/home/19654301,redfin
2026-09-17,mls:MC25269518,1375 Loughborough,Merced,95348,339000,3,2,1335,6015,1977,Single Family Residential,Active,2025-12-05,37.3236212,-120.4923658,https://www.redfin.com/CA/Merced/1375-Loughborough-Dr-95348/home/19682673,redfin
2026-09-17,mls:A8CD137BE674,139 Sugar Creek Ln,Merced,95341,389990,3,2,1230,,2026,Single Family Residential,Active,2026-06-05,37.285879,-120.431452,https://www.redfin.com/CA/Merced/139-Sugar-Creek-Ln-95341/home/196422619,redfin
2026-09-17,mls:MC26147392,139 Sugar Creek Ln Unit 158 S2,Merced,95341,402990,3,2,1230,5000,2026,Single Family Residential,Active,2026-07-08,37.285879,-120.431452,https://www.redfin.com/CA/Merced/139-Sugar-Creek-Ln-95341/unit-158-S2/home/202672361,redfin
2026-09-17,mls:MC26131391,1396 Belmont,Merced,95348,450000,4,2.5,2044,8244,2007,Single Family Residential,Active,2026-08-07,37.3322877,-120.4986726,https://www.redfin.com/CA/Merced/1396-Belmont-Dr-95348/home/19656137,redfin
2026-09-17,mls:226107956,1405 E 22nd St,Merced,95340,275000,3,2,1570,10624,1948,Single Family Residential,Active,2026-08-27,37.2980334,-120.45711,https://www.redfin.com/CA/Merced/1405-E-22nd-St-95340/home/19688065,redfin
2026-09-17,mls:MC26152644,1420 Q,Merced,95340,359000,2,1,739,3300,1888,Single Family Residential,Active,2026-07-20,37.3011937,-120.4924052,https://www.redfin.com/CA/Merced/1420-Q-St-95340/home/19691845,redfin
2026-09-17,mls:MC26194119,1430 Jackson Ct,Merced,95340,440000,4,2,1743,8109,1983,Single Family Residential,Active,2026-09-05,37.3069701,-120.4552671,https://www.redfin.com/CA/Merced/1430-Jackson-Ct-95340/home/19688693,redfin
2026-09-17,mls:MC26201390,1438 W 19th,Merced,95340,455000,3,1.5,1281,7447,1952,Single Family Residential,Active,2026-09-15,37.3085036,-120.4967279,https://www.redfin.com/CA/Merced/1438-W-19th-St-95340/home/19648660,redfin
2026-09-17,mls:4F1114110B6D,144 Sugar Creek Ln,Merced,95341,402990,3,2,1230,,2026,Single Family Residential,Active,2026-08-03,37.285743,-120.430897,https://www.redfin.com/CA/Merced/144-Sugar-Creek-Ln-95341/home/196422605,redfin
2026-09-17,mls:MC26169778,144 Sugar Creek Ln Unit 146 S2,Merced,95341,411490,3,2,1230,5237,2026,Single Family Residential,Active,2026-08-05,37.285743,-120.430897,https://www.redfin.com/CA/Merced/144-Sugar-Creek-Ln-95341/unit-146-S2/home/204345514,redfin
2026-09-17,mls:PW26187649,1445 San Simeon Ct,Merced,95348,550000,5,2.5,2374,8712,2003,Single Family Residential,Active,2026-09-13,37.3293642,-120.5020601,https://www.redfin.com/CA/Merced/1445-San-Simeon-Ct-95348/home/19657788,redfin
2026-09-17,mls:MC26187679,145 E 20th,Merced,95340,365000,3,2,1387,10500,1937,Single Family Residential,Active,2026-08-27,37.3009629,-120.4714669,https://www.redfin.com/CA/Merced/145-E-20th-St-95340/home/19688370,redfin
2026-09-17,mls:MC26139057,1456 Cameron Unit 1-4,Merced,95340,895500,6,4,2420,60984,1950,Multi-Family (2-4 Unit),Active,2026-06-30,37.3062067,-120.455665,https://www.redfin.com/CA/Merced/1456-Cameron-Ln-95340/unit-1-4/home/195049604,redfin
2026-09-17,mls:MC26170354,1466 La Sierra St,Merced,95348,459000,4,3,2648,5148,2008,Single Family Residential,Active,2026-08-05,37.3357372,-120.5007035,https://www.redfin.com/CA/Merced/1466-La-Sierra-St-95348/home/19650862,redfin
2026-09-17,mls:PTP2606984,1490 Cameron Ln,Merced,95340,225000,2,1,1008,85813,1920,Single Family Residential,Active,2026-09-16,37.306095,-120.4550565,https://www.redfin.com/CA/Merced/1490-Cameron-Ln-95340/home/19689404,redfin
2026-09-17,mls:MC26182786,1495 Davenport,Merced,95340,565000,5,2.5,2447,10670,2004,Single Family Residential,Active,2026-09-02,37.3391653,-120.4514234,https://www.redfin.com/CA/Merced/1495-Davenport-Dr-95340/home/19662192,redfin
2026-09-17,mls:MC26021538,15 E 22nd,Merced,95340,389999,3,2,1275,7500,1928,Single Family Residential,Active,2026-01-30,37.3036766,-120.4723446,https://www.redfin.com/CA/Merced/15-E-22nd-St-95340/home/19688184,redfin
2026-09-17,mls:MC26020247,1515 E Mission,Merced,95341,25000000,,,,100188,,Vacant Land,Active,2026-01-29,37.2736919,-120.4556914,https://www.redfin.com/CA/Merced/1515-E-Mission-Ave-95341/home/28953789,redfin
2026-09-17,mls:MC26053870,1525 La Sierra St,Merced,95348,380000,3,2,1482,4564,2007,Single Family Residential,Active,2026-03-12,37.3361477,-120.5021372,https://www.redfin.com/CA/Merced/1525-La-Sierra-St-95348/home/19650533,redfin
2026-09-17,mls:226109516,1528 W 9th St,Merced,95341,299999,3,1,1022,7501,1953,Single Family Residential,Active,2026-08-31,37.2987079,-120.5039731,https://www.redfin.com/CA/Merced/1528-W-9th-St-95341/home/19690419,redfin
2026-09-17,mls:MC26179416,1560 W 23rd,Merced,95340,485000,3,2,1184,8643,1953,Single Family Residential,Active,2026-08-18,37.3132768,-120.4966458,https://www.redfin.com/CA/Merced/1560-W-23rd-St-95340/home/19692739,redfin
2026-09-17,mls:MC26093833,1567-- 1573 Ellen Ct,Merced,95341,630000,32,16,3360,8077,1980,Multi-Family (2-4 Unit),Active,2026-05-20,37.2905282,-120.4537923,https://www.redfin.com/CA/Merced/1567-Ellen-Ct-95341/home/19686231,redfin
2026-09-17,mls:5682D2EA5AD7,157 Sugar Creek Ln,Merced,95341,404990,3,2,1230,,2026,Single Family Residential,Active,2026-07-03,37.285605,-120.431451,https://www.redfin.com/CA/Merced/157-Sugar-Creek-Ln-95341/home/196422617,redfin
2026-09-17,mls:MC26147358,157 Sugar Creek Ln Unit 156 S2,Merced,95341,414490,3,2,1230,5000,2026,Single Family Residential,Active,2026-07-08,37.285605,-120.431451,https://www.redfin.com/CA/Merced/157-Sugar-Creek-Ln-95341/unit-156-S2/home/202672141,redfin
2026-09-17,mls:226115574,1645 Rose Ave,Merced,95341,310000,3,1.5,986,5998,1951,Single Family Residential,Active,2026-09-16,37.2926887,-120.4609236,https://www.redfin.com/CA/Merced/1645-Rose-Ave-95341/home/19687580,redfin
2026-09-17,mls:225113378,1650 Bette St,Merced,95341,399000,3,1,1182,6800,1955,Multi-Family (2-4 Unit),Active,2025-09-26,37.2927086,-120.4563639,https://www.redfin.com/CA/Merced/1650-Bette-St-95341/home/19687274,redfin
2026-09-17,mls:653237,1657 Cypress Way,Merced,95341,425000,4,3,2546,2543,,Multi-Family (2-4 Unit),Active,2026-08-06,37.2938798,-120.4643555,https://www.redfin.com/CA/Merced/1657-Cypress-Way-95341/home/19687242,redfin
2026-09-17,mls:MC26098101,1670 W North Bear Crk,Merced,95348,230000,2,1.5,972,508,1984,Condo/Co-op,Active,2026-05-07,37.3095386,-120.5036708,https://www.redfin.com/CA/Merced/1670-W-North-Bear-Creek-Dr-95348/home/19682008,redfin
2026-09-17,mls:B5633E295B15,168 Sugar Creek Ln,Merced,95341,517490,5,3.5,2554,,2026,Single Family Residential,Active,2026-08-15,37.285468,-120.430896,https://www.redfin.com/CA/Merced/168-Sugar-Creek-Ln-95341/home/196422607,redfin
2026-09-17,mls:C63C6043A679,169 Sugar Creek Ln,Merced,95341,422990,4,2,1509,,2026,Single Family Residential,Active,2026-08-03,37.285467,-120.431451,https://www.redfin.com/CA/Merced/169-Sugar-Creek-Ln-95341/home/196422616,redfin
2026-09-17,mls:MC26169808,169 Sugar Creek Ln Unit 155 S2,Merced,95341,434490,4,2,1509,5000,2026,Single Family Residential,Active,2026-08-05,37.285467,-120.431451,https://www.redfin.com/CA/Merced/169-Sugar-Creek-Ln-95341/unit-155-S2/home/204345666,redfin
2026-09-17,mls:MC26163358,1700 Union Ave,Merced,95341,295000,2,1,1086,6000,1949,Single Family Residential,Active,2026-07-29,37.2938259,-120.4621084,https://www.redfin.com/CA/Merced/1700-Union-Ave-95341/home/19686654,redfin
2026-09-17,mls:709A300631F6,172 Sugar Creek Ln,Merced,95341,467490,4,3,1842,,2026,Single Family Residential,Active,2026-08-15,37.285331,-120.430896,https://www.redfin.com/CA/Merced/172-Sugar-Creek-Ln-95341/home/196422608,redfin
2026-09-17,mls:466936FB0DD2,173 Sugar Creek Ln,Merced,95341,402990,3,2,1230,,2026,Single Family Residential,Active,2026-08-03,37.28533,-120.431451,https://www.redfin.com/CA/Merced/173-Sugar-Creek-Ln-95341/home/196422615,redfin
2026-09-17,mls:MC26169793,173 Sugar Creek Ln Unit 154 S2,Merced,95341,411490,3,2,1230,5237,2026,Single Family Residential,Active,2026-08-05,37.28533,-120.431451,https://www.redfin.com/CA/Merced/173-Sugar-Creek-Ln-95341/unit-154-S2/home/204345595,redfin
2026-09-17,mls:MC26125253,1744 Wildwood Ct,Merced,95340,479000,4,2,1920,6200,1977,Single Family Residential,Active,2026-06-10,37.31414,-120.4499462,https://www.redfin.com/CA/Merced/1744-Wildwood-Ct-95340/home/19701174,redfin
2026-09-17,mls:MC26026210,1754 Merced,Merced,95341,229900,2,2,1004,1011,1988,Condo/Co-op,Active,2026-02-05,37.2910389,-120.4557599,https://www.redfin.com/CA/Merced/1754-Merced-Ave-95341/home/19686738,redfin
2026-09-17,mls:MC26167368,178 La Purisima Ct,Merced,95341,365000,4,2,1511,5094,2003,Single Family Residential,Active,2026-08-01,37.2780743,-120.4849678,https://www.redfin.com/CA/Merced/178-La-Purisima-Ct-95341/home/19661588,redfin
2026-09-17,mls:MC26179624,1780 W 8th,Merced,95341,415000,4,2,1099,9384,1960,Single Family Residential,Active,2026-08-18,37.2979996,-120.5065563,https://www.redfin.com/CA/Merced/1780-W-8th-St-95341/home/19681858,redfin
2026-09-17,mls:226069650,179 Sullivan Dr,Merced,95348,395000,4,2.5,1737,2452,2021,Single Family Residential,Active,2026-06-03,37.345954,-120.4708116,https://www.redfin.com/CA/Merced/179-Sullivan-Dr-95348/home/28949071,redfin
2026-09-17,mls:MC26123870,18 Squaw Valley Ct,Merced,95341,456100,4,3,1750,6432,2026,Single Family Residential,Active,2026-06-08,37.2849016,-120.4302551,https://www.redfin.com/CA/Merced/18-Squaw-Valley-Dr-95341/home/202168592,redfin
2026-09-17,mls:MC26085666,1800 E South Bear Creek Dr,Merced,95340,1850000,,,,165528,,Vacant Land,Active,2026-04-21,37.3084271,-120.4505241,https://www.redfin.com/CA/Merced/1800-E-South-Bear-Creek-Dr-95340/home/201469166,redfin
2026-09-17,mls:226095261,1843 Brookside Dr,Merced,95348,439999,3,2,1300,5998,1993,Single Family Residential,Active,2026-07-30,37.3107607,-120.5000968,https://www.redfin.com/CA/Merced/1843-Brookside-Dr-95348/home/19681785,redfin
2026-09-17,mls:226086370,1848 Ashby Rd #46,Merced,95348,35000,1,1,550,,1963,Mobile/Manufactured Home,Active,2026-07-10,37.3160299,-120.5246712,https://www.redfin.com/CA/Merced/1848-Ashby-Rd-95348/unit-46/home/202691800,redfin
2026-09-17,mls:MC26185027,1921 Fultz Ct,Merced,95341,369000,3,2,1623,6870,1994,Single Family Residential,Active,2026-08-25,37.3036484,-120.5108838,https://www.redfin.com/CA/Merced/1921-Fultz-Ct-95341/home/19680273,redfin
2026-09-17,mls:226108604,1927 I St,Merced,95340,249900,2,1,1067,4251,1920,Single Family Residential,Active,2026-08-29,37.3024475,-120.4775801,https://www.redfin.com/CA/Merced/1927-I-St-95340/home/19691592,redfin
2026-09-17,mls:MC26158152,1949 Sierra Ct,Merced,95340,475000,4,2,1981,6966,1972,Single Family Residential,Active,2026-07-24,37.3152907,-120.4483733,https://www.redfin.com/CA/Merced/1949-Sierra-Ct-95340/home/19701573,redfin
2026-09-17,mls:MC26182916,1961 Heather Ct,Merced,95340,450000,4,2.5,2142,11499,1968,Single Family Residential,Active,2026-09-10,37.3217927,-120.4478115,https://www.redfin.com/CA/Merced/1961-Heather-Ct-95340/home/19701510,redfin
2026-09-17,mls:226021572,1962 Edwards Ave,Merced,95340,1165000,16,4,6800,16204,1979,Multi-Family (5+ Unit),Active,2026-02-27,37.2958569,-120.449794,https://www.redfin.com/CA/Merced/1962-Edwards-Ave-95340/home/19687831,redfin
2026-09-17,mls:MC26201033,1962-1976 Edwards,Merced,95340,1099000,16,8,6800,16203,1979,Multi-Family (5+ Unit),Active,2026-09-15,37.2960443,-120.4497828,https://www.redfin.com/CA/Merced/1976-Edwards-Ave-95340/home/194349022,redfin
2026-09-17,mls:MC26104173,2020 Ashby #37,Merced,95348,45000,2,1,784,,1990,Mobile/Manufactured Home,Active,2026-05-27,37.319875,-120.531759,https://www.redfin.com/CA/Merced/2020-Ashby-Rd-95348/unit-37/home/19655033,redfin
2026-09-17,mls:MC26111129,2021 W,Merced,95340,975000,2,2,2609,15762,1952,Single Family Residential,Active,2026-05-22,37.3109651,-120.4982227,https://www.redfin.com/CA/Merced/2021-W-St-95340/home/19691996,redfin
2026-09-17,mls:MC26033812,203 W 20th,Merced,95340,549000,3,3,3551,15000,1950,Single Family Residential,Active,2026-04-24,37.303043,-120.4771877,https://www.redfin.com/CA/Merced/203-W-20th-St-95340/home/21856884,redfin
2026-09-17,mls:226109168,2030 Calimyrna Ave,Merced,95340,324900,3,1,1502,5942,1923,Single Family Residential,Active,2026-09-03,37.2994439,-120.4668591,https://www.redfin.com/CA/Merced/2030-Calimyrna-Ave-95340/home/19688270,redfin
2026-09-17,mls:MC26174063,2033 Highland,Merced,95340,264900,2,1,898,5508,1940,Single Family Residential,Active,2026-08-11,37.2964825,-120.4592823,https://www.redfin.com/CA/Merced/2033-Highland-Dr-95340/home/19687669,redfin
2026-09-17,mls:MC26138430,2035 Highland,Merced,95340,287750,2,1,900,5508,1940,Single Family Residential,Active,2026-06-25,37.2966447,-120.4591808,https://www.redfin.com/CA/Merced/2035-Highland-Dr-95340/home/19687670,redfin
2026-09-17,mls:MC25255358,2051 Wardrobe,Merced,95341,1200000,,,,217800,,Vacant Land,Active,2025-11-07,37.2965338,-120.5135744,https://www.redfin.com/CA/Merced/2051-Wardrobe-Ave-95341/home/198908746,redfin
2026-09-17,mls:MC25183712,2052 W Solis St,Merced,95348,425000,4,2,1757,6096,2006,Single Family Residential,Active,2025-08-15,37.3226855,-120.5238217,https://www.redfin.com/CA/Merced/2052-W-Solis-St-95348/home/19652571,redfin
2026-09-17,mls:226116217,207 Yorktown,Merced,95341,335000,3,2,1086,7566,1996,Single Family Residential,Active,2026-09-16,37.284626,-120.4469835,https://www.redfin.com/CA/Merced/207-Yorktown-Sq-95341/home/19679090,redfin
2026-09-17,mls:MC26187494,2085 Cabot Ave,Merced,95348,400000,3,2,1520,7469,1960,Single Family Residential,Active,2026-08-28,37.3174702,-120.5243999,https://www.redfin.com/CA/Merced/2085-Cabot-Ave-95348/home/19684261,redfin
2026-09-17,mls:MC26192421,209 E 18th,Merced,95340,300000,2,1,950,6000,1940,Single Family Residential,Active,2026-09-03,37.298438,-120.4712615,https://www.redfin.com/CA/Merced/209-E-18th-St-95340/home/19687645,redfin
2026-09-17,mls:D5617070EC44,209 Nadine St,Merced,95341,418990,3,2,1396,,2026,Single Family Residential,Active,2026-07-31,37.291664,-120.427126,https://www.redfin.com/CA/Merced/209-Nadine-St-95341/home/203517328,redfin
2026-09-17,mls:MC25022775,2094 W Pincay St,Merced,95348,399000,4,2,1527,5000,2017,Single Family Residential,Active,2025-05-26,37.3219899,-120.5245414,https://www.redfin.com/CA/Merced/2094-W-Pincay-St-95348/home/28948293,redfin
2026-09-17,mls:226094443,2103 W Solis St,Merced,95348,340000,3,2,1381,5001,2006,Single Family Residential,Active,2026-07-31,37.3222475,-120.5247113,https://www.redfin.com/CA/Merced/2103-W-Solis-St-95348/home/19652558,redfin
2026-09-17,mls:MC26191646,2142 Coronado,Merced,95348,359900,3,2,1200,9180,1975,Single Family Residential,Active,2026-09-02,37.3206102,-120.5253783,https://www.redfin.com/CA/Merced/2142-Coronado-Ave-95348/home/19683760,redfin
2026-09-17,mls:MC26009630,2148 Keely,Merced,95340,179900,3,1,1120,9975,1944,Single Family Residential,Active,2026-02-10,37.2959326,-120.4539261,https://www.redfin.com/CA/Merced/2148-Keely-Ave-95340/home/19688454,redfin
2026-09-17,mls:MC26125038,2201 Leeward Ct,Merced,95340,279000,,,,43560,,Vacant Land,Active,2026-06-13,37.3622349,-120.4462804,https://www.redfin.com/CA/Merced/2201-Leeward-Ct-95340/home/168647664,redfin
2026-09-17,mls:MC26196327,2205 O,Merced,95340,475000,8,4,1470,7500,1961,Multi-Family (2-4 Unit),Active,2026-09-16,37.3083803,-120.4851105,https://www.redfin.com/CA/Merced/2205-O-St-95340/home/19691167,redfin
2026-09-17,mls:MC25117734,2230 Vassar Ave,Merced,95341,1484250,,,,862052,,Vacant Land,Active,2025-06-14,37.2658466,-120.4474761,https://www.redfin.com/CA/Merced/2230-Vassar-Ave-95341/home/196078103,redfin
2026-09-17,mls:MC26187159,2235 Dunn,Merced,95340,750000,4,3.5,3140,69696,1977,Single Family Residential,Active,2026-09-01,37.3391724,-120.4435818,https://www.redfin.com/CA/Merced/2235-Dunn-Rd-95340/home/19657222,redfin
2026-09-17,mls:MC26071153,2240 Golden Oak #119,Merced,95341,89500,2,2,1150,,1976,Mobile/Manufactured Home,Active,2026-04-03,37.292158,-120.446125,https://www.redfin.com/CA/Merced/2240-Golden-Oak-Ln-95341/unit-119/home/19655756,redfin
2026-09-17,mls:MC26170275,2240 Golden Oak #3,Merced,95341,99900,2,2,1750,,1976,Mobile/Manufactured Home,Active,2026-08-05,37.29489,-120.446153,https://www.redfin.com/CA/Merced/2240-Golden-Oak-Ln-95341/unit-3/home/19654936,redfin
2026-09-17,mls:MC26173824,2240 Golden Oak #78,Merced,95341,49999,2,2,1040,,1990,Mobile/Manufactured Home,Active,2026-08-12,37.292974,-120.445599,https://www.redfin.com/CA/Merced/2240-Golden-Oak-Ln-95341/unit-78/home/19655047,redfin
2026-09-17,mls:MC26109234,2240 Golden Oak #88,Merced,95341,54900,2,2,1322,,1976,Mobile/Manufactured Home,Active,2026-05-20,37.294494,-120.445842,https://www.redfin.com/CA/Merced/2240-Golden-Oak-Ln-95341/unit-88/home/19654807,redfin
2026-09-17,mls:226086303,2240 Golden Oak Ln #103,Merced,95341,39000,2,2,1200,,1988,Mobile/Manufactured Home,Active,2026-07-09,37.291986,-120.445836,https://www.redfin.com/CA/Merced/2240-Golden-Oak-Ln-95341/unit-103/home/19655095,redfin
2026-09-17,mls:MC26123784,2240 Golden Oak Ln #11,Merced,95341,84500,2,2,,,1975,Mobile/Manufactured Home,Active,2026-06-07,37.29463,-120.444902,https://www.redfin.com/CA/Merced/2240-Golden-Oak-Ln-95341/unit-11/home/19654395,redfin
2026-09-17,mls:MC25186079,2240 Golden Oak Ln #117,Merced,95341,124900,3,2,,,2023,Mobile/Manufactured Home,Active,2025-08-19,37.2931187,-120.4458279,https://www.redfin.com/CA/Merced/2240-Golden-Oak-Ln-95341/unit-117/home/19654948,redfin
2026-09-17,mls:226111087,2240 Golden Oak Ln #131,Merced,95340,34900,2,2,856,,1977,Mobile/Manufactured Home,Active,2026-09-04,37.292229,-120.44648,https://www.redfin.com/CA/Merced/2240-Golden-Oak-Ln-95341/unit-131/home/19653889,redfin
2026-09-17,mls:226091001,2240 Golden Oak Ln #134,Merced,95341,89900,2,2,1440,,1973,Mobile/Manufactured Home,Active,2026-07-18,37.3015976,-120.4808915,https://www.redfin.com/CA/Merced/2240-Golden-Oak-Ln-95341/unit-134/home/196130863,redfin
2026-09-17,mls:MC26142503,2240 Golden Oak Ln #28,Merced,95341,73000,2,1,,,1976,Mobile/Manufactured Home,Active,2026-07-01,37.292482,-120.444925,https://www.redfin.com/CA/Merced/2240-Golden-Oak-Ln-95341/unit-28/home/19654671,redfin
2026-09-17,mls:MC26050607,2240 Golden Oak Ln #47,Merced,95341,99999,2,2,,,1976,Mobile/Manufactured Home,Active,2026-03-08,37.294003,-120.445243,https://www.redfin.com/CA/Merced/2240-Golden-Oak-Ln-95341/unit-47/home/19655135,redfin
2026-09-17,mls:226056493,2240 Golden Oak Ln #73,Merced,95341,48000,1,1,672,,1969,Mobile/Manufactured Home,Active,2026-05-08,37.293636,-120.44562,https://www.redfin.com/CA/Merced/2240-Golden-Oak-Ln-95341/unit-73/home/19655777,redfin
2026-09-17,mls:226093239,2240 Golden Oak Ln #94,Merced,95341,80000,2,2,1248,1248,1978,Mobile/Manufactured Home,Active,2026-07-28,37.293678,-120.445909,https://www.redfin.com/CA/Merced/2240-Golden-Oak-Ln-95341/unit-94/home/19654824,redfin
2026-09-17,mls:226012270,2240 Golden Oak Ln #98,Merced,95341,75000,2,1.5,720,,1977,Mobile/Manufactured Home,Active,2026-02-04,37.292737,-120.445858,https://www.redfin.com/CA/Merced/2240-Golden-Oak-Ln-95341/unit-98/home/19655775,redfin
2026-09-17,mls:MC25134955,2246 E Mission Ave,Merced,95341,2812500,,,,980100,,Vacant Land,Active,2025-06-18,37.2728692,-120.447396,https://www.redfin.com/CA/Merced/2246-E-Mission-Ave-95341/home/148012696,redfin
2026-09-17,mls:MC25117715,2260 Vassar Ave,Merced,95341,1484250,,,,862052,,Vacant Land,Active,2025-06-14,37.2661175,-120.4465739,https://www.redfin.com/CA/Merced/2260-Vassar-Ave-95341/home/196077950,redfin
2026-09-17,mls:226036725,230 W 25th St,Merced,95340,310000,2,1,1151,7501,1940,Single Family Residential,Active,2026-03-27,37.307796,-120.4750627,https://www.redfin.com/CA/Merced/230-W-25th-St-95340/home/19692754,redfin
2026-09-17,mls:MC26201787,2318 Beachwood,Merced,95348,170000,,,,10131,,Vacant Land,Active,2026-09-16,37.3218577,-120.5277841,https://www.redfin.com/CA/Merced/2318-Beachwood-Dr-95348/home/19683786,redfin
2026-09-17,mls:226115232,2324 Q St,Merced,95340,379600,2,2,960,5001,1945,Multi-Family (2-4 Unit),Active,2026-09-15,37.3105252,-120.486923,https://www.redfin.com/CA/Merced/2324-Q-St-95340/home/19692696,redfin
2026-09-17,mls:MC26058771,2330 Meadowbrook,Merced,95348,299900,3,1,796,10131,1955,Single Family Residential,Active,2026-03-19,37.3219624,-120.5265673,https://www.redfin.com/CA/Merced/2330-Meadowbrook-Ave-95348/home/19683370,redfin
2026-09-17,mls:MC26090199,236 Montage Dr,Merced,95348,449000,5,4,1890,2100,2025,Single Family Residential,Active,2026-06-10,37.3613588,-120.4704396,https://www.redfin.com/CA/Merced/236-Montage-Dr-95348/home/28952194,redfin
2026-09-17,mls:MC26198886,2382 Explorador,Merced,95340,449900,4,3,2111,5198,2020,Single Family Residential,Active,2026-09-11,37.3314996,-120.4391447,https://www.redfin.com/CA/Merced/2382-Explorador-Dr-95340/home/28949993,redfin
2026-09-17,mls:MC26136816,2400 K,Merced,95340,1900000,34,14,10800,43560,1950,Multi-Family (5+ Unit),Active,2026-06-24,37.3079833,-120.4774917,https://www.redfin.com/CA/Merced/2400-K-St-95340/home/19692168,redfin
2026-09-17,mls:MC26130264,242 Torino Ct,Merced,95341,379000,4,2,1617,5369,2006,Single Family Residential,Active,2026-07-01,37.2846754,-120.4436122,https://www.redfin.com/CA/Merced/242-Torino-Ct-95341/home/19658046,redfin
2026-09-17,mls:652381,2429 Explorador,Merced,95348,526900,6,3,2621,9082,2022,Single Family Residential,Active,2026-07-22,37.3311588,-120.4362697,https://www.redfin.com/CA/Merced/2429-Explorador-Dr-95340/home/172354337,redfin
2026-09-17,mls:MC26165208,2446 Valverde,Merced,95340,489000,4,2,2265,7797,2020,Single Family Residential,Active,2026-08-19,37.3275318,-120.4351416,https://www.redfin.com/CA/Merced/2446-Valverde-Dr-95340/home/172354531,redfin
2026-09-17,mls:994DC9242AC9,246 Nadine St,Merced,95341,426990,3,2,1567,,2026,Single Family Residential,Active,2026-08-09,37.292059,-120.426601,https://www.redfin.com/CA/Merced/246-Nadine-St-95341/home/196422447,redfin
2026-09-17,mls:MC26168944,2462 Valverde Dr,Merced,95340,498000,4,2,2265,7797,2021,Single Family Residential,Active,2026-08-05,37.3275309,-120.4341928,https://www.redfin.com/CA/Merced/2462-Valverde-Dr-95340/home/172354535,redfin
2026-09-17,mls:41142267,2481 Pineda Dr,Merced,95340,525888,6,3,2621,5255,2021,Single Family Residential,Active,2026-07-22,37.3289769,-120.4337045,https://www.redfin.com/CA/Merced/2481-Pineda-Dr-95340/home/172354416,redfin
2026-09-17,mls:DW26079389,2482 Valdes Dr,Merced,95340,489000,5,2.5,2282,6216,2021,Single Family Residential,Active,2026-04-18,37.3282178,-120.4337124,https://www.redfin.com/CA/Merced/2482-Valdes-Dr-95340/home/172354499,redfin
2026-09-17,mls:MC26131548,2499 E Gerard #140,Merced,95341,59000,2,1,768,,1977,Mobile/Manufactured Home,Active,2026-06-17,37.282603,-120.442699,https://www.redfin.com/CA/Merced/2499-E-Gerard-Ave-95341/unit-140/home/19656022,redfin
2026-09-17,mls:MC26150631,2499 E Gerard #153,Merced,95341,109000,4,2,1584,,1974,Mobile/Manufactured Home,Active,2026-07-11,37.283791,-120.44268,https://www.redfin.com/CA/Merced/2499-E-Gerard-Ave-95341/unit-153/home/19653440,redfin
2026-09-17,mls:MC26165075,2499 Gerard #38,Merced,95341,129000,3,2,1176,,2005,Mobile/Manufactured Home,Active,2026-07-31,37.283543,-120.443569,https://www.redfin.com/CA/Merced/2499-E-Gerard-Ave-95341/unit-38/home/40002191,redfin
2026-09-17,mls:MC25223780,2500 N Highway 59 #270,Merced,95348,65000,2,2,828,2774,1993,Mobile/Manufactured Home,Active,2025-09-24,37.31288,-120.50228,https://www.redfin.com/CA/Merced/2500-N-State-Highway-59-95348/unit-270/home/19655158,redfin
2026-09-17,mls:MC26177592,2500 N STATE HIGHWAY 59,Merced,95348,23000,2,1,720,1400,1972,Mobile/Manufactured Home,Active,2026-08-14,37.311751,-120.503155,https://www.redfin.com/CA/Merced/2500-N-State-Highway-59-95348/home/19653725,redfin
2026-09-17,mls:226100905,2500 N State Highway 59 #239,Merced,95348,69000,3,2,1440,,1973,Mobile/Manufactured Home,Active,2026-08-11,37.312075,-120.503703,https://www.redfin.com/CA/Merced/2500-N-State-Highway-59-95348/unit-239/home/19655259,redfin
2026-09-17,mls:226084553,2511 Franklin Rd,Merced,95348,9945000,,,,1698840,,Vacant Land,Active,2026-07-07,37.3246509,-120.5412329,https://www.redfin.com/CA/Merced/2511-Franklin-Rd-95348/home/196420034,redfin
2026-09-17,mls:MC26198267,252 S Gurr,Merced,95341,848000,,,,1286327,,Vacant Land,Active,2026-09-14,37.283567,-120.5598286,https://www.redfin.com/CA/Merced/252-S-Gurr-Rd-95341/home/168650428,redfin
2026-09-17,mls:MC25009072,2520 Mckee Rd,Merced,95340,410000,2,1,1257,17264,1946,Single Family Residential,Active,2025-01-15,37.3029949,-120.4445901,https://www.redfin.com/CA/Merced/2520-McKee-Rd-95340/home/19679429,redfin
2026-09-17,mls:MC26197299,2521 K,Merced,95340,125000,,,,7500,,Vacant Land,Active,2026-09-16,37.3093214,-120.477197,https://www.redfin.com/CA/Merced/2521-K-St-95340/home/19692139,redfin
2026-09-17,mls:MC26143143,2524 B And B,Merced,95348,649999,3,2.5,2321,39969,1988,Single Family Residential,Active,2026-07-02,37.3247897,-120.5374749,https://www.redfin.com/CA/Merced/2524-B-and-B-Blvd-95348/home/19683310,redfin
2026-09-17,mls:MC26165503,255 Travis Ct,Merced,95341,442990,3,2.5,1777,4736,2026,Single Family Residential,Active,2026-07-30,37.292198,-120.428042,https://www.redfin.com/CA/Merced/255-Travis-Ct-95341/home/192932898,redfin
2026-09-17,mls:MC25044845,2577 Lobo Ave,Merced,95348,2400000,,,,1067220,,Vacant Land,Active,2025-03-02,37.3243265,-120.5329261,https://www.redfin.com/CA/Merced/2577-Lobo-Ave-95348/home/21155511,redfin
2026-09-17,mls:MC26168613,2617 Agnes,Merced,95340,389000,3,2,1561,6124,1962,Single Family Residential,Active,2026-08-04,37.3040711,-120.4605559,https://www.redfin.com/CA/Merced/2617-Agnes-Way-95340/home/19689760,redfin
2026-09-17,mls:562A9715BEFE,262 Nadine St,Merced,95341,517890,4,2.5,1924,,2026,Single Family Residential,Active,2026-06-24,37.292304,-120.426592,https://www.redfin.com/CA/Merced/262-Nadine-St-95341/home/196422445,redfin
2026-09-17,mls:MC26194628,2651 1st,Merced,95340,150000,,,,12104,,Vacant Land,Active,2026-09-10,37.3080934,-120.4698823,https://www.redfin.com/CA/Merced/2651-1st-Ave-95340/home/19689677,redfin
2026-09-17,mls:MC26096382,2653 E North Bear Crk,Merced,95340,925000,5,4,3658,27634,1969,Single Family Residential,Active,2026-05-27,37.309902,-120.4383286,https://www.redfin.com/CA/Merced/2653-E-North-Bear-Creek-Dr-95340/home/19701225,redfin
2026-09-17,mls:MC26189302,2672 9th Ave,Merced,95340,309900,3,1,1168,6600,1960,Single Family Residential,Active,2026-09-16,37.305767,-120.4629463,https://www.redfin.com/CA/Merced/2672-9th-Ave-95340/home/19689558,redfin
2026-09-17,mls:225144310,2679 Lobo Ave,Merced,95348,1200000,3,2,2319,779724,1928,Single Family Residential,Active,2025-12-03,37.3236077,-120.5352663,https://www.redfin.com/CA/Merced/2679-Lobo-Ave-95348/home/196422248,redfin
2026-09-17,mls:MC26196564,268 E 10th,Merced,95341,359900,4,3,1636,5012,1989,Single Family Residential,Active,2026-09-09,37.2901023,-120.476157,https://www.redfin.com/CA/Merced/268-E-10th-St-95341/home/19687247,redfin
2026-09-17,mls:MC26126325,2698 E South Bear Crk,Merced,95340,1049000,4,3.5,3340,52272,1985,Single Family Residential,Active,2026-06-11,37.3085571,-120.4379379,https://www.redfin.com/CA/Merced/2698-E-South-Bear-Creek-Dr-95340/home/19679981,redfin
2026-09-17,mls:MC26165744,272 Travis Ct,Merced,95341,400990,3,2,1290,4723,2026,Single Family Residential,Active,2026-07-30,37.292435,-120.427468,https://www.redfin.com/CA/Merced/272-Travis-Ct-95341/home/192932887,redfin
2026-09-17,mls:MC26163311,2729 Pioneer,Merced,95341,725000,3,2,1412,653400,1975,Single Family Residential,Active,2026-08-04,37.24845,-120.398781,https://www.redfin.com/CA/Merced/2729-Pioneer-95340/home/103654057,redfin
2026-09-17,mls:D019C2C7B656,274 Nadine St,Merced,95341,433890,3,2,1290,,2026,Single Family Residential,Active,2026-06-24,37.29243,-120.426576,https://www.redfin.com/CA/Merced/274-Nadine-St-95341/home/196422444,redfin
2026-09-17,mls:226116770,2747 Saratoga Ave,Merced,95340,365000,3,2,1412,7013,1977,Single Family Residential,Active,2026-09-16,37.3049953,-120.44807,https://www.redfin.com/CA/Merced/2747-Saratoga-Ave-95340/home/19689152,redfin
2026-09-17,mls:MC26080251,2761 Lexington Ave,Merced,95340,425000,3,2.5,1775,6152,1990,Single Family Residential,Active,2026-07-07,37.3061729,-120.4471103,https://www.redfin.com/CA/Merced/2761-Lexington-Ave-95340/home/19688763,redfin
2026-09-17,mls:5CF4E55D687A,277 Nadine St,Merced,95341,520890,4,2.5,1924,,2026,Single Family Residential,Active,2026-06-24,37.292439,-120.427113,https://www.redfin.com/CA/Merced/277-Nadine-St-95341/home/196422457,redfin
2026-09-17,mls:226061481,2779 Story Ave,Merced,95340,449999,4,3,2039,8934,1985,Single Family Residential,Active,2026-05-15,37.3053253,-120.4490194,https://www.redfin.com/CA/Merced/2779-Story-Ave-95340/home/19688945,redfin
2026-09-17,mls:MC26190802,2782 STORY Ave,Merced,95340,389000,3,2,1486,7318,1983,Single Family Residential,Active,2026-09-02,37.3053286,-120.4484633,https://www.redfin.com/CA/Merced/2782-Story-Ave-95340/home/19688940,redfin
2026-09-17,mls:596EB08EDC46,283 Nadine St,Merced,95341,436990,3,2,1290,,2026,Single Family Residential,Active,2026-06-24,37.29255,-120.427132,https://www.redfin.com/CA/Merced/283-Nadine-St-95341/home/196422459,redfin
2026-09-17,mls:MC26156305,2830 Dunn Rd,Merced,95340,895000,4,2,2031,43560,1973,Single Family Residential,Active,2026-08-06,37.3398907,-120.4355855,https://www.redfin.com/CA/Merced/2830-Dunn-Rd-95340/home/19680822,redfin
2026-09-17,mls:41144069,284 Zion Canyon Ct,Merced,95341,410000,4,2,1515,5000,2022,Single Family Residential,Active,2026-08-15,37.2757847,-120.4783038,https://www.redfin.com/CA/Merced/284-Zion-Canyon-Ct-95341/home/176248635,redfin
2026-09-17,mls:MC26154089,2868 Beachwood,Merced,95348,329900,3,1,970,9683,1953,Single Family Residential,Active,2026-07-17,37.3297323,-120.5277546,https://www.redfin.com/CA/Merced/2868-Beachwood-Dr-95348/home/19683986,redfin
2026-09-17,mls:MC26168066,288 Travis Ct,Merced,95341,465990,4,2.5,1924,4723,2026,Single Family Residential,Active,2026-08-02,37.292559,-120.427487,https://www.redfin.com/CA/Merced/288-Travis-Ct-95341/home/192932886,redfin
2026-09-17,mls:B55EDD923106,289 Travis Ct,Merced,95341,423990,3,2,1290,,2026,Single Family Residential,Active,2026-04-06,37.292563,-120.428037,https://www.redfin.com/CA/Merced/289-Travis-Ct-95341/home/192932901,redfin
2026-09-17,mls:MC26148713,2894 Elm,Merced,95348,320000,3,1,1328,9524,1960,Single Family Residential,Active,2026-07-17,37.3299751,-120.5307807,https://www.redfin.com/CA/Merced/2894-Elm-Ave-95348/home/19684020,redfin
2026-09-17,mls:MC26143205,2924 E South Bear Crk,Merced,95348,425000,4,2,1560,26947,2003,Mobile/Manufactured Home,Active,2026-08-13,37.3082062,-120.4343361,https://www.redfin.com/CA/Merced/2924-E-South-Bear-Creek-Dr-95340/home/19679214,redfin
2026-09-17,mls:MC26172497,2943 Capella Dr,Merced,95341,559999,4,3,2420,7000,2026,Single Family Residential,Active,2026-08-07,37.282142,-120.434315,https://www.redfin.com/CA/Merced/2943-Capella-Dr-95341/home/196422467,redfin
2026-09-17,mls:ML82045002,2972 Tuxford Ct,Merced,95340,365000,3,2,1365,10173,1961,Single Family Residential,Active,2026-07-04,37.3147871,-120.451915,https://www.redfin.com/CA/Merced/2972-Tuxford-Ct-95340/home/19703141,redfin
2026-09-17,mls:MC26178287,2985 Redwood Dr,Merced,95340,494900,4,3,2388,8306,1972,Single Family Residential,Active,2026-08-19,37.315166,-120.4465798,https://www.redfin.com/CA/Merced/2985-Redwood-Dr-95340/home/19701434,redfin
2026-09-17,mls:SR26189124,2993 N Parsons,Merced,95340,253500,3,2,1008,7694,1961,Single Family Residential,Active,2026-08-29,37.3155234,-120.451559,https://www.redfin.com/CA/Merced/2993-N-Parsons-Ave-95340/home/19702218,redfin
2026-09-17,mls:MC26026481,3 W Belcher Ave,Merced,95348,275000,,,,44431,,Vacant Land,Active,2026-02-05,37.338447,-120.543574,https://www.redfin.com/CA/Merced/3-W-Belcher-Ave-95348/home/200354004,redfin
2026-09-17,mls:MC26202061,3010 Greenwood Ct,Merced,95340,379000,3,2,1431,6615,1977,Single Family Residential,Active,2026-09-16,37.316441,-120.4460153,https://www.redfin.com/CA/Merced/3010-Greenwood-Ct-95340/home/19701025,redfin
2026-09-17,mls:MC26138437,3054 Silver Elm Ct,Merced,95340,425000,4,2.5,1938,4178,1988,Single Family Residential,Active,2026-07-04,37.3171564,-120.4584988,https://www.redfin.com/CA/Merced/3054-Silver-Elm-Ct-95340/home/19703672,redfin
2026-09-17,mls:MC25270306,3056 Bedford,Merced,95340,385000,3,2,1358,6296,1974,Single Family Residential,Active,2026-01-27,37.3173625,-120.447616,https://www.redfin.com/CA/Merced/3056-Bedford-Dr-95340/home/19701345,redfin
2026-09-17,mls:MC26174015,3063 Bodie,Merced,95341,495000,4,3.5,3545,5000,2006,Single Family Residential,Active,2026-08-15,37.2931004,-120.4325597,https://www.redfin.com/CA/Merced/3063-Bodie-St-95341/home/19652898,redfin
2026-09-17,mls:226111094,3119 Dinkey Creek Ave,Merced,95341,155000,,,,6970,,Vacant Land,Active,2026-09-04,37.2843783,-120.4324245,https://www.redfin.com/CA/Merced/3119-Dinkey-Creek-Ave-95341/home/28560868,redfin
2026-09-17,mls:MC26189491,3125 N Parsons,Merced,95340,385000,4,2,1569,6699,1968,Single Family Residential,Active,2026-08-29,37.3191569,-120.4515217,https://www.redfin.com/CA/Merced/3125-N-Parsons-Ave-95340/home/19704375,redfin
2026-09-17,mls:226076083,313 Sullivan Dr,Merced,95348,419999,5,2.5,2378,2378,2022,Single Family Residential,Active,2026-07-05,37.3455019,-120.4725467,https://www.redfin.com/CA/Merced/313-Sullivan-Dr-95348/home/28949241,redfin
2026-09-17,mls:226110861,3200 Austin Ave,Merced,95348,250000,3,2,1099,6303,1983,Single Family Residential,Active,2026-09-03,37.3212375,-120.4947233,https://www.redfin.com/CA/Merced/3200-Austin-Ave-95348/home/19682187,redfin
2026-09-17,mls:MC26031224,3216 El Capitan,Merced,95340,345000,3,2,1446,7440,1960,Single Family Residential,Active,2026-03-31,37.3211364,-120.4649618,https://www.redfin.com/CA/Merced/3216-El-Capitan-Ave-95340/home/19704773,redfin
2026-09-17,mls:MC26159955,3224 Nashville Ct,Merced,95348,485000,5,4,2287,6898,1980,Multi-Family (2-4 Unit),Active,2026-07-24,37.3220853,-120.493789,https://www.redfin.com/CA/Merced/3224-Nashville-Ct-95348/home/19682183,redfin
2026-09-17,mls:MC26168916,324 W 22nd,Merced,95340,475000,4,4,1850,7500,1935,Multi-Family (2-4 Unit),Active,2026-08-04,37.3050876,-120.4782527,https://www.redfin.com/CA/Merced/324-W-22nd-St-95340/home/200649590,redfin
2026-09-17,mls:MC26154809,3257 Juneau Ct,Merced,95348,389000,3,1,1123,6626,1972,Single Family Residential,Active,2026-07-16,37.3215246,-120.4974698,https://www.redfin.com/CA/Merced/3257-Juneau-Ct-95348/home/19682962,redfin
2026-09-17,mls:226063276,328 E 20th St,Merced,95340,285000,2,1,800,8002,1940,Single Family Residential,Active,2026-07-06,37.2993004,-120.4683459,https://www.redfin.com/CA/Merced/328-E-20th-St-95340/home/19688111,redfin
2026-09-17,mls:MC26194620,3311 Shamrock,Merced,95340,465000,4,2,1923,6683,1985,Single Family Residential,Active,2026-09-05,37.3236358,-120.4547312,https://www.redfin.com/CA/Merced/3311-Shamrock-Ave-95340/home/19704697,redfin
2026-09-17,mls:41145302,3362 San Jacinto Ct,Merced,95348,350000,3,2,1635,6356,1980,Single Family Residential,Active,2026-08-18,37.3255898,-120.4830739,https://www.redfin.com/CA/Merced/3362-San-Jacinto-Ct-95348/home/19667903,redfin
2026-09-17,mls:MC26174310,3372 Wawona Ct,Merced,95340,405000,3,2,1766,6824,1974,Single Family Residential,Active,2026-08-19,37.3256468,-120.4641113,https://www.redfin.com/CA/Merced/3372-Wawona-Ct-95340/home/19703460,redfin
2026-09-17,mls:MC26165548,3394 Banbury,Merced,95340,829000,4,3.5,2470,8741,2023,Single Family Residential,Active,2026-07-31,37.3262185,-120.4490424,https://www.redfin.com/CA/Merced/3394-Banbury-Ln-95340/home/28949845,redfin
2026-09-17,mls:226114912,34 Skylark Ct,Merced,95341,329000,3,2,1095,4256,1989,Single Family Residential,Active,2026-09-12,37.2855327,-120.4827358,https://www.redfin.com/CA/Merced/34-Skylark-Ct-95341/home/19647366,redfin
2026-09-17,mls:MC26099037,3411 Baker,Merced,95341,890000,12,6,5000,100188,1942,Multi-Family (5+ Unit),Active,2026-05-08,37.294377,-120.4260501,https://www.redfin.com/CA/Merced/3411-Baker-Dr-95341/home/19679932,redfin
2026-09-17,mls:MC26190319,3424 Mckee,Merced,95340,599000,4,2.5,2678,108900,1972,Single Family Residential,Active,2026-09-01,37.3282325,-120.4437943,https://www.redfin.com/CA/Merced/3424-McKee-Rd-95340/home/19701689,redfin
2026-09-17,mls:MC26111721,3442 Joerg Ave,Merced,95340,550000,4,2.5,2187,7754,1988,Single Family Residential,Active,2026-05-23,37.3267638,-120.4556038,https://www.redfin.com/CA/Merced/3442-Joerg-Ave-95340/home/19704871,redfin
2026-09-17,mls:MC26187696,3452 Paseo Verde,Merced,95348,575000,5,3,2243,8173,2002,Single Family Residential,Active,2026-08-29,37.3280963,-120.4873391,https://www.redfin.com/CA/Merced/3452-Paseo-Verde-Ave-95348/home/19681930,redfin
2026-09-17,mls:MC26113319,3454 G St,Merced,95340,425000,,,,28038,,Vacant Land,Active,2026-05-26,37.3294978,-120.4687811,https://www.redfin.com/CA/Merced/3454-G-St-95340/home/19704553,redfin
2026-09-17,mls:MC26019215,350 S Bermuda,Merced,95341,320000,,,,7575,,Vacant Land,Active,2026-02-14,37.283142,-120.4738245,https://www.redfin.com/CA/Merced/350-Bermuda-St-95341/home/28953795,redfin
2026-09-17,mls:MC26194375,3507 Sunstone Ct,Merced,95340,550000,3,2,2062,9307,2021,Single Family Residential,Active,2026-09-10,37.3254376,-120.4354688,https://www.redfin.com/CA/Merced/3507-Sunstone-Ct-95340/home/28949730,redfin
2026-09-17,mls:226001268,3515 E Yosemite Ave,Merced,95340,6000000,,,,2178000,,Vacant Land,Active,2026-01-07,37.331258,-120.421489,https://www.redfin.com/CA/Merced/3515-E-Yosemite-Ave-95340/home/40050563,redfin
2026-09-17,mls:MC26026650,355 E Main,Merced,95340,390000,3,2,1136,9758,1947,Single Family Residential,Active,2026-02-06,37.2967409,-120.4698506,https://www.redfin.com/CA/Merced/355-E-Main-St-95340/home/19687493,redfin
2026-09-17,mls:MC26051040,3552 Wathen Ct,Merced,95348,390000,3,2,1589,6180,1977,Single Family Residential,Active,2026-03-10,37.3315474,-120.4755399,https://www.redfin.com/CA/Merced/3552-Wathen-Ct-95348/home/19668079,redfin
2026-09-17,mls:MC26136486,3553 Beals,Merced,95348,399950,3,2,1589,6180,1977,Single Family Residential,Active,2026-06-23,37.3315473,-120.4751694,https://www.redfin.com/CA/Merced/3553-Beals-Ave-95348/home/19668503,redfin
2026-09-17,mls:FR26143684,3583 Sarasota,Merced,95348,399950,3,2,1705,5500,2006,Single Family Residential,Active,2026-07-02,37.3306482,-120.5033077,https://www.redfin.com/CA/Merced/3583-Sarasota-Ave-95348/home/19652932,redfin
2026-09-17,mls:MC26201253,360 E 19th St,Merced,95340,290000,2,1,1084,8975,1946,Single Family Residential,Active,2026-09-15,37.2983569,-120.4691015,https://www.redfin.com/CA/Merced/360-E-19th-St-95340/home/19688124,redfin
2026-09-17,mls:MC26179423,362 Rhianon,Merced,95341,395000,3,2,1475,5973,2019,Single Family Residential,Active,2026-08-19,37.2794023,-120.4771709,https://www.redfin.com/CA/Merced/362-Rhianon-Dr-95341/home/28951403,redfin
2026-09-17,mls:226000354,3622 N State Highway 59,Merced,95348,3490000,,,,467399,,Vacant Land,Active,2026-01-03,37.335149,-120.501768,https://www.redfin.com/CA/Merced/3622-N-State-Highway-59-95348/home/28947260,redfin
2026-09-17,mls:MC26123261,3629 N Lake,Merced,95340,1100000,4,2,2680,204732,1977,Single Family Residential,Active,2026-06-06,37.3359882,-120.433376,https://www.redfin.com/CA/Merced/3629-N-Lake-Rd-95340/home/19680577,redfin
2026-09-17,mls:226097306,365 E Main St,Merced,95340,359998,3,1.5,1256,9008,1947,Single Family Residential,Active,2026-08-02,37.2966338,-120.4696126,https://www.redfin.com/CA/Merced/365-E-Main-St-95340/home/19687494,redfin
2026-09-17,mls:MC26189146,3675 Quail Ave,Merced,95340,430000,3,2,1772,6501,1990,Single Family Residential,Active,2026-09-02,37.3332024,-120.4578991,https://www.redfin.com/CA/Merced/3675-Quail-Ave-95340/home/19679473,redfin
2026-09-17,mls:MC26141078,3726 Crane,Merced,95348,434900,4,2,1789,6600,2006,Single Family Residential,Active,2026-06-30,37.3345017,-120.4956177,https://www.redfin.com/CA/Merced/3726-Crane-Ave-95348/home/19656269,redfin
2026-09-17,mls:MC26141821,3774 Magellan,Merced,95340,474900,4,2.5,2282,6215,2020,Single Family Residential,Active,2026-07-02,37.3290761,-120.4408036,https://www.redfin.com/CA/Merced/3774-Magellan-95340/home/28949670,redfin
2026-09-17,mls:226105884,379 Edan Ct,Merced,95341,445000,3,2,1511,7588,2002,Single Family Residential,Active,2026-08-22,37.2831608,-120.4817525,https://www.redfin.com/CA/Merced/379-Edan-Ct-95341/home/19663940,redfin
2026-09-17,mls:MC26184740,3851 Twilight Ave,Merced,95348,479900,4,2.5,3286,6906,2005,Single Family Residential,Active,2026-08-25,37.3372152,-120.4898191,https://www.redfin.com/CA/Merced/3851-Twilight-Ave-95348/home/19645819,redfin
2026-09-17,mls:DW26039485,3880 Early Lgt,Merced,95348,400000,5,2.5,2023,4275,2005,Single Family Residential,Active,2026-03-02,37.3369528,-120.4904075,https://www.redfin.com/CA/Merced/3880-Early-Light-Ave-95348/home/19658704,redfin
2026-09-17,mls:MC26105349,3888 Solstice,Merced,95348,515000,8,4,3286,9833,2005,Single Family Residential,Active,2026-05-15,37.3390975,-120.4872439,https://www.redfin.com/CA/Merced/3888-Solstice-Ave-95348/home/19657581,redfin
2026-09-17,mls:226105372,3910 Twilight Ave,Merced,95348,459999,4,4,2352,5728,2006,Single Family Residential,Active,2026-08-21,37.3383451,-120.4900763,https://www.redfin.com/CA/Merced/3910-Twilight-Ave-95348/home/19658692,redfin
2026-09-17,mls:MC26178671,394 St. Bermuda,Merced,95341,95000,,,,5752,,Vacant Land,Active,2026-08-15,37.2826567,-120.4738723,https://www.redfin.com/CA/Merced/394-Bermuda-St-95341/home/19666930,redfin
2026-09-17,mls:MC26201117,3947 Finch Ct,Merced,95340,585000,4,3,1904,7497,1997,Single Family Residential,Active,2026-09-16,37.3375469,-120.4608631,https://www.redfin.com/CA/Merced/3947-Finch-Ct-95340/home/19679529,redfin
2026-09-17,mls:MC26167281,4025 St Remy Ct,Merced,95348,589000,5,3.5,3291,6710,2007,Single Family Residential,Active,2026-08-01,37.3418674,-120.4915622,https://www.redfin.com/CA/Merced/4025-St-Remy-Ct-95348/home/19651325,redfin
2026-09-17,mls:MC26082691,4089 Bayonet,Merced,95348,469000,4,3,1842,5125,2023,Single Family Residential,Active,2026-04-17,37.3425668,-120.4963347,https://www.redfin.com/CA/Merced/4089-Bayonet-Dr-95348/home/180787106,redfin
2026-09-17,mls:MC26181953,409 W 25th St,Merced,95340,225000,2,1,982,3750,1932,Single Family Residential,Active,2026-08-24,37.3091936,-120.4774598,https://www.redfin.com/CA/Merced/409-W-25th-St-95340/home/19692138,redfin
2026-09-17,mls:226089687,4100 Scarlet Ct,Merced,95348,482880,4,2.5,1924,5083,2026,Single Family Residential,Active,2026-07-16,37.343721,-120.491211,https://www.redfin.com/CA/Merced/4100-Scarlet-Ct-95348/home/186321264,redfin
2026-09-17,mls:0751E62A3111,4101 Adobe Ct,Merced,95348,454880,3,2.5,1777,,2026,Single Family Residential,Active,2026-06-24,37.343725,-120.49441,https://www.redfin.com/CA/Merced/4101-Adobe-Ct-95348/home/186321150,redfin
2026-09-17,mls:226094076,4108 Adobe Ct,Merced,95348,449880,3,2.5,1777,4658,2026,Single Family Residential,Active,2026-07-25,37.343855,-120.493857,https://www.redfin.com/CA/Merced/4108-Adobe-Ct-95348/home/186321177,redfin
2026-09-17,mls:MC26163326,4115 Scarlet Ct,Merced,95348,459880,4,2.5,1924,4656,2026,Single Family Residential,Active,2026-07-28,37.3429784,-120.4934196,https://www.redfin.com/CA/Merced/4115-Scarlet-Ct-95348/home/186321239,redfin
2026-09-17,mls:9146B3B1C39A,4116 Scarlet Ct,Merced,95348,479880,4,2.5,1924,,2026,Single Family Residential,Active,2026-06-01,37.3429784,-120.4934196,https://www.redfin.com/CA/Merced/4116-Scarlet-Ct-95348/home/186321261,redfin
2026-09-17,mls:62D769E83AAC,4125 Adobe Ct,Merced,95348,552330,4,2.5,1924,,2026,Single Family Residential,Active,2026-08-06,37.344102,-120.494398,https://www.redfin.com/CA/Merced/4125-Adobe-Ct-95348/home/186321153,redfin
2026-09-17,mls:MC26139899,413 El Portal Ct,Merced,95348,405000,4,2,1440,6000,1993,Single Family Residential,Active,2026-06-27,37.327138,-120.4735865,https://www.redfin.com/CA/Merced/413-El-Portal-Ct-95348/home/19667718,redfin
2026-09-17,mls:ML82035268,413 Hydrangea Ct,Merced,95341,440000,4,2.5,1864,5471,2005,Single Family Residential,Active,2026-02-18,37.2819906,-120.4260934,https://www.redfin.com/CA/Merced/413-Hydrangea-Ct-95341/home/19648529,redfin
2026-09-17,mls:MC26198130,4180 Adobe Ct,Merced,95348,525000,4,2.5,1941,4527,2024,Single Family Residential,Active,2026-09-10,37.3449473,-120.4937563,https://www.redfin.com/CA/Merced/4180-Adobe-Ct-95348/home/186321168,redfin
2026-09-17,mls:41144861,4195 North Highway 59,Merced,95348,285000,,,,39340,,Vacant Land,Active,2026-08-14,37.3492155,-120.5042264,https://www.redfin.com/CA/Merced/4195-N-State-Highway-59-95348/home/19684726,redfin
2026-09-17,mls:MC26123889,42 Squaw Valley Ct,Merced,95341,463709,4,2,1969,5805,2026,Single Family Residential,Active,2026-06-08,37.2849016,-120.4302551,https://www.redfin.com/CA/Merced/42-Squaw-Valley-Dr-95341/home/202168801,redfin
2026-09-17,mls:MC26201983,420 W 19th St,Merced,95340,315000,2,1.5,1489,7500,1938,Single Family Residential,Active,2026-09-16,37.3028374,-120.4813392,https://www.redfin.com/CA/Merced/420-W-19th-St-95340/home/19690991,redfin
2026-09-17,mls:MC26140315,4208 Berryesa,Merced,95348,399000,3,2.5,1555,3837,2008,Single Family Residential,Active,2026-06-28,37.3452052,-120.4693254,https://www.redfin.com/CA/Merced/4208-Berryesa-Ave-95348/home/19651904,redfin
2026-09-17,mls:MC26158999,424 Barclay Way,Merced,95348,450000,4,2,1700,4925,2007,Single Family Residential,Active,2026-07-25,37.3553556,-120.4744038,https://www.redfin.com/CA/Merced/424-Barclay-Way-95348/home/19651643,redfin
2026-09-17,mls:MC26182055,4240 Los Olivos Rd,Merced,95340,1600000,4,2,2561,361548,1970,Single Family Residential,Active,2026-08-25,37.3500726,-120.4354813,https://www.redfin.com/CA/Merced/4240-Los-Olivos-Rd-95340/home/19679651,redfin
2026-09-17,mls:MC26178473,4265 Freemark Ave,Merced,95348,559900,5,3.5,2478,5240,2021,Single Family Residential,Active,2026-08-21,37.3448479,-120.482299,https://www.redfin.com/CA/Merced/4265-Freemark-Ave-95348/home/28949033,redfin
2026-09-17,mls:226106909,434 Occidental Ct,Merced,95348,389999,4,2,1440,6000,1993,Single Family Residential,Active,2026-08-25,37.3281127,-120.4740071,https://www.redfin.com/CA/Merced/434-Occidental-Ct-95348/home/19667652,redfin
2026-09-17,mls:MC26168529,4395 Strathmore,Merced,95348,419000,4,2,1617,4725,2018,Single Family Residential,Active,2026-08-10,37.3494562,-120.4698107,https://www.redfin.com/CA/Merced/4395-Strathmore-Pl-95348/home/28951214,redfin
2026-09-17,mls:MC26195175,4431 Andrea,Merced,95348,450000,4,3,1745,5092,2022,Single Family Residential,Active,2026-09-06,37.3507554,-120.4829035,https://www.redfin.com/CA/Merced/4431-Andrea-Dr-95348/home/172360241,redfin
2026-09-17,mls:ML82053546,4449 Lacy Ln,Merced,95348,449000,3,2,1616,5125,2022,Single Family Residential,Active,2026-07-09,37.3508779,-120.482032,https://www.redfin.com/CA/Merced/4449-Lacy-Ln-95348/home/172360257,redfin
2026-09-17,mls:225139639,446 Tyler #148 Rd,Merced,95341,299000,,,,57543,,Vacant Land,Active,2025-11-01,37.2816477,-120.4693583,https://www.redfin.com/CA/Merced/446-Tyler-Rd-95341/home/28953786,redfin
2026-09-17,mls:MC26094946,4465 Andrea Dr,Merced,95348,451179,3,2,1620,4583,2026,Single Family Residential,Active,2026-06-07,37.3517279,-120.4830309,https://www.redfin.com/CA/Merced/4465-Andrea-Dr-95348/home/172360248,redfin
2026-09-17,mls:226106360,454 Jacobs Dr,Merced,95348,456644,4,3,1832,4800,2007,Single Family Residential,Active,2026-08-23,37.353343,-120.4733961,https://www.redfin.com/CA/Merced/454-Jacobs-Dr-95348/home/19651725,redfin
2026-09-17,mls:MC26182077,455 Columbia,Merced,95340,364900,3,2,1175,6000,1972,Single Family Residential,Active,2026-08-20,37.32404,-120.4645496,https://www.redfin.com/CA/Merced/455-Columbia-Ave-95340/home/19703734,redfin
2026-09-17,mls:226096553,457 Buena Vista Dr,Merced,95348,399999,3,2,1440,6569,1993,Single Family Residential,Active,2026-08-16,37.3278627,-120.4742567,https://www.redfin.com/CA/Merced/457-Buena-Vista-Dr-95348/home/19668122,redfin
2026-09-17,mls:MC26062941,4639 Sami Jo,Merced,95348,487000,4,2,1885,5123,2025,Single Family Residential,Active,2026-03-28,37.356132,-120.481036,https://www.redfin.com/CA/Merced/4639-Sami-Jo-Dr-95348/home/180787624,redfin
2026-09-17,mls:226018792,4672 Beckman Way,Merced,95348,385000,4,2.5,2116,5357,2007,Single Family Residential,Active,2026-02-19,37.3559542,-120.4725258,https://www.redfin.com/CA/Merced/4672-Beckman-Way-95348/home/19651672,redfin
2026-09-17,mls:MC26193060,475 Tulane,Merced,95348,410000,3,2,1360,6366,1999,Single Family Residential,Active,2026-09-03,37.3257095,-120.4745678,https://www.redfin.com/CA/Merced/475-Tulane-Dr-95348/home/19667400,redfin
2026-09-17,mls:MC26087411,4822 Durant,Merced,95348,599900,5,4,3265,7784,2007,Single Family Residential,Active,2026-05-06,37.3585415,-120.4691243,https://www.redfin.com/CA/Merced/4822-Durant-Way-95348/home/19650686,redfin
2026-09-17,mls:MC26177612,4836 Mari Cruz Ln,Merced,95348,453212,3,2,1620,5923,2026,Single Family Residential,Active,2026-08-14,37.358853,-120.478632,https://www.redfin.com/CA/Merced/4836-Mari-Cruz-Ln-95348/home/196426148,redfin
2026-09-17,mls:MC26094924,4842 Mari Cruz,Merced,95348,481417,3,2,1854,5923,2026,Single Family Residential,Active,2026-05-02,37.358982,-120.478524,https://www.redfin.com/CA/Merced/4842-Mari-Cruz-Ln-95348/home/196426147,redfin
2026-09-17,mls:MC26159854,4861 Langley,Merced,95348,475000,3,2,1928,8708,2015,Single Family Residential,Active,2026-07-29,37.3586468,-120.4716258,https://www.redfin.com/CA/Merced/4861-Langley-Way-95348/home/28950816,redfin
2026-09-17,mls:MC26177603,4866 Mari Cruz Ln,Merced,95348,516548,4,3,2203,5839,2026,Single Family Residential,Active,2026-08-14,37.359204,-120.478255,https://www.redfin.com/CA/Merced/4866-Mari-Cruz-Ln-95348/home/204576604,redfin
2026-09-17,mls:MC26182718,4869 Langley Way,Merced,95348,535000,5,2.5,2288,6903,2015,Single Family Residential,Active,2026-08-21,37.3590131,-120.4716565,https://www.redfin.com/CA/Merced/4869-Langley-Way-95348/home/28950822,redfin
2026-09-17,mls:MC26177584,4882 Mari Cruz Ln,Merced,95348,485789,4,3,1750,8042,2026,Single Family Residential,Active,2026-08-14,37.359382,-120.477905,https://www.redfin.com/CA/Merced/4882-Mari-Cruz-Ln-95348/home/204576504,redfin
2026-09-17,mls:MC26169759,5082 Palisade,Merced,95348,419999,4,2.5,1687,2116,2023,Single Family Residential,Active,2026-08-26,37.3625801,-120.46905,https://www.redfin.com/CA/Merced/5082-Palisade-Ave-95348/home/28952312,redfin
2026-09-17,mls:MC26172479,52 Sedona Dr,Merced,95341,419999,4,3,1836,3200,2026,Single Family Residential,Active,2026-08-07,37.274382,-120.484204,https://www.redfin.com/CA/Merced/52-Sedona-Dr-95341/home/180787881,redfin
2026-09-17,mls:MC26190483,52 W 25th,Merced,95340,239000,2,1,830,7500,1939,Single Family Residential,Active,2026-09-01,37.3068829,-120.4725298,https://www.redfin.com/CA/Merced/52-W-25th-St-95340/home/19691446,redfin
2026-09-17,mls:MC26119524,523 Barcelona Ct,Merced,95341,396000,4,2.5,1999,3485,2023,Single Family Residential,Active,2026-06-03,37.276891,-120.4841532,https://www.redfin.com/CA/Merced/523-Barcelona-Ct-95341/home/28951740,redfin
2026-09-17,mls:MC26183832,537 Alfarata Blvd,Merced,95341,399900,4,2,1732,5970,2006,Single Family Residential,Active,2026-08-22,37.2799467,-120.4378632,https://www.redfin.com/CA/Merced/537-Alfarata-Blvd-95341/home/19652525,redfin
2026-09-17,mls:MC22138199,5771 N Siena Ave,Merced,95340,265000,,,,43560,,Vacant Land,Active,2022-06-25,37.372404,-120.467821,https://www.redfin.com/CA/Merced/5771-N-Siena-Ave-95340/home/28949515,redfin
2026-09-17,mls:MC26162775,5820 N Siena Ave,Merced,95340,699000,,,,87120,,Vacant Land,Active,2026-07-26,37.372923,-120.466926,https://www.redfin.com/CA/Merced/5820-N-Siena-Ave-95340/home/28949517,redfin
2026-09-17,mls:226046872,5825 N Casa Sonada Ct,Merced,95340,285000,,,,43560,,Vacant Land,Active,2026-04-16,37.3732349,-120.4647476,https://www.redfin.com/CA/Merced/5825-N-Casa-Sonada-Ct-95340/home/168647420,redfin
2026-09-17,mls:MC26084705,5829 N Casa Sonada Ct,Merced,95340,300000,,,,43560,,Vacant Land,Active,2026-04-21,37.3737132,-120.464331,https://www.redfin.com/CA/Merced/5829-N-Casa-Sonada-Ct-95340/home/168647421,redfin
2026-09-17,mls:MC26084709,5830 N Rio Bonito Ct,Merced,95340,300000,,,,44431,,Vacant Land,Active,2026-04-21,37.373254,-120.462652,https://www.redfin.com/CA/Merced/5830-N-Rio-Bonito-Ct-95340/home/168647425,redfin
2026-09-17,mls:MC26138029,59 W 27th,Merced,95340,375000,3,2,1896,7500,1981,Single Family Residential,Active,2026-08-06,37.3093528,-120.4711085,https://www.redfin.com/CA/Merced/59-W-27th-St-95340/home/19693053,redfin
2026-09-17,mls:V1-38507,594 Granada Ct,Merced,95341,429900,4,3,1999,3671,2018,Single Family Residential,Active,2026-09-03,37.2760295,-120.4850942,https://www.redfin.com/CA/Merced/594-Granada-Ct-95341/home/28951771,redfin
2026-09-17,mls:MC26182432,60 E 12th,Merced,95341,599900,8,4,3000,7504,1977,Multi-Family (2-4 Unit),Active,2026-08-20,37.2927163,-120.4780047,https://www.redfin.com/CA/Merced/60-E-12th-St-95341/home/19687380,redfin
2026-09-17,mls:MC26202372,600 Dennis Ct,Merced,95340,329000,3,2,1718,8196,1968,Single Family Residential,Active,2026-09-16,37.3134479,-120.4641366,https://www.redfin.com/CA/Merced/600-Dennis-Ct-95340/home/19702111,redfin
2026-09-17,mls:MC26167550,603 Weslie Way,Merced,95348,359037,3,2.5,1358,2200,2026,Single Family Residential,Active,2026-08-01,37.360665,-120.478211,https://www.redfin.com/CA/Merced/603-Weslie-Way-Unknown/home/203570268,redfin
2026-09-17,mls:MC26177703,613 Weslie Way,Merced,95348,393290,3,2.5,1623,3969,2026,Single Family Residential,Active,2026-08-14,37.360675,-120.478516,https://www.redfin.com/CA/Merced/613-Weslie-Way-Unknown/home/204577766,redfin
2026-09-17,mls:MC26177694,615 Weslie Way,Merced,95348,359037,3,2.5,1358,2425,2026,Single Family Residential,Active,2026-08-14,37.360679,-120.478617,https://www.redfin.com/CA/Merced/615-Weslie-Way-Unknown/home/204577717,redfin
2026-09-17,mls:MC26177647,617 Weslie Way,Merced,95348,359037,3,2.5,1358,2473,2026,Single Family Residential,Active,2026-08-14,37.360682,-120.478693,https://www.redfin.com/CA/Merced/617-Weslie-Way-Unknown/home/204577547,redfin
2026-09-17,mls:MC26177619,621 Weslie Way,Merced,95348,393290,3,2.5,1623,4244,2026,Single Family Residential,Active,2026-08-14,37.360685,-120.478795,https://www.redfin.com/CA/Merced/621-Weslie-Way-Unknown/home/204576922,redfin
2026-09-17,mls:MC26127731,626 Heitz Ct,Merced,95348,429000,4,3,1852,5661,2020,Single Family Residential,Active,2026-07-02,37.3485926,-120.4781423,https://www.redfin.com/CA/Merced/626-Heitz-Ct-95348/home/28948826,redfin
2026-09-17,mls:226052760,627 Elizabeth Ct,Merced,95341,387500,3,2,1231,5301,2024,Single Family Residential,Active,2026-05-23,37.277912,-120.493846,https://www.redfin.com/CA/Merced/627-Elizabeth-Ct-95341/home/180787387,redfin
2026-09-17,mls:MC26163276,63 Maia Ct,Merced,95341,459000,4,2.5,1945,4595,2007,Single Family Residential,Active,2026-08-01,37.2890444,-120.4270611,https://www.redfin.com/CA/Merced/63-Maia-Ct-95341/home/19656885,redfin
2026-09-17,mls:MC26168622,630 Andrea,Merced,95348,410000,3,2,1616,4897,2020,Single Family Residential,Active,2026-08-04,37.3493336,-120.4782911,https://www.redfin.com/CA/Merced/630-Andrea-Dr-95348/home/168649010,redfin
2026-09-17,mls:MC26146533,636 W 25th,Merced,95340,330000,2,1,1056,7500,1949,Single Family Residential,Active,2026-07-07,37.3100838,-120.4811936,https://www.redfin.com/CA/Merced/636-W-25th-St-95340/home/19693007,redfin
2026-09-17,mls:MC26148395,654-- 658 W Yosemite,Merced,95348,499000,4,4,2378,6841,1984,Multi-Family (2-4 Unit),Active,2026-07-30,37.3318577,-120.4798624,https://www.redfin.com/CA/Merced/654-W-Yosemite-Ave-95348/home/19668082,redfin
2026-09-17,mls:MC26183806,670 Elizabeth Ct,Merced,95341,405000,4,2,1509,6118,2024,Single Family Residential,Active,2026-08-22,37.27745,-120.494384,https://www.redfin.com/CA/Merced/670-Elizabeth-Ct-95341/home/180787393,redfin
2026-09-17,mls:MC26163641,677 Mackenzie Ct,Merced,95341,379900,3,2,1000,4998,2024,Single Family Residential,Active,2026-07-28,37.2792618,-120.4943634,https://www.redfin.com/CA/Merced/677-Mackenzie-Ct-95341/home/180787315,redfin
2026-09-17,mls:MC26106631,684 Skyler Ln Unit 69 B2,Merced,95348,439990,4,2,1509,5830,2026,Single Family Residential,Active,2026-07-20,37.3586629,-120.4807985,https://www.redfin.com/CA/Merced/684-Skyler-Ln-95348/unit-69-B2/home/201858480,redfin
2026-09-17,mls:MC24096982,6922 G St,Merced,95340,3599999,2,3,6300,2964258,1982,Single Family Residential,Active,2024-05-17,37.3891143,-120.4663615,https://www.redfin.com/CA/Merced/6922-G-St-95340/home/187852220,redfin
2026-09-17,mls:MC26111249,693 Cadiz Ave,Merced,95341,450900,4,2.5,2182,3744,2022,Single Family Residential,Active,2026-05-23,37.274742,-120.48485,https://www.redfin.com/CA/Merced/693-Cadiz-Ave-95341/home/180787922,redfin
2026-09-17,mls:41148105,698 Keng Ct,Merced,95341,410000,3,2,1214,6838,2024,Single Family Residential,Active,2026-09-12,37.2802099,-120.494785,https://www.redfin.com/CA/Merced/698-Keng-Ct-95341/home/186321375,redfin
2026-09-17,mls:MC26183512,698 Roberts Ct,Merced,95340,475000,4,2,1900,12610,1967,Single Family Residential,Active,2026-09-02,37.3112846,-120.4628734,https://www.redfin.com/CA/Merced/698-Roberts-Ct-95340/home/19702775,redfin
2026-09-17,mls:226035968,7044 Hwy 59 & Sandy Mush Rd,Merced,95340,399000,,,,1001880,,Vacant Land,Active,2026-03-26,37.3145748,-120.4687351,https://www.redfin.com/CA/Merced/59-Sandy-Ln-95340/home/19703233,redfin
2026-09-17,mls:MC26008284,71 Tyler Rd,Merced,95341,1199000,,,,392040,,Vacant Land,Active,2026-01-14,37.2869741,-120.4703556,https://www.redfin.com/CA/Merced/71-Tyler-Rd-95341/home/194153528,redfin
2026-09-17,mls:MC26189059,713 Stone Ridge West Ave,Merced,95341,344140,3,2.5,1358,1649,2026,Single Family Residential,Active,2026-08-29,37.2768573,-120.4808773,https://www.redfin.com/CA/Merced/713-Stone-Ridge-West-Ave-95341/home/196426217,redfin
2026-09-17,mls:MC26053673,714 Dean Ct,Merced,95341,399900,3,2,1214,5200,2023,Single Family Residential,Active,2026-03-12,37.2788436,-120.4953763,https://www.redfin.com/CA/Merced/714-Dean-Ct-95341/home/180787328,redfin
2026-09-17,mls:MC26152873,714 Suzanne,Merced,95348,440000,3,2,1435,5065,2021,Single Family Residential,Active,2026-07-31,37.3512045,-120.4806199,https://www.redfin.com/CA/Merced/714-Suzanne-Dr-95348/home/172360276,redfin
2026-09-17,mls:226038701,72 E 12th St,Merced,95341,650000,6,4,3002,7505,1976,Multi-Family (5+ Unit),Active,2026-05-21,37.2926913,-120.4778409,https://www.redfin.com/CA/Merced/72-E-12th-St-95341/home/19687379,redfin
2026-09-17,mls:MC26013670,724 Robin Dr,Merced,95340,579900,5,3,2021,10109,1997,Single Family Residential,Active,2026-02-12,37.3369707,-120.4617846,https://www.redfin.com/CA/Merced/724-Robin-Dr-95340/home/19661373,redfin
2026-09-17,mls:MC26181900,725 Stone Ridge West Ave,Merced,95341,374750,3,2.5,1623,2774,2026,Single Family Residential,Active,2026-08-20,37.27672,-120.4808686,https://www.redfin.com/CA/Merced/725-Stone-Ridge-West-Ave-95341/home/196426220,redfin
2026-09-17,mls:MP26164276,726 Skyler Ct,Merced,95348,439000,3,2,1435,5269,2026,Single Family Residential,Active,2026-07-29,37.358728,-120.481646,https://www.redfin.com/CA/Merced/726-Skyler-Ln-95348/home/196426122,redfin
2026-09-17,mls:MC26094809,732 Stone Ridge East Ave,Merced,95341,328540,2,2.5,1259,1652,2026,Single Family Residential,Active,2026-09-11,37.2751972,-120.4843636,https://www.redfin.com/CA/Merced/732-Stone-Ridge-East-Ave-95341/home/196426251,redfin
2026-09-17,mls:MC26095163,733 Marshall Ct,Merced,95348,445000,3,2,1620,5611,2026,Single Family Residential,Active,2026-05-02,37.35993,-120.481585,https://www.redfin.com/CA/Merced/733-Marshall-Ct-95348/home/201673758,redfin
2026-09-17,mls:226083180,733 Newton Ct,Merced,95348,450000,5,2.5,1919,5502,2020,Single Family Residential,Active,2026-07-01,37.3481419,-120.4808294,https://www.redfin.com/CA/Merced/733-Newton-Ct-95348/home/28948811,redfin
2026-09-17,mls:FR26190233,736 W 9th,Merced,95341,289900,2,1,776,7500,1948,Single Family Residential,Active,2026-09-01,37.2943979,-120.4921153,https://www.redfin.com/CA/Merced/736-W-9th-St-95341/home/19690132,redfin
2026-09-17,mls:MC26027458,738 Skyler Ct,Merced,95348,445000,3,2,1620,5300,2026,Single Family Residential,Active,2026-03-11,37.358728,-120.481818,https://www.redfin.com/CA/Merced/738-Skyler-Ln-95348/home/196426123,redfin
2026-09-17,mls:226092145,747 Marcus Ct,Merced,95341,385000,3,2,1443,5001,2022,Single Family Residential,Active,2026-07-25,37.2799617,-120.4959358,https://www.redfin.com/CA/Merced/747-Marcus-Ct-95341/home/179425220,redfin
2026-09-17,mls:cmpmoqogk10nys6015tvoig1e,751 Yosemite Pkwy,Merced,95340,250000,3,1,1036,,1959,Unknown,Active,2026-05-27,37.2955401,-120.4653358,https://www.redfin.com/CA/Merced/751-Yosemite-Pkwy-95340/home/19687728,redfin
2026-09-17,mls:MC26185562,756 Brianne Ct,Merced,95341,399999,3,2,1214,5175,2021,Single Family Residential,Active,2026-08-25,37.2825904,-120.4960306,https://www.redfin.com/CA/Merced/756-Brianne-Ct-95341/home/176247864,redfin
2026-09-17,mls:MC26001848,756 Crist,Merced,95341,105000,,,,14894,,Vacant Land,Active,2026-01-06,37.2936235,-120.4685564,https://www.redfin.com/CA/Merced/756-Crist-Ave-95341/home/19687412,redfin
2026-09-17,mls:MC26009493,767 Taryn Ct,Merced,95341,340000,3,2,1000,5433,2020,Single Family Residential,Active,2026-03-18,37.2843948,-120.4961734,https://www.redfin.com/CA/Merced/767-Taryn-Ct-95341/home/172356595,redfin
2026-09-17,mls:MC26073213,789 Yosemite,Merced,95340,299999,3,1,1032,7500,1953,Single Family Residential,Active,2026-05-27,37.295444,-120.4651341,https://www.redfin.com/CA/Merced/789-Yosemite-Pkwy-95340/home/19687612,redfin
2026-09-17,mls:226081813,794 Dean Ct,Merced,95341,455000,4,2,1862,7000,2023,Single Family Residential,Active,2026-06-27,37.2788084,-120.4967438,https://www.redfin.com/CA/Merced/794-Dean-Ct-95341/home/180787335,redfin
2026-09-17,mls:MC25254770,835 W 10th St,Merced,95341,145000,,,,14536,,Vacant Land,Active,2025-11-06,37.2963738,-120.4927217,https://www.redfin.com/CA/Merced/835-W-10th-St-95341/home/183226295,redfin
2026-09-17,mls:MC25202610,84 Jack Ct,Merced,95341,379000,4,2.5,1945,4595,2007,Single Family Residential,Active,2025-11-13,37.2893222,-120.4274259,https://www.redfin.com/CA/Merced/84-Jack-Ct-95341/home/19657494,redfin
2026-09-17,mls:226089232,847 Kelsey Ct,Merced,95348,615000,4,3,2280,10277,2023,Single Family Residential,Active,2026-07-16,37.3537928,-120.4837813,https://www.redfin.com/CA/Merced/847-Kelsey-Ct-95348/home/180787459,redfin
2026-09-17,mls:MC26133869,86 Sedona,Merced,95341,445000,4,2.5,2182,3199,2022,Single Family Residential,Active,2026-06-20,37.2744305,-120.485051,https://www.redfin.com/CA/Merced/86-Sedona-Dr-95341/home/180787875,redfin
2026-09-17,mls:MC26148980,864 E Childs,Merced,95341,2190000,,,,871200,,Vacant Land,Active,2026-07-11,37.2875663,-120.4660284,https://www.redfin.com/CA/Merced/864-E-Childs-Ave-95341/home/188876508,redfin
2026-09-17,mls:MC26041835,890 Barney,Merced,95340,299000,2,1,1233,6075,1951,Single Family Residential,Active,2026-05-07,37.3009501,-120.4613226,https://www.redfin.com/CA/Merced/890-Barney-St-95340/home/19687980,redfin
2026-09-17,mls:MC25242208,902 W 20th St,Merced,95340,345000,2,1,1378,7368,1917,Single Family Residential,Active,2025-10-18,37.3065016,-120.4880009,https://www.redfin.com/CA/Merced/902-W-20th-St-95340/home/19691004,redfin
2026-09-17,mls:MC25252460,915 R St,Merced,95341,325000,3,1,1232,5391,1930,Single Family Residential,Active,2025-11-03,37.2968727,-120.497309,https://www.redfin.com/CA/Merced/915-R-St-95341/home/19690941,redfin
2026-09-17,mls:242694,929 W 6th St,Merced,95341,625500,5,3,2300,6200,2026,Single Family Residential,Active,2026-07-07,37.2929392,-120.4963773,https://www.redfin.com/CA/Merced/929-W-6th-St-95341/home/189156477,redfin
2026-09-17,mls:651525,929 W 6th St #2,Merced,95341,625500,5,2.75,2298,6198,2026,Multi-Family (2-4 Unit),Active,2026-07-07,37.2929392,-120.4963773,https://www.redfin.com/CA/Merced/929-W-6th-St-95341/unit-2/home/202660811,redfin
2026-09-17,mls:226004168,930 W 23rd St,Merced,95340,295000,2,1,912,7501,1940,Single Family Residential,Active,2026-01-24,37.309677,-120.4867814,https://www.redfin.com/CA/Merced/930-W-23rd-St-95340/home/19692025,redfin
2026-09-17,mls:MC25270339,965 N Bryant Ct,Merced,95341,190000,,,,47916,,Vacant Land,Active,2025-12-04,37.300171,-120.520387,https://www.redfin.com/CA/Merced/965-N-Bryant-Ct-95341/home/49858867,redfin
2026-09-17,mls:55E1FC816993,Adams Plan,Merced,95348,455490,4,2,1509,,,Single Family Residential,Active,2025-07-31,37.35757827758789,-120.47850036621094,https://www.redfin.com/CA/Merced/Merced/Adams/home/196689296,redfin
2026-09-17,mls:BEC68E49FC28,Coolidge Plan,Merced,95341,461490,4,3,1842,,,Single Family Residential,Active,2026-04-10,37.284751892089844,-120.43229675292969,https://www.redfin.com/CA/Merced/Merced/Coolidge/home/196730179,redfin
2026-09-17,mls:910CCC4449B9,Coolidge Plan,Merced,95348,482490,4,3,1842,,,Single Family Residential,Active,2025-07-31,37.35757827758789,-120.47850036621094,https://www.redfin.com/CA/Merced/Merced/Coolidge/home/196689029,redfin
2026-09-17,mls:ACB25E048A12,Grayson Plan,Merced,95341,424990,3,2,1290,,,Single Family Residential,Active,2025-08-16,37.2918983,-120.4266809,https://www.redfin.com/CA/Merced/Merced/Grayson/home/197150413,redfin
2026-09-17,mls:FDD583518435,Lanner Plan,Merced,95341,498990,4,2.5,1924,,,Single Family Residential,Active,2026-04-03,37.291656,-120.42655,https://www.redfin.com/CA/Merced/Merced/Lanner/home/201094597,redfin
2026-09-17,mls:ED6468F7B4C8,Lark Plan,Merced,95348,473490,4,2,1509,,,Single Family Residential,Active,2025-05-30,37.35757827758789,-120.47850036621094,https://www.redfin.com/CA/Merced/Merced/Lark/home/195942202,redfin
2026-09-17,mls:15061A6A2B6D,Mountain Top II Plan,Merced,95348,509000,5,3,1890,,,Single Family Residential,Active,2025-08-19,37.3615146,-120.4694483,https://www.redfin.com/CA/Merced/Merced/Mountain-Top-II/home/190509865,redfin
2026-09-17,mls:874769B64FE6,Skyview II Plan,Merced,95348,479000,4,2.5,1824,,,Single Family Residential,Active,2025-08-18,37.3615146,-120.4694483,https://www.redfin.com/CA/Merced/Merced/Skyview-II/home/190509863,redfin
2026-09-17,mls:BF6DF43CAE31,The Adelina Plan,Merced,95341,397838,3,2,1403,,,Single Family Residential,Active,2025-10-27,37.2862897,-120.4304902,https://www.redfin.com/CA/Merced/Merced/The-Adelina/home/198798410,redfin
2026-09-17,mls:AB628F81CA4C,The Ashington Plan,Merced,95348,465600,4,3,1750,,,Single Family Residential,Active,2025-11-03,37.3582045,-120.4809235,https://www.redfin.com/CA/Merced/Merced/The-Ashington/home/198836475,redfin
2026-09-17,mls:7544A213B692,The Ashington Plan,Merced,95341,438700,4,3,1750,,,Single Family Residential,Active,2025-10-27,37.2862897,-120.4304902,https://www.redfin.com/CA/Merced/Merced/The-Ashington/home/198798406,redfin
2026-09-17,mls:33109F27E8B2,The Caledonia Plan,Merced,95348,480600,4,3,1969,,,Single Family Residential,Active,2025-12-21,37.3582045,-120.4809235,https://www.redfin.com/CA/Merced/Merced/The-Caledonia/home/199743228,redfin
2026-09-17,mls:3335387E8898,The Carmelo Plan,Merced,95341,391874,3,2,1500,,,Single Family Residential,Active,2025-08-01,37.2917052,-120.4288446,https://www.redfin.com/CA/Merced/Merced/The-Carmelo/home/196756198,redfin
2026-09-17,mls:C841C396BC54,The Cascade Plan,Merced,95348,436368,3,2,1620,,,Single Family Residential,Active,2025-11-07,37.3582045,-120.4809235,https://www.redfin.com/CA/Merced/Merced/The-Cascade/home/198909838,redfin
2026-09-17,mls:2BB8EC88400D,The Cascade Plan,Merced,95341,421000,3,2,1620,,,Single Family Residential,Active,2025-10-27,37.2862897,-120.4304902,https://www.redfin.com/CA/Merced/Merced/The-Cascade/home/198798409,redfin
2026-09-17,mls:DECD7A7C0493,The Florencia Plan,Merced,95348,569600,5,3,2752,,,Single Family Residential,Active,2025-11-07,37.3582045,-120.4809235,https://www.redfin.com/CA/Merced/Merced/The-Florencia/home/198918663,redfin
2026-09-17,mls:EB4F2420027D,The Haven Plan,Merced,95341,362250,3,2.5,1623,,,Townhouse,Active,2025-10-14,37.2766279,-120.4806608,https://www.redfin.com/CA/Merced/Merced/The-Haven/home/198576924,redfin
2026-09-17,mls:C5D14AA59F41,The Kelsey Plan,Merced,95341,309900,2,2.5,1259,,,Townhouse,Active,2025-10-14,37.2766279,-120.4806608,https://www.redfin.com/CA/Merced/Merced/The-Kelsey/home/198576925,redfin
2026-09-17,mls:581E257A65CE,The Monterey Plan,Merced,95348,489600,4,2,1960,,,Single Family Residential,Active,2025-12-21,37.3582045,-120.4809235,https://www.redfin.com/CA/Merced/Merced/The-Monterey/home/199743230,redfin
2026-09-17,mls:7EE60E243966,The Monterey Plan,Merced,95341,471550,4,2,1960,,,Single Family Residential,Active,2025-10-28,37.2862897,-120.4304902,https://www.redfin.com/CA/Merced/Merced/The-Monterey/home/198798429,redfin
2026-09-17,mls:43516D609CFC,The Rainier Plan,Merced,95348,404900,3,2,1435,,,Single Family Residential,Active,2025-11-07,37.3582045,-120.4809235,https://www.redfin.com/CA/Merced/Merced/The-Rainier/home/198918611,redfin
2026-09-17,mls:C66618349959,The Santa Cruz Plan,Merced,95348,479600,4,3,1810,,,Single Family Residential,Active,2025-12-21,37.3582045,-120.4809235,https://www.redfin.com/CA/Merced/Merced/The-Santa-Cruz/home/199743229,redfin
2026-09-17,mls:35E70551F97C,The Santa Cruz Plan,Merced,95341,465200,4,3,1810,,,Single Family Residential,Active,2025-10-27,37.2862897,-120.4304902,https://www.redfin.com/CA/Merced/Merced/The-Santa-Cruz/home/198798407,redfin
2026-09-17,mls:91E012AEF7B7,The Shasta Plan,Merced,95348,479230,4,3,2207,,,Single Family Residential,Active,2025-11-03,37.3582045,-120.4809235,https://www.redfin.com/CA/Merced/Merced/The-Shasta/home/198836473,redfin
2026-09-17,mls:414BA255B8B4,The Sierra Plan,Merced,95341,325500,3,2.5,1358,,,Townhouse,Active,2025-10-14,37.2766279,-120.4806608,https://www.redfin.com/CA/Merced/Merced/The-Sierra/home/198576923,redfin
2026-09-17,mls:347EB8F16713,The Teton Plan,Merced,95348,470600,3,2,1854,,,Single Family Residential,Active,2025-11-07,37.3582045,-120.4809235,https://www.redfin.com/CA/Merced/Merced/The-Teton/home/198918058,redfin
2026-09-17,mls:DBF11679A93F,The Tolosa Plan,Merced,95341,483361,4,2,2392,,,Single Family Residential,Active,2025-10-14,37.2917052,-120.4288446,https://www.redfin.com/CA/Merced/Merced/The-Tolosa/home/198576922,redfin
2026-09-18,mls:226043198,0 Fruitland & Orchard Park Ave,Atwater,95301,1500000,,,,1337292,,Vacant Land,Active,2026-04-08,37.3626644,-120.5957832,https://www.redfin.com/CA/Atwater/0-Fruitland-Ave-95301/home/183517590,redfin
2026-09-18,mls:MC22098863,0 Green Sands Ave,Atwater,95301,720000,,,,45738,,Vacant Land,Active,2022-05-12,37.338095,-120.576147,https://www.redfin.com/CA/Atwater/Green-Sands-Ave-95301/home/179404945,redfin
2026-09-18,mls:MC26107959,1 Gurr Rd,Atwater,95301,425000,,,,213880,,Vacant Land,Active,2026-05-18,37.32537,-120.557565,https://www.redfin.com/CA/Atwater/1-Gurr-RD-95301/home/198748593,redfin
2026-09-18,mls:MC26025984,1 W Belcher Ave,Atwater,95348,290000,,,,54886,,Vacant Land,Active,2026-02-04,37.338472,-120.544579,https://www.redfin.com/CA/Atwater/1-W-Belcher-Ave-95301/home/200353831,redfin
2026-09-18,mls:226114978,101 Manzanita Dr,Atwater,95301,379900,4,2,1876,8019,1985,Single Family Residential,Active,2026-09-17,37.364388,-120.5960439,https://www.redfin.com/CA/Atwater/101-Manzanita-Dr-95301/home/19669071,redfin
2026-09-18,mls:MC26185791,1020 Prince William Ct,Atwater,95301,1250000,5,4.5,3632,43560,2026,Single Family Residential,Active,2026-08-24,37.3025539,-120.5839977,https://www.redfin.com/CA/Atwater/1020-Prince-William-Ct-95301/home/168648013,redfin
2026-09-18,mls:MC26125479,10366 Rose,Atwater,95301,813500,,,,1045440,,Vacant Land,Active,2026-06-09,37.324381,-120.675708,https://www.redfin.com/CA/Atwater/10366-Rose-Ave-95301/home/187905845,redfin
2026-09-18,mls:224602563,10511 White Crane Rd,Atwater,95301,1195950,,,,1751112,,Vacant Land,Active,2026-06-02,37.3160829,-120.6786226,https://www.redfin.com/CA/Atwater/10511-White-Crane-Rd-95301/home/182992353,redfin
2026-09-18,mls:MC26184825,111 Pacemaker,Atwater,95301,374999,3,2,1530,7264,1975,Single Family Residential,Active,2026-08-25,37.3532969,-120.5953379,https://www.redfin.com/CA/Atwater/111-Pacemaker-Dr-95301/home/19706647,redfin
2026-09-18,mls:MC26040384,1160 Oak Ave,Atwater,95301,325000,4,2,1595,8201,1951,Single Family Residential,Active,2026-02-23,37.3556208,-120.6030817,https://www.redfin.com/CA/Atwater/1160-Oak-Ave-95301/home/19708945,redfin
2026-09-18,mls:ML82057518,1170 Spruce,Atwater,95301,370000,3,2,1481,6240,1957,Single Family Residential,Active,2026-08-12,37.3589015,-120.6042608,https://www.redfin.com/CA/Atwater/1170-Spruce-Ave-95301/home/19709053,redfin
2026-09-18,mls:MC26203442,1291 Spruce,Atwater,95301,375000,3,2,1226,7475,1955,Single Family Residential,Active,2026-09-16,37.3590269,-120.6058987,https://www.redfin.com/CA/Atwater/1291-Spruce-Ave-95301/home/19708693,redfin
2026-09-18,mls:MC26115028,1319 3rd St,Atwater,95301,349900,3,1,1356,7321,1920,Single Family Residential,Active,2026-07-07,37.3485144,-120.608288,https://www.redfin.com/CA/Atwater/1319-3rd-St-95301/home/19708365,redfin
2026-09-18,mls:MC26198555,134 E Fir,Atwater,95301,295000,3,2,1425,10969,1959,Single Family Residential,Active,2026-09-10,37.3457031,-120.5946928,https://www.redfin.com/CA/Atwater/134-E-Fir-Ave-95301/home/19706101,redfin
2026-09-18,mls:MC26087176,136 Seville Ct,Atwater,95301,58000,2,1,672,,1980,Mobile/Manufactured Home,Active,2026-04-22,37.3413116,-120.5881367,https://www.redfin.com/CA/Atwater/136-Seville-Ct-95301/home/19655417,redfin
2026-09-18,mls:MC26186737,1371 Shady Cove Ave,Atwater,95301,265000,,,,43655,,Vacant Land,Active,2026-08-25,37.3074557,-120.5915332,https://www.redfin.com/CA/Atwater/1371-Shady-Cove-Ave-95301/home/168647928,redfin
2026-09-18,mls:ML82058659,1405 Tamarack Ave,Atwater,95301,325000,3,2,1386,8075,1955,Single Family Residential,Active,2026-08-21,37.3595332,-120.6073025,https://www.redfin.com/CA/Atwater/1405-Tamarack-Ave-95301/home/19708185,redfin
2026-09-18,mls:MC26164246,1420 Fairway,Atwater,95301,475000,4,2,1997,8993,1997,Single Family Residential,Active,2026-08-13,37.3453742,-120.5855426,https://www.redfin.com/CA/Atwater/1420-Fairway-Dr-95301/home/19705775,redfin
2026-09-18,mls:MC26183256,1428 Vine Cir,Atwater,95301,330000,3,1.5,1216,2880,1990,Single Family Residential,Active,2026-09-02,37.3539283,-120.6210143,https://www.redfin.com/CA/Atwater/1428-Vine-Cir-95301/home/19659569,redfin
2026-09-18,mls:MC26196306,1453 Augusta,Atwater,95301,495000,4,2,1964,7492,2001,Single Family Residential,Active,2026-09-10,37.3418612,-120.5792132,https://www.redfin.com/CA/Atwater/1453-Augusta-Ln-95301/home/19665042,redfin
2026-09-18,mls:MC26191754,1463 Juniper Ave,Atwater,95301,319000,3,1,1306,8724,1951,Single Family Residential,Active,2026-09-11,37.3544585,-120.6076816,https://www.redfin.com/CA/Atwater/1463-Juniper-Ave-95301/home/19709001,redfin
2026-09-18,mls:MC26136421,1501 Drakeley,Atwater,95301,297699,2,1,757,7116,1928,Single Family Residential,Active,2026-06-22,37.349514,-120.6110231,https://www.redfin.com/CA/Atwater/1501-Drakeley-Ave-95301/home/21887227,redfin
2026-09-18,mls:226107316,1505 Jorgensen St,Atwater,95301,389000,3,2,1333,6878,1956,Single Family Residential,Active,2026-08-26,37.3460862,-120.5935394,https://www.redfin.com/CA/Atwater/1505-Jorgensen-St-95301/home/19707009,redfin
2026-09-18,mls:226084471,1522 Vine Cir,Atwater,95301,349900,3,1.5,1216,2879,1990,Single Family Residential,Active,2026-07-07,37.3538377,-120.6212607,https://www.redfin.com/CA/Atwater/1522-Vine-Cir-95301/home/19650770,redfin
2026-09-18,mls:MC26178733,1527 Underwood,Atwater,95301,399000,3,2,1543,9005,1957,Single Family Residential,Active,2026-08-14,37.3598418,-120.6095756,https://www.redfin.com/CA/Atwater/1527-Underwood-Ave-95301/home/19708162,redfin
2026-09-18,mls:MC26176577,1536 Fir Ave,Atwater,95301,299999,3,2,1002,7232,1954,Single Family Residential,Active,2026-08-13,37.3509088,-120.6104503,https://www.redfin.com/CA/Atwater/1536-Fir-Ave-95301/home/19707972,redfin
2026-09-18,mls:MC26172461,160 Jeanna Ct,Atwater,95301,694999,4,3,2678,11325,2026,Single Family Residential,Active,2026-08-06,37.372538,-120.5937848,https://www.redfin.com/CA/Atwater/160-Jeanna-Ct-95301/home/28952238,redfin
2026-09-18,mls:MC26161061,1625 Osborn Ter,Atwater,95301,392000,3,2,1346,6628,1960,Single Family Residential,Active,2026-08-09,37.3476363,-120.5929879,https://www.redfin.com/CA/Atwater/1625-Osborn-Ter-95301/home/19707368,redfin
2026-09-18,mls:226109198,1694 Elm Ave,Atwater,95301,340000,2,2,806,6765,1938,Single Family Residential,Active,2026-08-28,37.350644,-120.6124198,https://www.redfin.com/CA/Atwater/1694-Elm-Ave-95301/home/19708326,redfin
2026-09-18,mls:CV26135510,171 ATWATER #29,Atwater,95301,120000,3,2,1390,,1989,Mobile/Manufactured Home,Active,2026-06-21,37.341906,-120.596759,https://www.redfin.com/CA/Atwater/171-Atwater-Blvd-95301/unit-29/home/19654911,redfin
2026-09-18,mls:MC26104500,1719 Liberty,Atwater,95301,325000,3,2,1110,6750,1948,Single Family Residential,Active,2026-06-27,37.3547675,-120.6164397,https://www.redfin.com/CA/Atwater/1719-Liberty-St-95301/home/19709270,redfin
2026-09-18,mls:MC26093531,1800 2nd,Atwater,95301,549900,3,2,1802,15153,1951,Single Family Residential,Active,2026-05-05,37.3519828,-120.6042363,https://www.redfin.com/CA/Atwater/1800-2nd-St-95301/home/161299203,redfin
2026-09-18,mls:MC25219261,1831 Olive Ave,Atwater,95301,325000,1,1,280,13778,1940,Single Family Residential,Active,2025-10-29,37.3493071,-120.6148542,https://www.redfin.com/CA/Atwater/1831-Olive-Ave-95301/home/19709352,redfin
2026-09-18,mls:MC26202224,1873 Grove Ave,Atwater,95301,995000,70,,4642,14496,1979,Multi-Family (5+ Unit),Active,2026-09-15,37.3536168,-120.613139,https://www.redfin.com/CA/Atwater/1873-Grove-Ave-95301/home/19708355,redfin
2026-09-18,mls:MC24152023,1883 Sycamore Ave,Atwater,95301,650000,,,,52272,,Vacant Land,Active,2024-07-24,37.3469,-120.617299,https://www.redfin.com/CA/Atwater/1883-Sycamore-Ave-95301/home/21156099,redfin
2026-09-18,mls:MC26184580,190 Kadota,Atwater,95301,450000,3,2,1709,7350,1979,Single Family Residential,Active,2026-08-22,37.350776,-120.59799,https://www.redfin.com/CA/Atwater/190-Kadota-Ave-95301/home/19706882,redfin
2026-09-18,mls:MC26147011,1917 Shasta,Atwater,95301,475000,4,2,1841,6397,2007,Single Family Residential,Active,2026-07-07,37.3467111,-120.6242317,https://www.redfin.com/CA/Atwater/1917-Shasta-Dr-95301/home/19652770,redfin
2026-09-18,mls:MC26136462,1971 Mitchell,Atwater,95301,240000,1,1,576,4262,1947,Single Family Residential,Active,2026-06-22,37.3530587,-120.6152921,https://www.redfin.com/CA/Atwater/1971-Mitchell-St-95301/home/19709243,redfin
2026-09-18,mls:MC26089924,2 Rancho Grande Cir,Atwater,95301,132000,2,2,864,,2019,Mobile/Manufactured Home,Active,2026-04-25,37.340844,-120.588071,https://www.redfin.com/CA/Atwater/2-Rancho-Grande-Cir-95301/home/185794860,redfin
2026-09-18,mls:MC26025317,2 W Belcher Ave Ave,Atwater,95348,275000,,,,44431,,Vacant Land,Active,2026-02-04,37.338379,-120.543985,https://www.redfin.com/CA/Atwater/2-W-Belcher-Ave-95301/home/200350163,redfin
2026-09-18,mls:cmrzhhmi800u1s601lhzf835k,2001 Eucalyptus St,Atwater,95301,300000,3,2,1263,,1970,Unknown,Active,2026-07-24,37.3525738,-120.6015444,https://www.redfin.com/CA/Atwater/2001-Eucalyptus-St-95301/home/19707873,redfin
2026-09-18,mls:MC26141326,2024 De La Vina Ct,Atwater,95301,489000,3,2,1728,6540,2024,Single Family Residential,Active,2026-06-29,37.3482248,-120.5689736,https://www.redfin.com/CA/Atwater/2024-De-la-Vina-Ct-95301/home/28947790,redfin
2026-09-18,mls:226092977,2039 Cambridge Dr,Atwater,95301,924950,4,2.5,2011,43560,1979,Single Family Residential,Active,2026-07-23,37.3172155,-120.5852308,https://www.redfin.com/CA/Atwater/2039-Cambridge-Dr-95301/home/19706483,redfin
2026-09-18,mls:226068921,2275 5th St,Atwater,95301,449000,3,2.5,1981,9561,1955,Single Family Residential,Active,2026-06-03,37.3566224,-120.6062774,https://www.redfin.com/CA/Atwater/2275-5th-St-95301/home/19709061,redfin
2026-09-18,mls:MC25147391,2294 Olive Ave,Atwater,95301,55000,,,,13966,,Vacant Land,Active,2025-07-01,37.3514598,-120.6208716,https://www.redfin.com/CA/Atwater/2294-Olive-Ave-95301/home/19709111,redfin
2026-09-18,mls:MC26114023,2350 Angelus Ct,Atwater,95301,439900,3,2,1609,12070,1976,Single Family Residential,Active,2026-06-09,37.3576477,-120.614814,https://www.redfin.com/CA/Atwater/2350-Angelus-Ct-95301/home/19708819,redfin
2026-09-18,mls:MC26051388,2355 Atwater Blvd Spc 22,Atwater,95301,55000,3,2,840,,2016,Mobile/Manufactured Home,Active,2026-03-11,37.3507817,-120.6214714,https://www.redfin.com/CA/Atwater/2355-Atwater-Blvd-95301/unit-22/home/172361410,redfin
2026-09-18,mls:cmtj7o0m6031rs6013ev0ioz8,2412 Brodalski St,Atwater,95301,410000,3,2,1840,,1981,Unknown,Active,2026-09-01,37.3606617,-120.6193387,https://www.redfin.com/CA/Atwater/2412-Brodalski-St-95301/home/19669346,redfin
2026-09-18,mls:MC26183608,2480 Boulder Dr,Atwater,95301,535000,4,2,2060,8472,2008,Single Family Residential,Active,2026-08-21,37.3573351,-120.5866815,https://www.redfin.com/CA/Atwater/2480-Boulder-Dr-95301/home/19651866,redfin
2026-09-18,mls:MC26163242,249 Live Oak,Atwater,95301,465000,4,2,1876,10445,1989,Single Family Residential,Active,2026-07-27,37.3674341,-120.5979875,https://www.redfin.com/CA/Atwater/249-Live-Oak-Dr-95301/home/19669122,redfin
2026-09-18,mls:MC26141523,2731 Yosemite Ct,Atwater,95301,424900,4,2,1546,6599,1988,Single Family Residential,Active,2026-07-15,37.369276,-120.6248468,https://www.redfin.com/CA/Atwater/2731-Yosemite-Ct-95301/home/19668838,redfin
2026-09-18,mls:226095283,2755 Atwater Blvd Unit G,Atwater,95301,59000,2,1,601,,1977,Mobile/Manufactured Home,Active,2026-07-29,37.3530085,-120.6278709,https://www.redfin.com/CA/Atwater/2755-Atwater-Blvd-95301/unit-G/home/191959108,redfin
2026-09-18,mls:MC26187407,2788 Herrod,Atwater,95301,895000,3,2,2394,47916,1987,Single Family Residential,Active,2026-08-27,37.3282279,-120.5920045,https://www.redfin.com/CA/Atwater/2788-Herrod-Ave-95301/home/19705025,redfin
2026-09-18,mls:MC26152667,2850 Woodbury Ct,Atwater,95301,799901,3,2,1863,47916,1989,Single Family Residential,Active,2026-07-17,37.3292323,-120.5823632,https://www.redfin.com/CA/Atwater/2850-Woodbury-Ct-95301/home/19705301,redfin
2026-09-18,mls:MC26118530,2869 Hillcrest St,Atwater,95301,439000,3,2,1623,6819,1974,Single Family Residential,Active,2026-07-02,37.3620778,-120.6103928,https://www.redfin.com/CA/Atwater/2869-Hillcrest-St-95301/home/19669067,redfin
2026-09-18,mls:MC26202908,3207 Manzanita,Atwater,95301,479000,4,2,1876,6000,1989,Single Family Residential,Active,2026-09-17,37.3672547,-120.600526,https://www.redfin.com/CA/Atwater/3207-Manzanita-Dr-95301/home/19668930,redfin
2026-09-18,mls:MC26200202,3369 Lighthouse Ct,Atwater,95301,525000,4,3,2442,7187,1991,Single Family Residential,Active,2026-09-12,37.3690061,-120.5986042,https://www.redfin.com/CA/Atwater/3369-Lighthouse-Ct-95301/home/19668649,redfin
2026-09-18,mls:MC26187134,3370 Harness Dr,Atwater,95301,539900,4,2.5,2375,6800,2006,Single Family Residential,Active,2026-08-27,37.3697202,-120.6002666,https://www.redfin.com/CA/Atwater/3370-Harness-Dr-95301/home/19658536,redfin
2026-09-18,mls:MC26061429,3379 Lighthouse Ct,Atwater,95301,249900,,,,7790,,Vacant Land,Active,2026-03-20,37.3691893,-120.5986279,https://www.redfin.com/CA/Atwater/3379-Lighthouse-Ct-95301/home/200957298,redfin
2026-09-18,mls:MC26102154,3650 Santa Fe,Atwater,95301,399000,,,,121968,,Vacant Land,Active,2026-05-11,37.3415852,-120.5414649,https://www.redfin.com/CA/Atwater/3650-N-Santa-Fe-Ave-95301/home/19655352,redfin
2026-09-18,mls:226111837,456 Elm,Atwater,95301,320000,3,1,1299,7649,1952,Single Family Residential,Active,2026-09-04,37.3457724,-120.5996582,https://www.redfin.com/CA/Atwater/456-Elm-Ave-95301/home/19707284,redfin
2026-09-18,mls:MC25260738,474 Aaron Ct,Atwater,95301,699900,4,3,2412,11000,2025,Single Family Residential,Active,2025-11-14,37.373416,-120.6014311,https://www.redfin.com/CA/Atwater/474-Aaron-Ct-95301/home/28947469,redfin
2026-09-18,mls:MC26146741,485 Windmill Ct,Atwater,95301,565000,4,2.5,2297,7079,2017,Single Family Residential,Active,2026-07-06,37.3703282,-120.6015627,https://www.redfin.com/CA/Atwater/485-Windmill-Ct-95301/home/28947233,redfin
2026-09-18,mls:MC25225932,4910-4910 Clover Ave,Atwater,95301,1100000,,,,125463,,Vacant Land,Active,2025-09-25,37.336971,-120.5754416,https://www.redfin.com/CA/Atwater/4910-Clover-Ave-95301/home/21627334,redfin
2026-09-18,mls:226108306,5200 Crest #49,Atwater,95301,109990,3,2,900,,2026,Mobile/Manufactured Home,Active,2026-08-27,37.3628637,-120.585355,https://www.redfin.com/CA/Atwater/5200-Crest-Rd-95301/unit-49/home/19655596,redfin
2026-09-18,mls:MC26154508,5200 Crest Rd #91,Atwater,95301,72999,3,1,828,,1979,Mobile/Manufactured Home,Active,2026-07-15,37.3628637,-120.585355,https://www.redfin.com/CA/Atwater/5200-Crest-Rd-95301/unit-91/home/168650464,redfin
2026-09-18,mls:226113754,6176 Fleming Rd,Atwater,95301,750000,6,5,3825,33572,2006,Multi-Family (2-4 Unit),Active,2026-09-17,37.3337342,-120.5989235,https://www.redfin.com/CA/Atwater/6176-Fleming-Rd-95301/home/19684469,redfin
2026-09-18,mls:226112186,701 Palmer Pl,Atwater,95301,409900,3,2,1553,6172,1999,Single Family Residential,Active,2026-09-07,37.3385783,-120.5847579,https://www.redfin.com/CA/Atwater/701-Palmer-Pl-95301/home/19705383,redfin
2026-09-18,mls:MC26096434,729 Mulberry Ave,Atwater,95301,395000,3,2,1692,7800,1957,Single Family Residential,Active,2026-05-04,37.353723,-120.5996942,https://www.redfin.com/CA/Atwater/729-Mulberry-Ave-95301/home/19707210,redfin
2026-09-18,mls:MC26187985,75 Rancho Grande Cir,Atwater,95301,90000,3,2,1080,,1986,Mobile/Manufactured Home,Active,2026-08-29,37.3432533,-120.5869225,https://www.redfin.com/CA/Atwater/75-Rancho-Grande-Cir-95301/home/19655409,redfin
2026-09-18,mls:MC26180099,8191 Sunset,Atwater,95301,689000,3,2.5,2236,47916,1967,Single Family Residential,Active,2026-08-17,37.3381526,-120.636439,https://www.redfin.com/CA/Atwater/8191-Sunset-Dr-95301/home/19684176,redfin
2026-09-18,mls:MC26197829,8753 Rose Ave,Atwater,95301,78000,4,2,1452,1000,1998,Mobile/Manufactured Home,Active,2026-09-15,37.3220994,-120.6458582,https://www.redfin.com/CA/Atwater/8753-Rose-Ave-95301/home/172361425,redfin
2026-09-18,mls:226116132,8766 Longview Rd,Atwater,95301,1250000,3,2,1901,548856,1978,Single Family Residential,Active,2026-09-16,37.3534837,-120.6469987,https://www.redfin.com/CA/Atwater/8766-Longview-Rd-95301/home/196422114,redfin
2026-09-18,mls:653895,920 Travertine Way,Atwater,95301,505000,4,3,2310,6298,2017,Single Family Residential,Active,2026-08-31,37.356139,-120.5850406,https://www.redfin.com/CA/Atwater/920-Travertine-Way-95301/home/28947812,redfin
2026-09-18,mls:225082922,0 - 1/2 E Mission Ave,Merced,95341,2812500,,,,980100,,Vacant Land,Active,2025-06-21,37.273919,-120.4849237,https://www.redfin.com/CA/Merced/1-E-Mission-Ave-95341/home/196148474,redfin
2026-09-18,mls:MC26188109,0 Cabot Ave,Merced,95348,105000,,,,7440,,Vacant Land,Active,2026-08-27,37.31748,-120.524582,https://www.redfin.com/CA/Merced/Cabot-Ave-95348/home/205219350,redfin
2026-09-18,mls:MC26156234,0 Dunn Rd,Merced,95340,185000,,,,68824,,Vacant Land,Active,2026-07-31,37.340409,-120.435645,https://www.redfin.com/CA/Merced/Dunn-Rd-95340/home/104256713,redfin
2026-09-18,mls:MC25255724,0 E North Bear Creek Dr,Merced,95340,2280000,,,,162043,,Vacant Land,Active,2025-11-07,37.3098622,-120.4690825,https://www.redfin.com/CA/Merced/0-E-North-Bear-Creek-Dr-95340/home/198946738,redfin
2026-09-18,mls:MC26187045,0 Franklin Rd,Merced,95348,749900,,,,20817,,Vacant Land,Active,2026-08-26,37.323221,-120.540449,https://www.redfin.com/CA/Merced/Franklin-Rd-95348/home/104246777,redfin
2026-09-18,mls:MC25135004,0 Henry St,Merced,95341,1870000,,,,651657,,Vacant Land,Active,2025-06-17,37.270386,-120.450522,https://www.redfin.com/CA/Merced/Henry-St-95341/home/196428748,redfin
2026-09-18,mls:MC25253995,0 Kibby,Merced,95340,222000,,,,43560,,Vacant Land,Active,2025-11-05,37.3052,-120.414692,https://www.redfin.com/CA/Merced/Kibby-Rd-95340/home/198874981,redfin
2026-09-18,mls:MC26181963,0 Massasso,Merced,95348,125000,,,,13860,,Vacant Land,Active,2026-08-23,37.323691,-120.478797,https://www.redfin.com/CA/Merced/Massasso-St-95341/home/40000091,redfin
2026-09-18,mls:MC25134922,0 Mission Ave,Merced,95341,2812500,,,,980100,,Vacant Land,Active,2025-06-17,37.2732983,-120.4858775,https://www.redfin.com/CA/Merced/0-E-Mission-Ave-95341/home/196428730,redfin
2026-09-18,mls:MC26182133,0 S P St,Merced,95340,150000,,,,74052,,Vacant Land,Active,2026-08-19,37.2881933,-120.498403,https://www.redfin.com/CA/Merced/0-S-P-St-95341/home/204651464,redfin
2026-09-18,mls:MC21265605,0 Stretch St,Merced,95340,2650000,,,,1785960,,Vacant Land,Active,2022-01-19,37.298527,-120.444069,https://www.redfin.com/CA/Merced/Stretch-Rd-95340/home/40000310,redfin
2026-09-18,mls:648773,0 Thorton Rd,Merced,95341,920000,0,,,1001880,,Ranch,Active,2026-05-13,37.288299,-120.5235747,https://www.redfin.com/CA/Merced/0-Thornton-Rd-95341/home/201832321,redfin
2026-09-18,mls:MC25117690,0 Vassar Ave,Merced,95341,1488000,,,,864230,,Vacant Land,Active,2025-06-13,37.2659362,-120.487877,https://www.redfin.com/CA/Merced/0-Vassar-Ave-95341/home/179519741,redfin
2026-09-18,mls:MC25117743,0-1/2 Henry St,Merced,95341,1473000,,,,855518,,Vacant Land,Active,2025-06-13,37.267067,-120.450494,https://www.redfin.com/CA/Merced/0-1-2-Henry-St-95341/home/196428747,redfin
2026-09-18,mls:MC25259914,1 E N Bear Creek Dr,Merced,95340,3875000,,,,281398,,Vacant Land,Active,2025-11-13,37.3098622,-120.4690825,https://www.redfin.com/CA/Merced/1-E-North-Bear-Creek-Dr-95340/home/199064423,redfin
2026-09-18,mls:MC26115943,1004 W 13th,Merced,95341,250000,,,,7500,,Vacant Land,Active,2026-05-29,37.2996949,-120.4937475,https://www.redfin.com/CA/Merced/1004-W-13th-St-95341/home/28952923,redfin
2026-09-18,mls:226081831,1011 Oregon Dr,Merced,95340,540000,3,2,2028,14066,1968,Single Family Residential,Active,2026-06-26,37.3138592,-120.4591668,https://www.redfin.com/CA/Merced/1011-Oregon-Dr-95340/home/19703043,redfin
2026-09-18,mls:MC26187904,1012 Wyoming,Merced,95340,690000,4,3,3121,16250,1961,Single Family Residential,Active,2026-08-29,37.3103318,-120.4591887,https://www.redfin.com/CA/Merced/1012-Wyoming-Dr-95340/home/19702940,redfin
2026-09-18,mls:226113579,1013 - 1017 W Santa Fe Ave,Merced,95340,449900,2,1,720,6499,1960,Multi-Family (2-4 Unit),Active,2026-09-10,37.3116755,-120.4870991,https://www.redfin.com/CA/Merced/1017-W-Santa-Fe-Ave-95340/home/19693027,redfin
2026-09-18,mls:MC26180949,1052 Northwood,Merced,95348,428000,4,2,1534,8628,1972,Single Family Residential,Active,2026-08-19,37.3159149,-120.4856132,https://www.redfin.com/CA/Merced/1052-Northwood-Dr-95348/home/19701776,redfin
2026-09-18,mls:MC26117150,1055 Lees Ct,Merced,95340,434991,3,2,1656,9077,1972,Single Family Residential,Active,2026-05-29,37.3203274,-120.4585027,https://www.redfin.com/CA/Merced/1055-Lees-Ct-95340/home/19704425,redfin
2026-09-18,mls:MC26188514,1065 Mallard,Merced,95340,459999,3,2,1824,5998,2002,Single Family Residential,Active,2026-08-27,37.3367597,-120.4589052,https://www.redfin.com/CA/Merced/1065-Mallard-Dr-95340/home/19661701,redfin
2026-09-18,mls:MC26198295,1068 Kiwi Ct,Merced,95340,475000,3,2,1591,6001,2002,Single Family Residential,Active,2026-09-10,37.3370358,-120.4590921,https://www.redfin.com/CA/Merced/1068-Kiwi-Ct-95340/home/19661176,redfin
2026-09-18,mls:MC26173032,1075 Martin Luther King Jr,Merced,95341,649000,,,,37622,,Vacant Land,Active,2026-08-10,37.2939687,-120.484676,https://www.redfin.com/CA/Merced/1075-Martin-Luther-King-Junior-Way-95341/home/196040546,redfin
2026-09-18,mls:MC26199692,1076 E Estancia Dr,Merced,95348,285000,,,,43560,,Vacant Land,Active,2026-09-11,37.3736192,-120.4669637,https://www.redfin.com/CA/Merced/1076-E-Estancia-Dr-95340/home/168647417,redfin
2026-09-18,mls:MC26174826,1111 E Donna Dr,Merced,95340,499900,3,2,1752,6909,1989,Single Family Residential,Active,2026-08-10,37.3287346,-120.457712,https://www.redfin.com/CA/Merced/1111-E-Donna-Dr-95340/home/19703890,redfin
2026-09-18,mls:MC26050732,1134 Puerto Vallarta Ct,Merced,95348,450000,5,3,2250,5401,2002,Single Family Residential,Active,2026-03-08,37.32734,-120.4877533,https://www.redfin.com/CA/Merced/1134-Puerto-Vallarta-Ct-95348/home/19681832,redfin
2026-09-18,mls:MC26133604,115 W 19th,Merced,95340,299999,2,1,1014,7500,1915,Single Family Residential,Active,2026-06-18,37.3015764,-120.4764496,https://www.redfin.com/CA/Merced/115-W-19th-St-95340/home/19691911,redfin
2026-09-18,mls:MC26171548,1163 W 25th,Merced,95340,399999,3,2,1772,9409,1956,Single Family Residential,Active,2026-08-05,37.3134377,-120.4891296,https://www.redfin.com/CA/Merced/1163-W-25th-St-95340/home/19692191,redfin
2026-09-18,mls:MC26116262,1175 Evening Star,Merced,95348,454000,4,2.5,2023,6720,2005,Single Family Residential,Active,2026-06-10,37.3390078,-120.4899652,https://www.redfin.com/CA/Merced/1175-Evening-Star-Dr-95348/home/19658721,redfin
2026-09-18,mls:226098023,1179 Crescent Dr,Merced,95348,459000,4,4,3545,6704,2005,Single Family Residential,Active,2026-08-04,37.3379097,-120.4894157,https://www.redfin.com/CA/Merced/1179-Crescent-Dr-95348/home/19657584,redfin
2026-09-18,mls:226072996,118 Mcgregor,Merced,95341,295000,3,1,1064,3585,1947,Single Family Residential,Active,2026-06-15,37.2868171,-120.502523,https://www.redfin.com/CA/Merced/118-McGregor-St-95341/home/19681662,redfin
2026-09-18,mls:226076514,12 E San Clemente Dr,Merced,95341,365000,3,2,1313,6325,2003,Single Family Residential,Active,2026-07-22,37.2794952,-120.4818857,https://www.redfin.com/CA/Merced/12-E-San-Clemente-Dr-95341/home/19659458,redfin
2026-09-18,mls:MC26125121,1210 G St,Merced,95341,125000,,,,5010,,Vacant Land,Active,2026-06-08,37.2934266,-120.4784941,https://www.redfin.com/CA/Merced/1210-G-St-95341/home/40001457,redfin
2026-09-18,mls:226107490,1216 Brookdale Dr,Merced,95340,399000,3,2,1813,7701,1976,Single Family Residential,Active,2026-08-26,37.3214384,-120.4579621,https://www.redfin.com/CA/Merced/1216-Brookdale-Dr-95340/home/19703487,redfin
2026-09-18,mls:41148492,1223 W Santa Fe Ave,Merced,95340,289000,3,1,1044,7800,1956,Single Family Residential,Active,2026-09-16,37.3128635,-120.4902929,https://www.redfin.com/CA/Merced/1223-W-Santa-Fe-Ave-95340/home/19691310,redfin
2026-09-18,mls:MC26183039,1228 Wildcat Dr,Merced,95348,429000,4,2,1727,5000,2018,Single Family Residential,Active,2026-08-21,37.3379631,-120.4923012,https://www.redfin.com/CA/Merced/1228-Wildcat-Dr-95348/home/28947278,redfin
2026-09-18,mls:MC26084287,1247 Aspen,Merced,95340,305000,3,2.5,1293,2778,1989,Townhouse,Active,2026-05-29,37.3182302,-120.4570592,https://www.redfin.com/CA/Merced/1247-Aspen-St-95340/home/19703625,redfin
2026-09-18,mls:MC26165216,1248 W 9th,Merced,95341,399999,,,,15000,,Vacant Land,Active,2026-07-31,37.2970535,-120.4997506,https://www.redfin.com/CA/Merced/1248-W-9th-St-95341/home/161268254,redfin
2026-09-18,mls:MC26158013,125 N Parsons,Merced,95341,600000,,,,95832,,Vacant Land,Active,2026-07-24,37.289108,-120.452237,https://www.redfin.com/CA/Merced/125-N-Parsons-Ave-95341/home/19686748,redfin
2026-09-18,mls:MC26118642,1254 Lurs Ct,Merced,95348,557500,4,3,2943,7797,2006,Single Family Residential,Active,2026-06-01,37.3395893,-120.4934844,https://www.redfin.com/CA/Merced/1254-Lurs-Ct-95348/home/19651737,redfin
2026-09-18,mls:SR26155316,1255 Carol,Merced,95341,212520,2,1,878,10659,1945,Single Family Residential,Active,2026-07-16,37.2911539,-120.4547374,https://www.redfin.com/CA/Merced/1255-Carol-Ave-95341/home/19687416,redfin
2026-09-18,mls:8595DE3FC6C7,126 Sugar Creek Ln,Merced,95341,399990,3,2,1230,,2026,Single Family Residential,Active,2026-06-25,37.286017,-120.430897,https://www.redfin.com/CA/Merced/126-Sugar-Creek-Ln-95341/home/196422602,redfin
2026-09-18,mls:MC26147340,126 Sugar Creek Ln Unit 144 S2,Merced,95341,409490,3,2,1230,5237,2026,Single Family Residential,Active,2026-07-07,37.286017,-120.430897,https://www.redfin.com/CA/Merced/126-Sugar-Creek-Ln-95341/unit-144-S2/home/202672067,redfin
2026-09-18,mls:41146671,1280 Dodd Ct,Merced,95341,390000,3,2,1136,9854,1958,Single Family Residential,Active,2026-08-30,37.2940166,-120.4596405,https://www.redfin.com/CA/Merced/1280-Dodd-Ct-95341/home/19687216,redfin
2026-09-18,mls:MC26184070,1300 Kensington,Merced,95340,399000,4,2,2177,6989,1971,Single Family Residential,Active,2026-08-23,37.3190089,-120.4562675,https://www.redfin.com/CA/Merced/1300-Kensington-Dr-95340/home/19704619,redfin
2026-09-18,mls:MC26157505,1338 Christopher,Merced,95340,519000,4,3,1926,6991,2003,Single Family Residential,Active,2026-07-29,37.3370659,-120.4558575,https://www.redfin.com/CA/Merced/1338-Christopher-Dr-95340/home/19661258,redfin
2026-09-18,mls:MC26154596,1338 Hermosa,Merced,95348,420000,4,2.5,1637,2500,2022,Single Family Residential,Active,2026-07-25,37.3330789,-120.4964879,https://www.redfin.com/CA/Merced/1338-Hermosa-Dr-95348/home/28947375,redfin
2026-09-18,mls:MC26189958,134 Wonderland Trail Ln,Merced,95341,320000,2,2.5,1259,1649,2025,Townhouse,Active,2026-08-30,37.2759829,-120.480413,https://www.redfin.com/CA/Merced/134-Wonderland-Trail-Ln-95341/home/196426234,redfin
2026-09-18,mls:MC26169820,1370 Belmont,Merced,95348,399000,4,2.5,1793,3894,2007,Single Family Residential,Active,2026-08-10,37.3322996,-120.4978172,https://www.redfin.com/CA/Merced/1370-Belmont-Dr-95348/home/19654301,redfin
2026-09-18,mls:MC25269518,1375 Loughborough,Merced,95348,339000,3,2,1335,6015,1977,Single Family Residential,Active,2025-12-04,37.3236212,-120.4923658,https://www.redfin.com/CA/Merced/1375-Loughborough-Dr-95348/home/19682673,redfin
2026-09-18,mls:A8CD137BE674,139 Sugar Creek Ln,Merced,95341,389990,3,2,1230,,2026,Single Family Residential,Active,2026-06-04,37.285879,-120.431452,https://www.redfin.com/CA/Merced/139-Sugar-Creek-Ln-95341/home/196422619,redfin
2026-09-18,mls:MC26147392,139 Sugar Creek Ln Unit 158 S2,Merced,95341,402990,3,2,1230,5000,2026,Single Family Residential,Active,2026-07-07,37.285879,-120.431452,https://www.redfin.com/CA/Merced/139-Sugar-Creek-Ln-95341/unit-158-S2/home/202672361,redfin
2026-09-18,mls:MC26131391,1396 Belmont,Merced,95348,450000,4,2.5,2044,8244,2007,Single Family Residential,Active,2026-08-06,37.3322877,-120.4986726,https://www.redfin.com/CA/Merced/1396-Belmont-Dr-95348/home/19656137,redfin
2026-09-18,mls:226107956,1405 E 22nd St,Merced,95340,275000,3,2,1570,10624,1948,Single Family Residential,Active,2026-08-26,37.2980334,-120.45711,https://www.redfin.com/CA/Merced/1405-E-22nd-St-95340/home/19688065,redfin
2026-09-18,mls:MC26152644,1420 Q,Merced,95340,359000,2,1,739,3300,1888,Single Family Residential,Active,2026-07-19,37.3011937,-120.4924052,https://www.redfin.com/CA/Merced/1420-Q-St-95340/home/19691845,redfin
2026-09-18,mls:MC26194119,1430 Jackson Ct,Merced,95340,440000,4,2,1743,8109,1983,Single Family Residential,Active,2026-09-04,37.3069701,-120.4552671,https://www.redfin.com/CA/Merced/1430-Jackson-Ct-95340/home/19688693,redfin
2026-09-18,mls:MC26201390,1438 W 19th,Merced,95340,455000,3,1.5,1281,7447,1952,Single Family Residential,Active,2026-09-14,37.3085036,-120.4967279,https://www.redfin.com/CA/Merced/1438-W-19th-St-95340/home/19648660,redfin
2026-09-18,mls:4F1114110B6D,144 Sugar Creek Ln,Merced,95341,402990,3,2,1230,,2026,Single Family Residential,Active,2026-08-02,37.285743,-120.430897,https://www.redfin.com/CA/Merced/144-Sugar-Creek-Ln-95341/home/196422605,redfin
2026-09-18,mls:MC26169778,144 Sugar Creek Ln Unit 146 S2,Merced,95341,411490,3,2,1230,5237,2026,Single Family Residential,Active,2026-08-04,37.285743,-120.430897,https://www.redfin.com/CA/Merced/144-Sugar-Creek-Ln-95341/unit-146-S2/home/204345514,redfin
2026-09-18,mls:PW26187649,1445 San Simeon Ct,Merced,95348,550000,5,2.5,2374,8712,2003,Single Family Residential,Active,2026-09-12,37.3293642,-120.5020601,https://www.redfin.com/CA/Merced/1445-San-Simeon-Ct-95348/home/19657788,redfin
2026-09-18,mls:MC26187679,145 E 20th,Merced,95340,365000,3,2,1387,10500,1937,Single Family Residential,Active,2026-08-26,37.3009629,-120.4714669,https://www.redfin.com/CA/Merced/145-E-20th-St-95340/home/19688370,redfin
2026-09-18,mls:MC26139057,1456 Cameron Unit 1-4,Merced,95340,895500,6,4,2420,60984,1950,Multi-Family (2-4 Unit),Active,2026-06-29,37.3062067,-120.455665,https://www.redfin.com/CA/Merced/1456-Cameron-Ln-95340/unit-1-4/home/195049604,redfin
2026-09-18,mls:PTP2606984,1490 Cameron Ln,Merced,95340,225000,2,1,1008,85813,1920,Single Family Residential,Active,2026-09-15,37.306095,-120.4550565,https://www.redfin.com/CA/Merced/1490-Cameron-Ln-95340/home/19689404,redfin
2026-09-18,mls:MC26182786,1495 Davenport,Merced,95340,565000,5,2.5,2447,10670,2004,Single Family Residential,Active,2026-09-01,37.3391653,-120.4514234,https://www.redfin.com/CA/Merced/1495-Davenport-Dr-95340/home/19662192,redfin
2026-09-18,mls:MC26021538,15 E 22nd,Merced,95340,389999,3,2,1275,7500,1928,Single Family Residential,Active,2026-01-29,37.3036766,-120.4723446,https://www.redfin.com/CA/Merced/15-E-22nd-St-95340/home/19688184,redfin
2026-09-18,mls:MC26020247,1515 E Mission,Merced,95341,25000000,,,,100188,,Vacant Land,Active,2026-01-28,37.2736919,-120.4556914,https://www.redfin.com/CA/Merced/1515-E-Mission-Ave-95341/home/28953789,redfin
2026-09-18,mls:MC26053870,1525 La Sierra St,Merced,95348,380000,3,2,1482,4564,2007,Single Family Residential,Active,2026-03-11,37.3361477,-120.5021372,https://www.redfin.com/CA/Merced/1525-La-Sierra-St-95348/home/19650533,redfin
2026-09-18,mls:226109516,1528 W 9th St,Merced,95341,299999,3,1,1022,7501,1953,Single Family Residential,Active,2026-08-30,37.2987079,-120.5039731,https://www.redfin.com/CA/Merced/1528-W-9th-St-95341/home/19690419,redfin
2026-09-18,mls:MC26179416,1560 W 23rd,Merced,95340,485000,3,2,1184,8643,1953,Single Family Residential,Active,2026-08-17,37.3132768,-120.4966458,https://www.redfin.com/CA/Merced/1560-W-23rd-St-95340/home/19692739,redfin
2026-09-18,mls:MC26093833,1567-- 1573 Ellen Ct,Merced,95341,630000,32,16,3360,8077,1980,Multi-Family (2-4 Unit),Active,2026-05-19,37.2905282,-120.4537923,https://www.redfin.com/CA/Merced/1567-Ellen-Ct-95341/home/19686231,redfin
2026-09-18,mls:5682D2EA5AD7,157 Sugar Creek Ln,Merced,95341,404990,3,2,1230,,2026,Single Family Residential,Active,2026-07-02,37.285605,-120.431451,https://www.redfin.com/CA/Merced/157-Sugar-Creek-Ln-95341/home/196422617,redfin
2026-09-18,mls:MC26147358,157 Sugar Creek Ln Unit 156 S2,Merced,95341,414490,3,2,1230,5000,2026,Single Family Residential,Active,2026-07-07,37.285605,-120.431451,https://www.redfin.com/CA/Merced/157-Sugar-Creek-Ln-95341/unit-156-S2/home/202672141,redfin
2026-09-18,mls:226115574,1645 Rose Ave,Merced,95341,310000,3,1.5,986,5998,1951,Single Family Residential,Active,2026-09-15,37.2926887,-120.4609236,https://www.redfin.com/CA/Merced/1645-Rose-Ave-95341/home/19687580,redfin
2026-09-18,mls:225113378,1650 Bette St,Merced,95341,399000,3,1,1182,6800,1955,Multi-Family (2-4 Unit),Active,2025-09-25,37.2927086,-120.4563639,https://www.redfin.com/CA/Merced/1650-Bette-St-95341/home/19687274,redfin
2026-09-18,mls:653237,1657 Cypress Way,Merced,95341,425000,4,3,2546,2543,,Multi-Family (2-4 Unit),Active,2026-08-05,37.2938798,-120.4643555,https://www.redfin.com/CA/Merced/1657-Cypress-Way-95341/home/19687242,redfin
2026-09-18,mls:MC26098101,1670 W North Bear Crk,Merced,95348,230000,2,1.5,972,508,1984,Condo/Co-op,Active,2026-05-06,37.3095386,-120.5036708,https://www.redfin.com/CA/Merced/1670-W-North-Bear-Creek-Dr-95348/home/19682008,redfin
2026-09-18,mls:B5633E295B15,168 Sugar Creek Ln,Merced,95341,517490,5,3.5,2554,,2026,Single Family Residential,Active,2026-08-14,37.285468,-120.430896,https://www.redfin.com/CA/Merced/168-Sugar-Creek-Ln-95341/home/196422607,redfin
2026-09-18,mls:C63C6043A679,169 Sugar Creek Ln,Merced,95341,422990,4,2,1509,,2026,Single Family Residential,Active,2026-08-02,37.285467,-120.431451,https://www.redfin.com/CA/Merced/169-Sugar-Creek-Ln-95341/home/196422616,redfin
2026-09-18,mls:MC26169808,169 Sugar Creek Ln Unit 155 S2,Merced,95341,434490,4,2,1509,5000,2026,Single Family Residential,Active,2026-08-04,37.285467,-120.431451,https://www.redfin.com/CA/Merced/169-Sugar-Creek-Ln-95341/unit-155-S2/home/204345666,redfin
2026-09-18,mls:709A300631F6,172 Sugar Creek Ln,Merced,95341,467490,4,3,1842,,2026,Single Family Residential,Active,2026-08-14,37.285331,-120.430896,https://www.redfin.com/CA/Merced/172-Sugar-Creek-Ln-95341/home/196422608,redfin
2026-09-18,mls:466936FB0DD2,173 Sugar Creek Ln,Merced,95341,402990,3,2,1230,,2026,Single Family Residential,Active,2026-08-02,37.28533,-120.431451,https://www.redfin.com/CA/Merced/173-Sugar-Creek-Ln-95341/home/196422615,redfin
2026-09-18,mls:MC26169793,173 Sugar Creek Ln Unit 154 S2,Merced,95341,411490,3,2,1230,5237,2026,Single Family Residential,Active,2026-08-04,37.28533,-120.431451,https://www.redfin.com/CA/Merced/173-Sugar-Creek-Ln-95341/unit-154-S2/home/204345595,redfin
2026-09-18,mls:MC26125253,1744 Wildwood Ct,Merced,95340,479000,4,2,1920,6200,1977,Single Family Residential,Active,2026-06-09,37.31414,-120.4499462,https://www.redfin.com/CA/Merced/1744-Wildwood-Ct-95340/home/19701174,redfin
2026-09-18,mls:MC26026210,1754 Merced,Merced,95341,229900,2,2,1004,1011,1988,Condo/Co-op,Active,2026-02-04,37.2910389,-120.4557599,https://www.redfin.com/CA/Merced/1754-Merced-Ave-95341/home/19686738,redfin
2026-09-18,mls:MC26167368,178 La Purisima Ct,Merced,95341,365000,4,2,1511,5094,2003,Single Family Residential,Active,2026-07-31,37.2780743,-120.4849678,https://www.redfin.com/CA/Merced/178-La-Purisima-Ct-95341/home/19661588,redfin
2026-09-18,mls:MC26179624,1780 W 8th,Merced,95341,415000,4,2,1099,9384,1960,Single Family Residential,Active,2026-08-17,37.2979996,-120.5065563,https://www.redfin.com/CA/Merced/1780-W-8th-St-95341/home/19681858,redfin
2026-09-18,mls:226069650,179 Sullivan Dr,Merced,95348,395000,4,2.5,1737,2452,2021,Single Family Residential,Active,2026-06-02,37.345954,-120.4708116,https://www.redfin.com/CA/Merced/179-Sullivan-Dr-95348/home/28949071,redfin
2026-09-18,mls:MC26123870,18 Squaw Valley Ct,Merced,95341,456100,4,3,1750,6432,2026,Single Family Residential,Active,2026-06-07,37.2849016,-120.4302551,https://www.redfin.com/CA/Merced/18-Squaw-Valley-Dr-95341/home/202168592,redfin
2026-09-18,mls:MC26085666,1800 E South Bear Creek Dr,Merced,95340,1850000,,,,165528,,Vacant Land,Active,2026-04-20,37.3084271,-120.4505241,https://www.redfin.com/CA/Merced/1800-E-South-Bear-Creek-Dr-95340/home/201469166,redfin
2026-09-18,mls:B34D6784F381,184 Sugar Creek Ln,Merced,95341,411490,3,2,1230,,2026,Single Family Residential,Active,2026-09-17,37.285194,-120.430896,https://www.redfin.com/CA/Merced/184-Sugar-Creek-Ln-95341/home/196422610,redfin
2026-09-18,mls:226095261,1843 Brookside Dr,Merced,95348,439999,3,2,1300,5998,1993,Single Family Residential,Active,2026-07-29,37.3107607,-120.5000968,https://www.redfin.com/CA/Merced/1843-Brookside-Dr-95348/home/19681785,redfin
2026-09-18,mls:226086370,1848 Ashby Rd #46,Merced,95348,35000,1,1,550,,1963,Mobile/Manufactured Home,Active,2026-07-09,37.3160299,-120.5246712,https://www.redfin.com/CA/Merced/1848-Ashby-Rd-95348/unit-46/home/202691800,redfin
2026-09-18,mls:MC26185027,1921 Fultz Ct,Merced,95341,369000,3,2,1623,6870,1994,Single Family Residential,Active,2026-08-24,37.3036484,-120.5108838,https://www.redfin.com/CA/Merced/1921-Fultz-Ct-95341/home/19680273,redfin
2026-09-18,mls:226108604,1927 I St,Merced,95340,249900,2,1,1067,4251,1920,Single Family Residential,Active,2026-08-28,37.3024475,-120.4775801,https://www.redfin.com/CA/Merced/1927-I-St-95340/home/19691592,redfin
2026-09-18,mls:4B0A11C7BE34,193 Squaw Valley Dr,Merced,95341,440840,4,2,1509,,2026,Single Family Residential,Active,2026-09-17,37.285045,-120.430547,https://www.redfin.com/CA/Merced/193-Squaw-Valley-Dr-95341/home/196422599,redfin
2026-09-18,mls:MC26158152,1949 Sierra Ct,Merced,95340,475000,4,2,1981,6966,1972,Single Family Residential,Active,2026-07-23,37.3152907,-120.4483733,https://www.redfin.com/CA/Merced/1949-Sierra-Ct-95340/home/19701573,redfin
2026-09-18,mls:22A3827BD3CD,196 Sugar Creek Ln,Merced,95341,518490,5,3.5,2554,,2026,Single Family Residential,Active,2026-09-17,37.285044,-120.430892,https://www.redfin.com/CA/Merced/196-Sugar-Creek-Ln-95341/home/196422611,redfin
2026-09-18,mls:MC26182916,1961 Heather Ct,Merced,95340,450000,4,2.5,2142,11499,1968,Single Family Residential,Active,2026-09-09,37.3217927,-120.4478115,https://www.redfin.com/CA/Merced/1961-Heather-Ct-95340/home/19701510,redfin
2026-09-18,mls:226021572,1962 Edwards Ave,Merced,95340,1165000,16,4,6800,16204,1979,Multi-Family (5+ Unit),Active,2026-02-26,37.2958569,-120.449794,https://www.redfin.com/CA/Merced/1962-Edwards-Ave-95340/home/19687831,redfin
2026-09-18,mls:MC26201033,1962-1976 Edwards,Merced,95340,1099000,16,8,6800,16203,1979,Multi-Family (5+ Unit),Active,2026-09-14,37.2960443,-120.4497828,https://www.redfin.com/CA/Merced/1976-Edwards-Ave-95340/home/194349022,redfin
2026-09-18,mls:45DECE2E6E03,198 Squaw Valley Dr,Merced,95341,524390,5,3.5,2554,,2026,Single Family Residential,Active,2026-09-17,37.285044,-120.429985,https://www.redfin.com/CA/Merced/198-Squaw-Valley-Dr-95341/home/196422598,redfin
2026-09-18,mls:MC26104173,2020 Ashby #37,Merced,95348,45000,2,1,784,,1990,Mobile/Manufactured Home,Active,2026-05-26,37.319875,-120.531759,https://www.redfin.com/CA/Merced/2020-Ashby-Rd-95348/unit-37/home/19655033,redfin
2026-09-18,mls:MC26111129,2021 W,Merced,95340,975000,2,2,2609,15762,1952,Single Family Residential,Active,2026-05-21,37.3109651,-120.4982227,https://www.redfin.com/CA/Merced/2021-W-St-95340/home/19691996,redfin
2026-09-18,mls:MC26033812,203 W 20th,Merced,95340,549000,3,3,3551,15000,1950,Single Family Residential,Active,2026-04-23,37.303043,-120.4771877,https://www.redfin.com/CA/Merced/203-W-20th-St-95340/home/21856884,redfin
2026-09-18,mls:226109168,2030 Calimyrna Ave,Merced,95340,324900,3,1,1502,5942,1923,Single Family Residential,Active,2026-09-02,37.2994439,-120.4668591,https://www.redfin.com/CA/Merced/2030-Calimyrna-Ave-95340/home/19688270,redfin
2026-09-18,mls:MC26174063,2033 Highland,Merced,95340,264900,2,1,898,5508,1940,Single Family Residential,Active,2026-08-10,37.2964825,-120.4592823,https://www.redfin.com/CA/Merced/2033-Highland-Dr-95340/home/19687669,redfin
2026-09-18,mls:MC26138430,2035 Highland,Merced,95340,287750,2,1,900,5508,1940,Single Family Residential,Active,2026-06-24,37.2966447,-120.4591808,https://www.redfin.com/CA/Merced/2035-Highland-Dr-95340/home/19687670,redfin
2026-09-18,mls:MC25255358,2051 Wardrobe,Merced,95341,1200000,,,,217800,,Vacant Land,Active,2025-11-06,37.2965338,-120.5135744,https://www.redfin.com/CA/Merced/2051-Wardrobe-Ave-95341/home/198908746,redfin
2026-09-18,mls:MC25183712,2052 W Solis St,Merced,95348,425000,4,2,1757,6096,2006,Single Family Residential,Active,2025-08-14,37.3226855,-120.5238217,https://www.redfin.com/CA/Merced/2052-W-Solis-St-95348/home/19652571,redfin
2026-09-18,mls:226116217,207 Yorktown,Merced,95341,335000,3,2,1086,7566,1996,Single Family Residential,Active,2026-09-16,37.284626,-120.4469835,https://www.redfin.com/CA/Merced/207-Yorktown-Sq-95341/home/19679090,redfin
2026-09-18,mls:MC26187494,2085 Cabot Ave,Merced,95348,400000,3,2,1520,7469,1960,Single Family Residential,Active,2026-08-27,37.3174702,-120.5243999,https://www.redfin.com/CA/Merced/2085-Cabot-Ave-95348/home/19684261,redfin
2026-09-18,mls:MC26192421,209 E 18th,Merced,95340,300000,2,1,950,6000,1940,Single Family Residential,Active,2026-09-02,37.298438,-120.4712615,https://www.redfin.com/CA/Merced/209-E-18th-St-95340/home/19687645,redfin
2026-09-18,mls:D5617070EC44,209 Nadine St,Merced,95341,418990,3,2,1396,,2026,Single Family Residential,Active,2026-07-30,37.291664,-120.427126,https://www.redfin.com/CA/Merced/209-Nadine-St-95341/home/203517328,redfin
2026-09-18,mls:MC25022775,2094 W Pincay St,Merced,95348,399000,4,2,1527,5000,2017,Single Family Residential,Active,2025-05-25,37.3219899,-120.5245414,https://www.redfin.com/CA/Merced/2094-W-Pincay-St-95348/home/28948293,redfin
2026-09-18,mls:226094443,2103 W Solis St,Merced,95348,340000,3,2,1381,5001,2006,Single Family Residential,Active,2026-07-30,37.3222475,-120.5247113,https://www.redfin.com/CA/Merced/2103-W-Solis-St-95348/home/19652558,redfin
2026-09-18,mls:MC26191646,2142 Coronado,Merced,95348,359900,3,2,1200,9180,1975,Single Family Residential,Active,2026-09-01,37.3206102,-120.5253783,https://www.redfin.com/CA/Merced/2142-Coronado-Ave-95348/home/19683760,redfin
2026-09-18,mls:MC26009630,2148 Keely,Merced,95340,179900,3,1,1120,9975,1944,Single Family Residential,Active,2026-02-09,37.2959326,-120.4539261,https://www.redfin.com/CA/Merced/2148-Keely-Ave-95340/home/19688454,redfin
2026-09-18,mls:MC26125038,2201 Leeward Ct,Merced,95340,279000,,,,43560,,Vacant Land,Active,2026-06-12,37.3622349,-120.4462804,https://www.redfin.com/CA/Merced/2201-Leeward-Ct-95340/home/168647664,redfin
2026-09-18,mls:MC26196327,2205 O,Merced,95340,475000,6,3,1470,7500,1961,Multi-Family (2-4 Unit),Active,2026-09-16,37.3083803,-120.4851105,https://www.redfin.com/CA/Merced/2205-O-St-95340/home/19691167,redfin
2026-09-18,mls:CC0C964D4B95,222 Nadine St,Merced,95341,454990,3,2.5,1777,,2026,Single Family Residential,Active,2026-09-17,37.291803,-120.426595,https://www.redfin.com/CA/Merced/222-Nadine-St-95341/home/196422449,redfin
2026-09-18,mls:403B01679356,223 Nadine St,Merced,95341,478990,4,2.5,1924,,2026,Single Family Residential,Active,2026-09-17,37.291811,-120.427129,https://www.redfin.com/CA/Merced/223-Nadine-St-95341/home/196422452,redfin
2026-09-18,mls:MC25117734,2230 Vassar Ave,Merced,95341,1484250,,,,862052,,Vacant Land,Active,2025-06-13,37.2658466,-120.4474761,https://www.redfin.com/CA/Merced/2230-Vassar-Ave-95341/home/196078103,redfin
2026-09-18,mls:MC26187159,2235 Dunn,Merced,95340,750000,4,3.5,3140,69696,1977,Single Family Residential,Active,2026-08-31,37.3391724,-120.4435818,https://www.redfin.com/CA/Merced/2235-Dunn-Rd-95340/home/19657222,redfin
2026-09-18,mls:MC26071153,2240 Golden Oak #119,Merced,95341,89500,2,2,1150,,1976,Mobile/Manufactured Home,Active,2026-04-02,37.292158,-120.446125,https://www.redfin.com/CA/Merced/2240-Golden-Oak-Ln-95341/unit-119/home/19655756,redfin
2026-09-18,mls:MC26170275,2240 Golden Oak #3,Merced,95341,99900,2,2,1750,,1976,Mobile/Manufactured Home,Active,2026-08-04,37.29489,-120.446153,https://www.redfin.com/CA/Merced/2240-Golden-Oak-Ln-95341/unit-3/home/19654936,redfin
2026-09-18,mls:MC26173824,2240 Golden Oak #78,Merced,95341,49999,2,2,1040,,1990,Mobile/Manufactured Home,Active,2026-08-11,37.292974,-120.445599,https://www.redfin.com/CA/Merced/2240-Golden-Oak-Ln-95341/unit-78/home/19655047,redfin
2026-09-18,mls:MC26109234,2240 Golden Oak #88,Merced,95341,54900,2,2,1322,,1976,Mobile/Manufactured Home,Active,2026-05-19,37.294494,-120.445842,https://www.redfin.com/CA/Merced/2240-Golden-Oak-Ln-95341/unit-88/home/19654807,redfin
2026-09-18,mls:226086303,2240 Golden Oak Ln #103,Merced,95341,39000,2,2,1200,,1988,Mobile/Manufactured Home,Active,2026-07-08,37.291986,-120.445836,https://www.redfin.com/CA/Merced/2240-Golden-Oak-Ln-95341/unit-103/home/19655095,redfin
2026-09-18,mls:MC26123784,2240 Golden Oak Ln #11,Merced,95341,84500,2,2,,,1975,Mobile/Manufactured Home,Active,2026-06-06,37.29463,-120.444902,https://www.redfin.com/CA/Merced/2240-Golden-Oak-Ln-95341/unit-11/home/19654395,redfin
2026-09-18,mls:MC25186079,2240 Golden Oak Ln #117,Merced,95341,124900,3,2,,,2023,Mobile/Manufactured Home,Active,2025-08-18,37.2931187,-120.4458279,https://www.redfin.com/CA/Merced/2240-Golden-Oak-Ln-95341/unit-117/home/19654948,redfin
2026-09-18,mls:226111087,2240 Golden Oak Ln #131,Merced,95340,34900,2,2,856,,1977,Mobile/Manufactured Home,Active,2026-09-03,37.292229,-120.44648,https://www.redfin.com/CA/Merced/2240-Golden-Oak-Ln-95341/unit-131/home/19653889,redfin
2026-09-18,mls:226091001,2240 Golden Oak Ln #134,Merced,95341,89900,2,2,1440,,1973,Mobile/Manufactured Home,Active,2026-07-17,37.3015976,-120.4808915,https://www.redfin.com/CA/Merced/2240-Golden-Oak-Ln-95341/unit-134/home/196130863,redfin
2026-09-18,mls:MC26142503,2240 Golden Oak Ln #28,Merced,95341,73000,2,1,,,1976,Mobile/Manufactured Home,Active,2026-06-30,37.292482,-120.444925,https://www.redfin.com/CA/Merced/2240-Golden-Oak-Ln-95341/unit-28/home/19654671,redfin
2026-09-18,mls:MC26050607,2240 Golden Oak Ln #47,Merced,95341,99999,2,2,,,1976,Mobile/Manufactured Home,Active,2026-03-07,37.294003,-120.445243,https://www.redfin.com/CA/Merced/2240-Golden-Oak-Ln-95341/unit-47/home/19655135,redfin
2026-09-18,mls:226056493,2240 Golden Oak Ln #73,Merced,95341,48000,1,1,672,,1969,Mobile/Manufactured Home,Active,2026-05-07,37.293636,-120.44562,https://www.redfin.com/CA/Merced/2240-Golden-Oak-Ln-95341/unit-73/home/19655777,redfin
2026-09-18,mls:226093239,2240 Golden Oak Ln #94,Merced,95341,80000,2,2,1248,1248,1978,Mobile/Manufactured Home,Active,2026-07-27,37.293678,-120.445909,https://www.redfin.com/CA/Merced/2240-Golden-Oak-Ln-95341/unit-94/home/19654824,redfin
2026-09-18,mls:226012270,2240 Golden Oak Ln #98,Merced,95341,75000,2,1.5,720,,1977,Mobile/Manufactured Home,Active,2026-02-03,37.292737,-120.445858,https://www.redfin.com/CA/Merced/2240-Golden-Oak-Ln-95341/unit-98/home/19655775,redfin
2026-09-18,mls:MC25134955,2246 E Mission Ave,Merced,95341,2812500,,,,980100,,Vacant Land,Active,2025-06-17,37.2728692,-120.447396,https://www.redfin.com/CA/Merced/2246-E-Mission-Ave-95341/home/148012696,redfin
2026-09-18,mls:MC25117715,2260 Vassar Ave,Merced,95341,1484250,,,,862052,,Vacant Land,Active,2025-06-13,37.2661175,-120.4465739,https://www.redfin.com/CA/Merced/2260-Vassar-Ave-95341/home/196077950,redfin
2026-09-18,mls:226036725,230 W 25th St,Merced,95340,310000,2,1,1151,7501,1940,Single Family Residential,Active,2026-03-26,37.307796,-120.4750627,https://www.redfin.com/CA/Merced/230-W-25th-St-95340/home/19692754,redfin
2026-09-18,mls:FE2960DBDF13,231 Nadine St,Merced,95341,429990,3,2,1567,,2026,Single Family Residential,Active,2026-09-17,37.291933,-120.427126,https://www.redfin.com/CA/Merced/231-Nadine-St-95341/home/196422453,redfin
2026-09-18,mls:MC26201787,2318 Beachwood,Merced,95348,170000,,,,10131,,Vacant Land,Active,2026-09-15,37.3218577,-120.5277841,https://www.redfin.com/CA/Merced/2318-Beachwood-Dr-95348/home/19683786,redfin
2026-09-18,mls:226115232,2324 Q St,Merced,95340,379600,2,2,960,5001,1945,Multi-Family (2-4 Unit),Active,2026-09-14,37.3105252,-120.486923,https://www.redfin.com/CA/Merced/2324-Q-St-95340/home/19692696,redfin
2026-09-18,mls:MC26058771,2330 Meadowbrook,Merced,95348,299900,3,1,796,10131,1955,Single Family Residential,Active,2026-03-18,37.3219624,-120.5265673,https://www.redfin.com/CA/Merced/2330-Meadowbrook-Ave-95348/home/19683370,redfin
2026-09-18,mls:8B5C5ABDB3A3,234 Nadine St,Merced,95341,479990,4,2.5,1924,,2026,Single Family Residential,Active,2026-09-17,37.291933,-120.426587,https://www.redfin.com/CA/Merced/234-Nadine-St-95341/home/196422448,redfin
2026-09-18,mls:MC26090199,236 Montage Dr,Merced,95348,449000,5,4,1890,2100,2025,Single Family Residential,Active,2026-06-09,37.3613588,-120.4704396,https://www.redfin.com/CA/Merced/236-Montage-Dr-95348/home/28952194,redfin
2026-09-18,mls:MC26198886,2382 Explorador,Merced,95340,449900,4,3,2111,5198,2020,Single Family Residential,Active,2026-09-10,37.3314996,-120.4391447,https://www.redfin.com/CA/Merced/2382-Explorador-Dr-95340/home/28949993,redfin
2026-09-18,mls:MC26136816,2400 K,Merced,95340,1900000,34,14,10800,43560,1950,Multi-Family (5+ Unit),Active,2026-06-23,37.3079833,-120.4774917,https://www.redfin.com/CA/Merced/2400-K-St-95340/home/19692168,redfin
2026-09-18,mls:MC26130264,242 Torino Ct,Merced,95341,379000,4,2,1617,5369,2006,Single Family Residential,Active,2026-06-30,37.2846754,-120.4436122,https://www.redfin.com/CA/Merced/242-Torino-Ct-95341/home/19658046,redfin
2026-09-18,mls:652381,2429 Explorador,Merced,95348,526900,6,3,2621,9082,2022,Single Family Residential,Active,2026-07-21,37.3311588,-120.4362697,https://www.redfin.com/CA/Merced/2429-Explorador-Dr-95340/home/172354337,redfin
2026-09-18,mls:MC26165208,2446 Valverde,Merced,95340,489000,4,2,2265,7797,2020,Single Family Residential,Active,2026-08-18,37.3275318,-120.4351416,https://www.redfin.com/CA/Merced/2446-Valverde-Dr-95340/home/172354531,redfin
2026-09-18,mls:994DC9242AC9,246 Nadine St,Merced,95341,426990,3,2,1567,,2026,Single Family Residential,Active,2026-08-08,37.292059,-120.426601,https://www.redfin.com/CA/Merced/246-Nadine-St-95341/home/196422447,redfin
2026-09-18,mls:MC26168944,2462 Valverde Dr,Merced,95340,490000,4,2,2265,7797,2021,Single Family Residential,Active,2026-08-04,37.3275309,-120.4341928,https://www.redfin.com/CA/Merced/2462-Valverde-Dr-95340/home/172354535,redfin
2026-09-18,mls:1A7A12C09B01,247 Nadine St,Merced,95341,486990,4,2.5,1924,,2026,Single Family Residential,Active,2026-09-17,37.292055,-120.42714,https://www.redfin.com/CA/Merced/247-Nadine-St-95341/home/196422454,redfin
2026-09-18,mls:41142267,2481 Pineda Dr,Merced,95340,525888,6,3,2621,5255,2021,Single Family Residential,Active,2026-07-21,37.3289769,-120.4337045,https://www.redfin.com/CA/Merced/2481-Pineda-Dr-95340/home/172354416,redfin
2026-09-18,mls:DW26079389,2482 Valdes Dr,Merced,95340,489000,5,2.5,2282,6216,2021,Single Family Residential,Active,2026-04-17,37.3282178,-120.4337124,https://www.redfin.com/CA/Merced/2482-Valdes-Dr-95340/home/172354499,redfin
2026-09-18,mls:MC26131548,2499 E Gerard #140,Merced,95341,59000,2,1,768,,1977,Mobile/Manufactured Home,Active,2026-06-16,37.282603,-120.442699,https://www.redfin.com/CA/Merced/2499-E-Gerard-Ave-95341/unit-140/home/19656022,redfin
2026-09-18,mls:MC26150631,2499 E Gerard #153,Merced,95341,109000,4,2,1584,,1974,Mobile/Manufactured Home,Active,2026-07-10,37.283791,-120.44268,https://www.redfin.com/CA/Merced/2499-E-Gerard-Ave-95341/unit-153/home/19653440,redfin
2026-09-18,mls:MC26165075,2499 Gerard #38,Merced,95341,129000,3,2,1176,,2005,Mobile/Manufactured Home,Active,2026-07-30,37.283543,-120.443569,https://www.redfin.com/CA/Merced/2499-E-Gerard-Ave-95341/unit-38/home/40002191,redfin
2026-09-18,mls:MC25223780,2500 N Highway 59 #270,Merced,95348,65000,2,2,828,2774,1993,Mobile/Manufactured Home,Active,2025-09-23,37.31288,-120.50228,https://www.redfin.com/CA/Merced/2500-N-State-Highway-59-95348/unit-270/home/19655158,redfin
2026-09-18,mls:MC26177592,2500 N STATE HIGHWAY 59,Merced,95348,23000,2,1,720,1400,1972,Mobile/Manufactured Home,Active,2026-08-13,37.311751,-120.503155,https://www.redfin.com/CA/Merced/2500-N-State-Highway-59-95348/home/19653725,redfin
2026-09-18,mls:226100905,2500 N State Highway 59 #239,Merced,95348,69000,3,2,1440,,1973,Mobile/Manufactured Home,Active,2026-08-10,37.312075,-120.503703,https://www.redfin.com/CA/Merced/2500-N-State-Highway-59-95348/unit-239/home/19655259,redfin
2026-09-18,mls:226084553,2511 Franklin Rd,Merced,95348,9945000,,,,1698840,,Vacant Land,Active,2026-07-06,37.3246509,-120.5412329,https://www.redfin.com/CA/Merced/2511-Franklin-Rd-95348/home/196420034,redfin
2026-09-18,mls:MC26198267,252 S Gurr,Merced,95341,848000,,,,1286327,,Vacant Land,Active,2026-09-13,37.283567,-120.5598286,https://www.redfin.com/CA/Merced/252-S-Gurr-Rd-95341/home/168650428,redfin
2026-09-18,mls:MC25009072,2520 Mckee Rd,Merced,95340,410000,2,1,1257,17264,1946,Single Family Residential,Active,2025-01-14,37.3029949,-120.4445901,https://www.redfin.com/CA/Merced/2520-McKee-Rd-95340/home/19679429,redfin
2026-09-18,mls:MC26197299,2521 K,Merced,95340,125000,,,,7500,,Vacant Land,Active,2026-09-15,37.3093214,-120.477197,https://www.redfin.com/CA/Merced/2521-K-St-95340/home/19692139,redfin
2026-09-18,mls:MC26143143,2524 B And B,Merced,95348,649999,3,2.5,2321,39969,1988,Single Family Residential,Active,2026-07-01,37.3247897,-120.5374749,https://www.redfin.com/CA/Merced/2524-B-and-B-Blvd-95348/home/19683310,redfin
2026-09-18,mls:25AF009521C3,253 Nadine St,Merced,95341,455990,3,2.5,1777,,2026,Single Family Residential,Active,2026-09-17,37.292204,-120.427132,https://www.redfin.com/CA/Merced/253-Nadine-St-95341/home/196422455,redfin
2026-09-18,mls:MC26165503,255 Travis Ct,Merced,95341,442990,3,2.5,1777,4736,2026,Single Family Residential,Active,2026-07-29,37.292198,-120.428042,https://www.redfin.com/CA/Merced/255-Travis-Ct-95341/home/192932898,redfin
2026-09-18,mls:MC26202480,2574 Beachwood,Merced,95348,325000,3,1,1036,9690,1961,Single Family Residential,Active,2026-09-16,37.3254655,-120.5278073,https://www.redfin.com/CA/Merced/2574-Beachwood-Dr-95348/home/19683381,redfin
2026-09-18,mls:MC25044845,2577 Lobo Ave,Merced,95348,2400000,,,,1067220,,Vacant Land,Active,2025-03-01,37.3243265,-120.5329261,https://www.redfin.com/CA/Merced/2577-Lobo-Ave-95348/home/21155511,redfin
2026-09-18,mls:09F1B76C48AE,258 Nadine St,Merced,95341,485990,4,2.5,1924,,2026,Single Family Residential,Active,2026-09-17,37.29217,-120.42659,https://www.redfin.com/CA/Merced/258-Nadine-St-95341/home/196422446,redfin
2026-09-18,mls:C80A812199D4,261 Nadine St,Merced,95341,426990,3,2,1290,,2026,Single Family Residential,Active,2026-09-17,37.292315,-120.427134,https://www.redfin.com/CA/Merced/261-Nadine-St-95341/home/196422456,redfin
2026-09-18,mls:MC26168613,2617 Agnes,Merced,95340,389000,3,2,1561,6124,1962,Single Family Residential,Active,2026-08-03,37.3040711,-120.4605559,https://www.redfin.com/CA/Merced/2617-Agnes-Way-95340/home/19689760,redfin
2026-09-18,mls:562A9715BEFE,262 Nadine St,Merced,95341,517890,4,2.5,1924,,2026,Single Family Residential,Active,2026-06-23,37.292304,-120.426592,https://www.redfin.com/CA/Merced/262-Nadine-St-95341/home/196422445,redfin
2026-09-18,mls:MC26194628,2651 1st,Merced,95340,150000,,,,12104,,Vacant Land,Active,2026-09-09,37.3080934,-120.4698823,https://www.redfin.com/CA/Merced/2651-1st-Ave-95340/home/19689677,redfin
2026-09-18,mls:MC26096382,2653 E North Bear Crk,Merced,95340,925000,5,4,3658,27634,1969,Single Family Residential,Active,2026-05-26,37.309902,-120.4383286,https://www.redfin.com/CA/Merced/2653-E-North-Bear-Creek-Dr-95340/home/19701225,redfin
2026-09-18,mls:MC26189302,2672 9th Ave,Merced,95340,309900,3,1,1168,6600,1960,Single Family Residential,Active,2026-09-16,37.305767,-120.4629463,https://www.redfin.com/CA/Merced/2672-9th-Ave-95340/home/19689558,redfin
2026-09-18,mls:225144310,2679 Lobo Ave,Merced,95348,1200000,3,2,2319,779724,1928,Single Family Residential,Active,2025-12-02,37.3236077,-120.5352663,https://www.redfin.com/CA/Merced/2679-Lobo-Ave-95348/home/196422248,redfin
2026-09-18,mls:MC26196564,268 E 10th,Merced,95341,359900,4,3,1636,5012,1989,Single Family Residential,Active,2026-09-08,37.2901023,-120.476157,https://www.redfin.com/CA/Merced/268-E-10th-St-95341/home/19687247,redfin
2026-09-18,mls:MC26126325,2698 E South Bear Crk,Merced,95340,1049000,4,3.5,3340,52272,1985,Single Family Residential,Active,2026-06-10,37.3085571,-120.4379379,https://www.redfin.com/CA/Merced/2698-E-South-Bear-Creek-Dr-95340/home/19679981,redfin
2026-09-18,mls:MC26165744,272 Travis Ct,Merced,95341,400990,3,2,1290,4723,2026,Single Family Residential,Active,2026-07-29,37.292435,-120.427468,https://www.redfin.com/CA/Merced/272-Travis-Ct-95341/home/192932887,redfin
2026-09-18,mls:MC26163311,2729 Pioneer,Merced,95341,725000,3,2,1412,653400,1975,Single Family Residential,Active,2026-08-03,37.24845,-120.398781,https://www.redfin.com/CA/Merced/2729-Pioneer-95340/home/103654057,redfin
2026-09-18,mls:D019C2C7B656,274 Nadine St,Merced,95341,433890,3,2,1290,,2026,Single Family Residential,Active,2026-06-23,37.29243,-120.426576,https://www.redfin.com/CA/Merced/274-Nadine-St-95341/home/196422444,redfin
2026-09-18,mls:226116770,2747 Saratoga Ave,Merced,95340,365000,3,2,1412,7013,1977,Single Family Residential,Active,2026-09-16,37.3049953,-120.44807,https://www.redfin.com/CA/Merced/2747-Saratoga-Ave-95340/home/19689152,redfin
2026-09-18,mls:MC26080251,2761 Lexington Ave,Merced,95340,425000,3,2.5,1775,6152,1990,Single Family Residential,Active,2026-07-06,37.3061729,-120.4471103,https://www.redfin.com/CA/Merced/2761-Lexington-Ave-95340/home/19688763,redfin
2026-09-18,mls:5CF4E55D687A,277 Nadine St,Merced,95341,520890,4,2.5,1924,,2026,Single Family Residential,Active,2026-06-23,37.292439,-120.427113,https://www.redfin.com/CA/Merced/277-Nadine-St-95341/home/196422457,redfin
2026-09-18,mls:226061481,2779 Story Ave,Merced,95340,449999,4,3,2039,8934,1985,Single Family Residential,Active,2026-05-14,37.3053253,-120.4490194,https://www.redfin.com/CA/Merced/2779-Story-Ave-95340/home/19688945,redfin
2026-09-18,mls:MC26190802,2782 STORY Ave,Merced,95340,389000,3,2,1486,7318,1983,Single Family Residential,Active,2026-09-01,37.3053286,-120.4484633,https://www.redfin.com/CA/Merced/2782-Story-Ave-95340/home/19688940,redfin
2026-09-18,mls:596EB08EDC46,283 Nadine St,Merced,95341,436990,3,2,1290,,2026,Single Family Residential,Active,2026-06-23,37.29255,-120.427132,https://www.redfin.com/CA/Merced/283-Nadine-St-95341/home/196422459,redfin
2026-09-18,mls:MC26156305,2830 Dunn Rd,Merced,95340,895000,4,2,2031,43560,1973,Single Family Residential,Active,2026-08-05,37.3398907,-120.4355855,https://www.redfin.com/CA/Merced/2830-Dunn-Rd-95340/home/19680822,redfin
2026-09-18,mls:41144069,284 Zion Canyon Ct,Merced,95341,410000,4,2,1515,5000,2022,Single Family Residential,Active,2026-08-14,37.2757847,-120.4783038,https://www.redfin.com/CA/Merced/284-Zion-Canyon-Ct-95341/home/176248635,redfin
2026-09-18,mls:839C3B3E99AE,286 Nadine St,Merced,95341,484990,4,2.5,1924,,2026,Single Family Residential,Active,2026-09-17,37.292548,-120.426598,https://www.redfin.com/CA/Merced/286-Nadine-St-95341/home/196422443,redfin
2026-09-18,mls:MC26154089,2868 Beachwood,Merced,95348,317500,3,1,970,9683,1953,Single Family Residential,Active,2026-07-16,37.3297323,-120.5277546,https://www.redfin.com/CA/Merced/2868-Beachwood-Dr-95348/home/19683986,redfin
2026-09-18,mls:MC26168066,288 Travis Ct,Merced,95341,465990,4,2.5,1924,4723,2026,Single Family Residential,Active,2026-08-01,37.292559,-120.427487,https://www.redfin.com/CA/Merced/288-Travis-Ct-95341/home/192932886,redfin
2026-09-18,mls:B55EDD923106,289 Travis Ct,Merced,95341,423990,3,2,1290,,2026,Single Family Residential,Active,2026-04-05,37.292563,-120.428037,https://www.redfin.com/CA/Merced/289-Travis-Ct-95341/home/192932901,redfin
2026-09-18,mls:MC26148713,2894 Elm,Merced,95348,320000,3,1,1328,9524,1960,Single Family Residential,Active,2026-07-16,37.3299751,-120.5307807,https://www.redfin.com/CA/Merced/2894-Elm-Ave-95348/home/19684020,redfin
2026-09-18,mls:MC26143205,2924 E South Bear Crk,Merced,95348,415000,4,2,1560,26947,2003,Mobile/Manufactured Home,Active,2026-08-12,37.3082062,-120.4343361,https://www.redfin.com/CA/Merced/2924-E-South-Bear-Creek-Dr-95340/home/19679214,redfin
2026-09-18,mls:MC26172497,2943 Capella Dr,Merced,95341,559999,4,3,2420,7000,2026,Single Family Residential,Active,2026-08-06,37.282142,-120.434315,https://www.redfin.com/CA/Merced/2943-Capella-Dr-95341/home/196422467,redfin
2026-09-18,mls:ML82045002,2972 Tuxford Ct,Merced,95340,365000,3,2,1365,10173,1961,Single Family Residential,Active,2026-07-03,37.3147871,-120.451915,https://www.redfin.com/CA/Merced/2972-Tuxford-Ct-95340/home/19703141,redfin
2026-09-18,mls:MC26178287,2985 Redwood Dr,Merced,95340,494900,4,3,2388,8306,1972,Single Family Residential,Active,2026-08-18,37.315166,-120.4465798,https://www.redfin.com/CA/Merced/2985-Redwood-Dr-95340/home/19701434,redfin
2026-09-18,mls:SR26189124,2993 N Parsons,Merced,95340,253500,3,2,1008,7694,1961,Single Family Residential,Active,2026-08-28,37.3155234,-120.451559,https://www.redfin.com/CA/Merced/2993-N-Parsons-Ave-95340/home/19702218,redfin
2026-09-18,mls:MC26026481,3 W Belcher Ave,Merced,95348,275000,,,,44431,,Vacant Land,Active,2026-02-04,37.338447,-120.543574,https://www.redfin.com/CA/Merced/3-W-Belcher-Ave-95348/home/200354004,redfin
2026-09-18,mls:MC26202061,3010 Greenwood Ct,Merced,95340,379000,3,2,1431,6615,1977,Single Family Residential,Active,2026-09-15,37.316441,-120.4460153,https://www.redfin.com/CA/Merced/3010-Greenwood-Ct-95340/home/19701025,redfin
2026-09-18,mls:MC26138437,3054 Silver Elm Ct,Merced,95340,425000,4,2.5,1938,4178,1988,Single Family Residential,Active,2026-07-03,37.3171564,-120.4584988,https://www.redfin.com/CA/Merced/3054-Silver-Elm-Ct-95340/home/19703672,redfin
2026-09-18,mls:MC25270306,3056 Bedford,Merced,95340,385000,3,2,1358,6296,1974,Single Family Residential,Active,2026-01-26,37.3173625,-120.447616,https://www.redfin.com/CA/Merced/3056-Bedford-Dr-95340/home/19701345,redfin
2026-09-18,mls:MC26174015,3063 Bodie,Merced,95341,495000,4,3.5,3545,5000,2006,Single Family Residential,Active,2026-08-14,37.2931004,-120.4325597,https://www.redfin.com/CA/Merced/3063-Bodie-St-95341/home/19652898,redfin
2026-09-18,mls:226111094,3119 Dinkey Creek Ave,Merced,95341,155000,,,,6970,,Vacant Land,Active,2026-09-03,37.2843783,-120.4324245,https://www.redfin.com/CA/Merced/3119-Dinkey-Creek-Ave-95341/home/28560868,redfin
2026-09-18,mls:MC26189491,3125 N Parsons,Merced,95340,385000,4,2,1569,6699,1968,Single Family Residential,Active,2026-08-28,37.3191569,-120.4515217,https://www.redfin.com/CA/Merced/3125-N-Parsons-Ave-95340/home/19704375,redfin
2026-09-18,mls:226076083,313 Sullivan Dr,Merced,95348,419999,5,2.5,2378,2378,2022,Single Family Residential,Active,2026-07-04,37.3455019,-120.4725467,https://www.redfin.com/CA/Merced/313-Sullivan-Dr-95348/home/28949241,redfin
2026-09-18,mls:226110861,3200 Austin Ave,Merced,95348,250000,3,2,1099,6303,1983,Single Family Residential,Active,2026-09-02,37.3212375,-120.4947233,https://www.redfin.com/CA/Merced/3200-Austin-Ave-95348/home/19682187,redfin
2026-09-18,mls:MC26031224,3216 El Capitan,Merced,95340,345000,3,2,1446,7440,1960,Single Family Residential,Active,2026-03-30,37.3211364,-120.4649618,https://www.redfin.com/CA/Merced/3216-El-Capitan-Ave-95340/home/19704773,redfin
2026-09-18,mls:MC26159955,3224 Nashville Ct,Merced,95348,485000,5,4,2287,6898,1980,Multi-Family (2-4 Unit),Active,2026-07-23,37.3220853,-120.493789,https://www.redfin.com/CA/Merced/3224-Nashville-Ct-95348/home/19682183,redfin
2026-09-18,mls:MC26168916,324 W 22nd,Merced,95340,475000,4,4,1850,7500,1935,Multi-Family (2-4 Unit),Active,2026-08-03,37.3050876,-120.4782527,https://www.redfin.com/CA/Merced/324-W-22nd-St-95340/home/200649590,redfin
2026-09-18,mls:MC26154809,3257 Juneau Ct,Merced,95348,389000,3,1,1123,6626,1972,Single Family Residential,Active,2026-07-15,37.3215246,-120.4974698,https://www.redfin.com/CA/Merced/3257-Juneau-Ct-95348/home/19682962,redfin
2026-09-18,mls:226063276,328 E 20th St,Merced,95340,285000,2,1,800,8002,1940,Single Family Residential,Active,2026-07-05,37.2993004,-120.4683459,https://www.redfin.com/CA/Merced/328-E-20th-St-95340/home/19688111,redfin
2026-09-18,mls:MC26194620,3311 Shamrock,Merced,95340,465000,4,2,1923,6683,1985,Single Family Residential,Active,2026-09-04,37.3236358,-120.4547312,https://www.redfin.com/CA/Merced/3311-Shamrock-Ave-95340/home/19704697,redfin
2026-09-18,mls:41145302,3362 San Jacinto Ct,Merced,95348,350000,3,2,1635,6356,1980,Single Family Residential,Active,2026-08-17,37.3255898,-120.4830739,https://www.redfin.com/CA/Merced/3362-San-Jacinto-Ct-95348/home/19667903,redfin
2026-09-18,mls:MC26174310,3372 Wawona Ct,Merced,95340,405000,3,2,1766,6824,1974,Single Family Residential,Active,2026-08-18,37.3256468,-120.4641113,https://www.redfin.com/CA/Merced/3372-Wawona-Ct-95340/home/19703460,redfin
2026-09-18,mls:MC26165548,3394 Banbury,Merced,95340,829000,4,3.5,2470,8741,2023,Single Family Residential,Active,2026-07-30,37.3262185,-120.4490424,https://www.redfin.com/CA/Merced/3394-Banbury-Ln-95340/home/28949845,redfin
2026-09-18,mls:226114912,34 Skylark Ct,Merced,95341,329000,3,2,1095,4256,1989,Single Family Residential,Active,2026-09-11,37.2855327,-120.4827358,https://www.redfin.com/CA/Merced/34-Skylark-Ct-95341/home/19647366,redfin
2026-09-18,mls:MC26099037,3411 Baker,Merced,95341,890000,12,6,5000,100188,1942,Multi-Family (5+ Unit),Active,2026-05-07,37.294377,-120.4260501,https://www.redfin.com/CA/Merced/3411-Baker-Dr-95341/home/19679932,redfin
2026-09-18,mls:MC26190319,3424 Mckee,Merced,95340,599000,4,2.5,2678,108900,1972,Single Family Residential,Active,2026-08-31,37.3282325,-120.4437943,https://www.redfin.com/CA/Merced/3424-McKee-Rd-95340/home/19701689,redfin
2026-09-18,mls:MC26111721,3442 Joerg Ave,Merced,95340,550000,4,2.5,2187,7754,1988,Single Family Residential,Active,2026-05-22,37.3267638,-120.4556038,https://www.redfin.com/CA/Merced/3442-Joerg-Ave-95340/home/19704871,redfin
2026-09-18,mls:MC26187696,3452 Paseo Verde,Merced,95348,575000,5,3,2243,8173,2002,Single Family Residential,Active,2026-08-28,37.3280963,-120.4873391,https://www.redfin.com/CA/Merced/3452-Paseo-Verde-Ave-95348/home/19681930,redfin
2026-09-18,mls:MC26113319,3454 G St,Merced,95340,425000,,,,28038,,Vacant Land,Active,2026-05-25,37.3294978,-120.4687811,https://www.redfin.com/CA/Merced/3454-G-St-95340/home/19704553,redfin
2026-09-18,mls:MC26019215,350 S Bermuda,Merced,95341,320000,,,,7575,,Vacant Land,Active,2026-02-13,37.283142,-120.4738245,https://www.redfin.com/CA/Merced/350-Bermuda-St-95341/home/28953795,redfin
2026-09-18,mls:MC26194375,3507 Sunstone Ct,Merced,95340,550000,3,2,2062,9307,2021,Single Family Residential,Active,2026-09-09,37.3254376,-120.4354688,https://www.redfin.com/CA/Merced/3507-Sunstone-Ct-95340/home/28949730,redfin
2026-09-18,mls:226001268,3515 E Yosemite Ave,Merced,95340,6000000,,,,2178000,,Vacant Land,Active,2026-01-06,37.331258,-120.421489,https://www.redfin.com/CA/Merced/3515-E-Yosemite-Ave-95340/home/40050563,redfin
2026-09-18,mls:MC26026650,355 E Main,Merced,95340,390000,3,2,1136,9758,1947,Single Family Residential,Active,2026-02-05,37.2967409,-120.4698506,https://www.redfin.com/CA/Merced/355-E-Main-St-95340/home/19687493,redfin
2026-09-18,mls:MC26051040,3552 Wathen Ct,Merced,95348,390000,3,2,1589,6180,1977,Single Family Residential,Active,2026-03-09,37.3315474,-120.4755399,https://www.redfin.com/CA/Merced/3552-Wathen-Ct-95348/home/19668079,redfin
2026-09-18,mls:MC26136486,3553 Beals,Merced,95348,399950,3,2,1589,6180,1977,Single Family Residential,Active,2026-06-22,37.3315473,-120.4751694,https://www.redfin.com/CA/Merced/3553-Beals-Ave-95348/home/19668503,redfin
2026-09-18,mls:FR26143684,3583 Sarasota,Merced,95348,399950,3,2,1705,5500,2006,Single Family Residential,Active,2026-07-01,37.3306482,-120.5033077,https://www.redfin.com/CA/Merced/3583-Sarasota-Ave-95348/home/19652932,redfin
2026-09-18,mls:MC26201253,360 E 19th St,Merced,95340,290000,2,1,1084,8975,1946,Single Family Residential,Active,2026-09-14,37.2983569,-120.4691015,https://www.redfin.com/CA/Merced/360-E-19th-St-95340/home/19688124,redfin
2026-09-18,mls:MC26179423,362 Rhianon,Merced,95341,395000,3,2,1475,5973,2019,Single Family Residential,Active,2026-08-18,37.2794023,-120.4771709,https://www.redfin.com/CA/Merced/362-Rhianon-Dr-95341/home/28951403,redfin
2026-09-18,mls:226000354,3622 N State Highway 59,Merced,95348,3490000,,,,467399,,Vacant Land,Active,2026-01-02,37.335149,-120.501768,https://www.redfin.com/CA/Merced/3622-N-State-Highway-59-95348/home/28947260,redfin
2026-09-18,mls:MC26123261,3629 N Lake,Merced,95340,1100000,4,2,2680,204732,1977,Single Family Residential,Active,2026-06-05,37.3359882,-120.433376,https://www.redfin.com/CA/Merced/3629-N-Lake-Rd-95340/home/19680577,redfin
2026-09-18,mls:226097306,365 E Main St,Merced,95340,359998,3,1.5,1256,9008,1947,Single Family Residential,Active,2026-08-01,37.2966338,-120.4696126,https://www.redfin.com/CA/Merced/365-E-Main-St-95340/home/19687494,redfin
2026-09-18,mls:MC26189146,3675 Quail Ave,Merced,95340,430000,3,2,1772,6501,1990,Single Family Residential,Active,2026-09-01,37.3332024,-120.4578991,https://www.redfin.com/CA/Merced/3675-Quail-Ave-95340/home/19679473,redfin
2026-09-18,mls:MC26141078,3726 Crane,Merced,95348,434900,4,2,1789,6600,2006,Single Family Residential,Active,2026-06-29,37.3345017,-120.4956177,https://www.redfin.com/CA/Merced/3726-Crane-Ave-95348/home/19656269,redfin
2026-09-18,mls:MC26141821,3774 Magellan,Merced,95340,474900,4,2.5,2282,6215,2020,Single Family Residential,Active,2026-07-01,37.3290761,-120.4408036,https://www.redfin.com/CA/Merced/3774-Magellan-95340/home/28949670,redfin
2026-09-18,mls:226105884,379 Edan Ct,Merced,95341,445000,3,2,1511,7588,2002,Single Family Residential,Active,2026-08-21,37.2831608,-120.4817525,https://www.redfin.com/CA/Merced/379-Edan-Ct-95341/home/19663940,redfin
2026-09-18,mls:MC26184740,3851 Twilight Ave,Merced,95348,459900,4,2.5,3286,6906,2005,Single Family Residential,Active,2026-08-24,37.3372152,-120.4898191,https://www.redfin.com/CA/Merced/3851-Twilight-Ave-95348/home/19645819,redfin
2026-09-18,mls:DW26039485,3880 Early Lgt,Merced,95348,400000,5,2.5,2023,4275,2005,Single Family Residential,Active,2026-03-01,37.3369528,-120.4904075,https://www.redfin.com/CA/Merced/3880-Early-Light-Ave-95348/home/19658704,redfin
2026-09-18,mls:MC26105349,3888 Solstice,Merced,95348,515000,8,4,3286,9833,2005,Single Family Residential,Active,2026-05-14,37.3390975,-120.4872439,https://www.redfin.com/CA/Merced/3888-Solstice-Ave-95348/home/19657581,redfin
2026-09-18,mls:226105372,3910 Twilight Ave,Merced,95348,459999,4,4,2352,5728,2006,Single Family Residential,Active,2026-08-20,37.3383451,-120.4900763,https://www.redfin.com/CA/Merced/3910-Twilight-Ave-95348/home/19658692,redfin
2026-09-18,mls:MC26178671,394 St. Bermuda,Merced,95341,95000,,,,5752,,Vacant Land,Active,2026-08-14,37.2826567,-120.4738723,https://www.redfin.com/CA/Merced/394-Bermuda-St-95341/home/19666930,redfin
2026-09-18,mls:MC26201117,3947 Finch Ct,Merced,95340,585000,4,3,1904,7497,1997,Single Family Residential,Active,2026-09-16,37.3375469,-120.4608631,https://www.redfin.com/CA/Merced/3947-Finch-Ct-95340/home/19679529,redfin
2026-09-18,mls:MC26167281,4025 St Remy Ct,Merced,95348,589000,5,3.5,3291,6710,2007,Single Family Residential,Active,2026-07-31,37.3418674,-120.4915622,https://www.redfin.com/CA/Merced/4025-St-Remy-Ct-95348/home/19651325,redfin
2026-09-18,mls:MC26082691,4089 Bayonet,Merced,95348,469000,4,3,1842,5125,2023,Single Family Residential,Active,2026-04-16,37.3425668,-120.4963347,https://www.redfin.com/CA/Merced/4089-Bayonet-Dr-95348/home/180787106,redfin
2026-09-18,mls:MC26181953,409 W 25th St,Merced,95340,225000,2,1,982,3750,1932,Single Family Residential,Active,2026-08-23,37.3091936,-120.4774598,https://www.redfin.com/CA/Merced/409-W-25th-St-95340/home/19692138,redfin
2026-09-18,mls:226089687,4100 Scarlet Ct,Merced,95348,482880,4,2.5,1924,5083,2026,Single Family Residential,Active,2026-07-15,37.343721,-120.491211,https://www.redfin.com/CA/Merced/4100-Scarlet-Ct-95348/home/186321264,redfin
2026-09-18,mls:0751E62A3111,4101 Adobe Ct,Merced,95348,454880,3,2.5,1777,,2026,Single Family Residential,Active,2026-06-23,37.343725,-120.49441,https://www.redfin.com/CA/Merced/4101-Adobe-Ct-95348/home/186321150,redfin
2026-09-18,mls:226094076,4108 Adobe Ct,Merced,95348,449880,3,2.5,1777,4658,2026,Single Family Residential,Active,2026-07-24,37.343855,-120.493857,https://www.redfin.com/CA/Merced/4108-Adobe-Ct-95348/home/186321177,redfin
2026-09-18,mls:MC26163326,4115 Scarlet Ct,Merced,95348,459880,4,2.5,1924,4656,2026,Single Family Residential,Active,2026-07-27,37.3429784,-120.4934196,https://www.redfin.com/CA/Merced/4115-Scarlet-Ct-95348/home/186321239,redfin
2026-09-18,mls:9146B3B1C39A,4116 Scarlet Ct,Merced,95348,479880,4,2.5,1924,,2026,Single Family Residential,Active,2026-05-31,37.3429784,-120.4934196,https://www.redfin.com/CA/Merced/4116-Scarlet-Ct-95348/home/186321261,redfin
2026-09-18,mls:62D769E83AAC,4125 Adobe Ct,Merced,95348,552330,4,2.5,1924,,2026,Single Family Residential,Active,2026-08-05,37.344102,-120.494398,https://www.redfin.com/CA/Merced/4125-Adobe-Ct-95348/home/186321153,redfin
2026-09-18,mls:MC26139899,413 El Portal Ct,Merced,95348,405000,4,2,1440,6000,1993,Single Family Residential,Active,2026-06-26,37.327138,-120.4735865,https://www.redfin.com/CA/Merced/413-El-Portal-Ct-95348/home/19667718,redfin
2026-09-18,mls:ML82035268,413 Hydrangea Ct,Merced,95341,440000,4,2.5,1864,5471,2005,Single Family Residential,Active,2026-02-17,37.2819906,-120.4260934,https://www.redfin.com/CA/Merced/413-Hydrangea-Ct-95341/home/19648529,redfin
2026-09-18,mls:MC26198130,4180 Adobe Ct,Merced,95348,525000,4,2.5,1941,4527,2024,Single Family Residential,Active,2026-09-09,37.3449473,-120.4937563,https://www.redfin.com/CA/Merced/4180-Adobe-Ct-95348/home/186321168,redfin
2026-09-18,mls:41144861,4195 North Highway 59,Merced,95348,285000,,,,39340,,Vacant Land,Active,2026-08-13,37.3492155,-120.5042264,https://www.redfin.com/CA/Merced/4195-N-State-Highway-59-95348/home/19684726,redfin
2026-09-18,mls:MC26123889,42 Squaw Valley Ct,Merced,95341,463709,4,2,1969,5805,2026,Single Family Residential,Active,2026-06-07,37.2849016,-120.4302551,https://www.redfin.com/CA/Merced/42-Squaw-Valley-Dr-95341/home/202168801,redfin
2026-09-18,mls:MC26201983,420 W 19th St,Merced,95340,315000,2,1.5,1489,7500,1938,Single Family Residential,Active,2026-09-15,37.3028374,-120.4813392,https://www.redfin.com/CA/Merced/420-W-19th-St-95340/home/19690991,redfin
2026-09-18,mls:MC26140315,4208 Berryesa,Merced,95348,399000,3,2.5,1555,3837,2008,Single Family Residential,Active,2026-06-27,37.3452052,-120.4693254,https://www.redfin.com/CA/Merced/4208-Berryesa-Ave-95348/home/19651904,redfin
2026-09-18,mls:MC26158999,424 Barclay Way,Merced,95348,450000,4,2,1700,4925,2007,Single Family Residential,Active,2026-07-24,37.3553556,-120.4744038,https://www.redfin.com/CA/Merced/424-Barclay-Way-95348/home/19651643,redfin
2026-09-18,mls:MC26182055,4240 Los Olivos Rd,Merced,95340,1600000,4,2,2561,361548,1970,Single Family Residential,Active,2026-08-24,37.3500726,-120.4354813,https://www.redfin.com/CA/Merced/4240-Los-Olivos-Rd-95340/home/19679651,redfin
2026-09-18,mls:MC26178473,4265 Freemark Ave,Merced,95348,559900,5,3.5,2478,5240,2021,Single Family Residential,Active,2026-08-20,37.3448479,-120.482299,https://www.redfin.com/CA/Merced/4265-Freemark-Ave-95348/home/28949033,redfin
2026-09-18,mls:226106909,434 Occidental Ct,Merced,95348,389999,4,2,1440,6000,1993,Single Family Residential,Active,2026-08-24,37.3281127,-120.4740071,https://www.redfin.com/CA/Merced/434-Occidental-Ct-95348/home/19667652,redfin
2026-09-18,mls:MC26168529,4395 Strathmore,Merced,95348,419000,4,2,1617,4725,2018,Single Family Residential,Active,2026-08-09,37.3494562,-120.4698107,https://www.redfin.com/CA/Merced/4395-Strathmore-Pl-95348/home/28951214,redfin
2026-09-18,mls:MC26195175,4431 Andrea,Merced,95348,450000,4,3,1745,5092,2022,Single Family Residential,Active,2026-09-05,37.3507554,-120.4829035,https://www.redfin.com/CA/Merced/4431-Andrea-Dr-95348/home/172360241,redfin
2026-09-18,mls:ML82053546,4449 Lacy Ln,Merced,95348,449000,3,2,1616,5125,2022,Single Family Residential,Active,2026-07-08,37.3508779,-120.482032,https://www.redfin.com/CA/Merced/4449-Lacy-Ln-95348/home/172360257,redfin
2026-09-18,mls:225139639,446 Tyler #148 Rd,Merced,95341,299000,,,,57543,,Vacant Land,Active,2025-10-31,37.2816477,-120.4693583,https://www.redfin.com/CA/Merced/446-Tyler-Rd-95341/home/28953786,redfin
2026-09-18,mls:MC26094946,4465 Andrea Dr,Merced,95348,451179,3,2,1620,4583,2026,Single Family Residential,Active,2026-06-06,37.3517279,-120.4830309,https://www.redfin.com/CA/Merced/4465-Andrea-Dr-95348/home/172360248,redfin
2026-09-18,mls:226106360,454 Jacobs Dr,Merced,95348,456644,4,3,1832,4800,2007,Single Family Residential,Active,2026-08-22,37.353343,-120.4733961,https://www.redfin.com/CA/Merced/454-Jacobs-Dr-95348/home/19651725,redfin
2026-09-18,mls:MC26182077,455 Columbia,Merced,95340,364900,3,2,1175,6000,1972,Single Family Residential,Active,2026-08-19,37.32404,-120.4645496,https://www.redfin.com/CA/Merced/455-Columbia-Ave-95340/home/19703734,redfin
2026-09-18,mls:226096553,457 Buena Vista Dr,Merced,95348,399999,3,2,1440,6569,1993,Single Family Residential,Active,2026-08-15,37.3278627,-120.4742567,https://www.redfin.com/CA/Merced/457-Buena-Vista-Dr-95348/home/19668122,redfin
2026-09-18,mls:MC26062941,4639 Sami Jo,Merced,95348,487000,4,2,1885,5123,2025,Single Family Residential,Active,2026-03-27,37.356132,-120.481036,https://www.redfin.com/CA/Merced/4639-Sami-Jo-Dr-95348/home/180787624,redfin
2026-09-18,mls:226018792,4672 Beckman Way,Merced,95348,385000,4,2.5,2116,5357,2007,Single Family Residential,Active,2026-02-18,37.3559542,-120.4725258,https://www.redfin.com/CA/Merced/4672-Beckman-Way-95348/home/19651672,redfin
2026-09-18,mls:MC26193060,475 Tulane,Merced,95348,410000,3,2,1360,6366,1999,Single Family Residential,Active,2026-09-02,37.3257095,-120.4745678,https://www.redfin.com/CA/Merced/475-Tulane-Dr-95348/home/19667400,redfin
2026-09-18,mls:MC26087411,4822 Durant,Merced,95348,599900,5,4,3265,7784,2007,Single Family Residential,Active,2026-05-05,37.3585415,-120.4691243,https://www.redfin.com/CA/Merced/4822-Durant-Way-95348/home/19650686,redfin
2026-09-18,mls:MC26177612,4836 Mari Cruz Ln,Merced,95348,453212,3,2,1620,5923,2026,Single Family Residential,Active,2026-08-13,37.358853,-120.478632,https://www.redfin.com/CA/Merced/4836-Mari-Cruz-Ln-95348/home/196426148,redfin
2026-09-18,mls:MC26094924,4842 Mari Cruz,Merced,95348,481417,3,2,1854,5923,2026,Single Family Residential,Active,2026-05-01,37.358982,-120.478524,https://www.redfin.com/CA/Merced/4842-Mari-Cruz-Ln-95348/home/196426147,redfin
2026-09-18,mls:MC26159854,4861 Langley,Merced,95348,475000,3,2,1928,8708,2015,Single Family Residential,Active,2026-07-28,37.3586468,-120.4716258,https://www.redfin.com/CA/Merced/4861-Langley-Way-95348/home/28950816,redfin
2026-09-18,mls:MC26177603,4866 Mari Cruz Ln,Merced,95348,516548,4,3,2203,5839,2026,Single Family Residential,Active,2026-08-13,37.359204,-120.478255,https://www.redfin.com/CA/Merced/4866-Mari-Cruz-Ln-95348/home/204576604,redfin
2026-09-18,mls:MC26182718,4869 Langley Way,Merced,95348,535000,5,2.5,2288,6903,2015,Single Family Residential,Active,2026-08-20,37.3590131,-120.4716565,https://www.redfin.com/CA/Merced/4869-Langley-Way-95348/home/28950822,redfin
2026-09-18,mls:MC26177584,4882 Mari Cruz Ln,Merced,95348,485789,4,3,1750,8042,2026,Single Family Residential,Active,2026-08-13,37.359382,-120.477905,https://www.redfin.com/CA/Merced/4882-Mari-Cruz-Ln-95348/home/204576504,redfin
2026-09-18,mls:MC26169759,5082 Palisade,Merced,95348,419999,4,2.5,1687,2116,2023,Single Family Residential,Active,2026-08-25,37.3625801,-120.46905,https://www.redfin.com/CA/Merced/5082-Palisade-Ave-95348/home/28952312,redfin
2026-09-18,mls:MC26150874,515 Cadiz Ct,Merced,95341,429000,4,2.5,1921,5055,2019,Single Family Residential,Active,2026-08-06,37.2770927,-120.4848762,https://www.redfin.com/CA/Merced/515-Cadiz-Ct-95341/home/28951744,redfin
2026-09-18,mls:MC26172479,52 Sedona Dr,Merced,95341,419999,4,3,1836,3200,2026,Single Family Residential,Active,2026-08-06,37.274382,-120.484204,https://www.redfin.com/CA/Merced/52-Sedona-Dr-95341/home/180787881,redfin
2026-09-18,mls:MC26190483,52 W 25th,Merced,95340,239000,2,1,830,7500,1939,Single Family Residential,Active,2026-08-31,37.3068829,-120.4725298,https://www.redfin.com/CA/Merced/52-W-25th-St-95340/home/19691446,redfin
2026-09-18,mls:MC26119524,523 Barcelona Ct,Merced,95341,396000,4,2.5,1999,3485,2023,Single Family Residential,Active,2026-06-02,37.276891,-120.4841532,https://www.redfin.com/CA/Merced/523-Barcelona-Ct-95341/home/28951740,redfin
2026-09-18,mls:MC26183832,537 Alfarata Blvd,Merced,95341,399900,4,2,1732,5970,2006,Single Family Residential,Active,2026-08-21,37.2799467,-120.4378632,https://www.redfin.com/CA/Merced/537-Alfarata-Blvd-95341/home/19652525,redfin
2026-09-18,mls:MC26202684,565 Tolman Way,Merced,95348,395000,3,2,1455,4938,2007,Single Family Residential,Active,2026-09-17,37.3537061,-120.4762962,https://www.redfin.com/CA/Merced/565-Tolman-Way-95348/home/19651075,redfin
2026-09-18,mls:MC22138199,5771 N Siena Ave,Merced,95340,265000,,,,43560,,Vacant Land,Active,2022-06-24,37.372404,-120.467821,https://www.redfin.com/CA/Merced/5771-N-Siena-Ave-95340/home/28949515,redfin
2026-09-18,mls:MC26162775,5820 N Siena Ave,Merced,95340,699000,,,,87120,,Vacant Land,Active,2026-07-25,37.372923,-120.466926,https://www.redfin.com/CA/Merced/5820-N-Siena-Ave-95340/home/28949517,redfin
2026-09-18,mls:226046872,5825 N Casa Sonada Ct,Merced,95340,285000,,,,43560,,Vacant Land,Active,2026-04-15,37.3732349,-120.4647476,https://www.redfin.com/CA/Merced/5825-N-Casa-Sonada-Ct-95340/home/168647420,redfin
2026-09-18,mls:MC26084705,5829 N Casa Sonada Ct,Merced,95340,300000,,,,43560,,Vacant Land,Active,2026-04-20,37.3737132,-120.464331,https://www.redfin.com/CA/Merced/5829-N-Casa-Sonada-Ct-95340/home/168647421,redfin
2026-09-18,mls:MC26084709,5830 N Rio Bonito Ct,Merced,95340,300000,,,,44431,,Vacant Land,Active,2026-04-20,37.373254,-120.462652,https://www.redfin.com/CA/Merced/5830-N-Rio-Bonito-Ct-95340/home/168647425,redfin
2026-09-18,mls:MC26138029,59 W 27th,Merced,95340,375000,3,2,1896,7500,1981,Single Family Residential,Active,2026-08-05,37.3093528,-120.4711085,https://www.redfin.com/CA/Merced/59-W-27th-St-95340/home/19693053,redfin
2026-09-18,mls:V1-38507,594 Granada Ct,Merced,95341,429900,4,3,1999,3671,2018,Single Family Residential,Active,2026-09-02,37.2760295,-120.4850942,https://www.redfin.com/CA/Merced/594-Granada-Ct-95341/home/28951771,redfin
2026-09-18,mls:MC26182432,60 E 12th,Merced,95341,599900,8,4,3000,7504,1977,Multi-Family (2-4 Unit),Active,2026-08-19,37.2927163,-120.4780047,https://www.redfin.com/CA/Merced/60-E-12th-St-95341/home/19687380,redfin
2026-09-18,mls:MC26202372,600 Dennis Ct,Merced,95340,329000,3,2,1718,8196,1968,Single Family Residential,Active,2026-09-16,37.3134479,-120.4641366,https://www.redfin.com/CA/Merced/600-Dennis-Ct-95340/home/19702111,redfin
2026-09-18,mls:MC26167550,603 Weslie Way,Merced,95348,359037,3,2.5,1358,2200,2026,Single Family Residential,Active,2026-07-31,37.360665,-120.478211,https://www.redfin.com/CA/Merced/603-Weslie-Way-Unknown/home/203570268,redfin
2026-09-18,mls:MC26177703,613 Weslie Way,Merced,95348,393290,3,2.5,1623,3969,2026,Single Family Residential,Active,2026-08-13,37.360675,-120.478516,https://www.redfin.com/CA/Merced/613-Weslie-Way-Unknown/home/204577766,redfin
2026-09-18,mls:MC26177694,615 Weslie Way,Merced,95348,359037,3,2.5,1358,2425,2026,Single Family Residential,Active,2026-08-13,37.360679,-120.478617,https://www.redfin.com/CA/Merced/615-Weslie-Way-Unknown/home/204577717,redfin
2026-09-18,mls:MC26177647,617 Weslie Way,Merced,95348,359037,3,2.5,1358,2473,2026,Single Family Residential,Active,2026-08-13,37.360682,-120.478693,https://www.redfin.com/CA/Merced/617-Weslie-Way-Unknown/home/204577547,redfin
2026-09-18,mls:MC26177619,621 Weslie Way,Merced,95348,393290,3,2.5,1623,4244,2026,Single Family Residential,Active,2026-08-13,37.360685,-120.478795,https://www.redfin.com/CA/Merced/621-Weslie-Way-Unknown/home/204576922,redfin
2026-09-18,mls:MC26127731,626 Heitz Ct,Merced,95348,429000,4,3,1852,5661,2020,Single Family Residential,Active,2026-07-01,37.3485926,-120.4781423,https://www.redfin.com/CA/Merced/626-Heitz-Ct-95348/home/28948826,redfin
2026-09-18,mls:226052760,627 Elizabeth Ct,Merced,95341,387500,3,2,1231,5301,2024,Single Family Residential,Active,2026-05-22,37.277912,-120.493846,https://www.redfin.com/CA/Merced/627-Elizabeth-Ct-95341/home/180787387,redfin
2026-09-18,mls:MC26163276,63 Maia Ct,Merced,95341,459000,4,2.5,1945,4595,2007,Single Family Residential,Active,2026-07-31,37.2890444,-120.4270611,https://www.redfin.com/CA/Merced/63-Maia-Ct-95341/home/19656885,redfin
2026-09-18,mls:MC26168622,630 Andrea,Merced,95348,410000,3,2,1616,4897,2020,Single Family Residential,Active,2026-08-03,37.3493336,-120.4782911,https://www.redfin.com/CA/Merced/630-Andrea-Dr-95348/home/168649010,redfin
2026-09-18,mls:MC26146533,636 W 25th,Merced,95340,330000,2,1,1056,7500,1949,Single Family Residential,Active,2026-07-06,37.3100838,-120.4811936,https://www.redfin.com/CA/Merced/636-W-25th-St-95340/home/19693007,redfin
2026-09-18,mls:MC26148395,654-- 658 W Yosemite,Merced,95348,499000,4,4,2378,6841,1984,Multi-Family (2-4 Unit),Active,2026-07-29,37.3318577,-120.4798624,https://www.redfin.com/CA/Merced/654-W-Yosemite-Ave-95348/home/19668082,redfin
2026-09-18,mls:MC26183806,670 Elizabeth Ct,Merced,95341,405000,4,2,1509,6118,2024,Single Family Residential,Active,2026-08-21,37.27745,-120.494384,https://www.redfin.com/CA/Merced/670-Elizabeth-Ct-95341/home/180787393,redfin
2026-09-18,mls:MC26163641,677 Mackenzie Ct,Merced,95341,379900,3,2,1000,4998,2024,Single Family Residential,Active,2026-07-27,37.2792618,-120.4943634,https://www.redfin.com/CA/Merced/677-Mackenzie-Ct-95341/home/180787315,redfin
2026-09-18,mls:MC26106631,684 Skyler Ln Unit 69 B2,Merced,95348,439990,4,2,1509,5830,2026,Single Family Residential,Active,2026-07-19,37.3586629,-120.4807985,https://www.redfin.com/CA/Merced/684-Skyler-Ln-95348/unit-69-B2/home/201858480,redfin
2026-09-18,mls:MC24096982,6922 G St,Merced,95340,3599999,2,3,6300,2964258,1982,Single Family Residential,Active,2024-05-16,37.3891143,-120.4663615,https://www.redfin.com/CA/Merced/6922-G-St-95340/home/187852220,redfin
2026-09-18,mls:MC26111249,693 Cadiz Ave,Merced,95341,450900,4,2.5,2182,3744,2022,Single Family Residential,Active,2026-05-22,37.274742,-120.48485,https://www.redfin.com/CA/Merced/693-Cadiz-Ave-95341/home/180787922,redfin
2026-09-18,mls:41148105,698 Keng Ct,Merced,95341,410000,3,2,1214,6838,2024,Single Family Residential,Active,2026-09-11,37.2802099,-120.494785,https://www.redfin.com/CA/Merced/698-Keng-Ct-95341/home/186321375,redfin
2026-09-18,mls:MC26183512,698 Roberts Ct,Merced,95340,475000,4,2,1900,12610,1967,Single Family Residential,Active,2026-09-01,37.3112846,-120.4628734,https://www.redfin.com/CA/Merced/698-Roberts-Ct-95340/home/19702775,redfin
2026-09-18,mls:226035968,7044 Hwy 59 & Sandy Mush Rd,Merced,95340,399000,,,,1001880,,Vacant Land,Active,2026-03-25,37.3145748,-120.4687351,https://www.redfin.com/CA/Merced/59-Sandy-Ln-95340/home/19703233,redfin
2026-09-18,mls:MC26008284,71 Tyler Rd,Merced,95341,1199000,,,,392040,,Vacant Land,Active,2026-01-13,37.2869741,-120.4703556,https://www.redfin.com/CA/Merced/71-Tyler-Rd-95341/home/194153528,redfin
2026-09-18,mls:MC26189059,713 Stone Ridge West Ave,Merced,95341,344140,3,2.5,1358,1649,2026,Single Family Residential,Active,2026-08-28,37.2768573,-120.4808773,https://www.redfin.com/CA/Merced/713-Stone-Ridge-West-Ave-95341/home/196426217,redfin
2026-09-18,mls:MC26053673,714 Dean Ct,Merced,95341,399900,3,2,1214,5200,2023,Single Family Residential,Active,2026-03-11,37.2788436,-120.4953763,https://www.redfin.com/CA/Merced/714-Dean-Ct-95341/home/180787328,redfin
2026-09-18,mls:MC26152873,714 Suzanne,Merced,95348,440000,3,2,1435,5065,2021,Single Family Residential,Active,2026-07-30,37.3512045,-120.4806199,https://www.redfin.com/CA/Merced/714-Suzanne-Dr-95348/home/172360276,redfin
2026-09-18,mls:226038701,72 E 12th St,Merced,95341,650000,6,4,3002,7505,1976,Multi-Family (5+ Unit),Active,2026-05-20,37.2926913,-120.4778409,https://www.redfin.com/CA/Merced/72-E-12th-St-95341/home/19687379,redfin
2026-09-18,mls:MC26013670,724 Robin Dr,Merced,95340,579900,5,3,2021,10109,1997,Single Family Residential,Active,2026-02-11,37.3369707,-120.4617846,https://www.redfin.com/CA/Merced/724-Robin-Dr-95340/home/19661373,redfin
2026-09-18,mls:MC26181900,725 Stone Ridge West Ave,Merced,95341,374750,3,2.5,1623,2774,2026,Single Family Residential,Active,2026-08-19,37.27672,-120.4808686,https://www.redfin.com/CA/Merced/725-Stone-Ridge-West-Ave-95341/home/196426220,redfin
2026-09-18,mls:MP26164276,726 Skyler Ct,Merced,95348,439000,3,2,1435,5269,2026,Single Family Residential,Active,2026-07-28,37.358728,-120.481646,https://www.redfin.com/CA/Merced/726-Skyler-Ln-95348/home/196426122,redfin
2026-09-18,mls:MC26094809,732 Stone Ridge East Ave,Merced,95341,328540,2,2.5,1259,1652,2026,Single Family Residential,Active,2026-09-10,37.2751972,-120.4843636,https://www.redfin.com/CA/Merced/732-Stone-Ridge-East-Ave-95341/home/196426251,redfin
2026-09-18,mls:MC26095163,733 Marshall Ct,Merced,95348,445000,3,2,1620,5611,2026,Single Family Residential,Active,2026-05-01,37.35993,-120.481585,https://www.redfin.com/CA/Merced/733-Marshall-Ct-95348/home/201673758,redfin
2026-09-18,mls:226083180,733 Newton Ct,Merced,95348,450000,5,2.5,1919,5502,2020,Single Family Residential,Active,2026-06-30,37.3481419,-120.4808294,https://www.redfin.com/CA/Merced/733-Newton-Ct-95348/home/28948811,redfin
2026-09-18,mls:MC26027458,738 Skyler Ct,Merced,95348,445000,3,2,1620,5300,2026,Single Family Residential,Active,2026-03-10,37.358728,-120.481818,https://www.redfin.com/CA/Merced/738-Skyler-Ln-95348/home/196426123,redfin
2026-09-18,mls:226092145,747 Marcus Ct,Merced,95341,385000,3,2,1443,5001,2022,Single Family Residential,Active,2026-07-24,37.2799617,-120.4959358,https://www.redfin.com/CA/Merced/747-Marcus-Ct-95341/home/179425220,redfin
2026-09-18,mls:cmpmoqogk10nys6015tvoig1e,751 Yosemite Pkwy,Merced,95340,250000,3,1,1036,,1959,Unknown,Active,2026-05-26,37.2955401,-120.4653358,https://www.redfin.com/CA/Merced/751-Yosemite-Pkwy-95340/home/19687728,redfin
2026-09-18,mls:MC26185562,756 Brianne Ct,Merced,95341,385000,3,2,1214,5175,2021,Single Family Residential,Active,2026-08-24,37.2825904,-120.4960306,https://www.redfin.com/CA/Merced/756-Brianne-Ct-95341/home/176247864,redfin
2026-09-18,mls:MC26001848,756 Crist,Merced,95341,105000,,,,14894,,Vacant Land,Active,2026-01-05,37.2936235,-120.4685564,https://www.redfin.com/CA/Merced/756-Crist-Ave-95341/home/19687412,redfin
2026-09-18,mls:MC26009493,767 Taryn Ct,Merced,95341,340000,3,2,1000,5433,2020,Single Family Residential,Active,2026-03-17,37.2843948,-120.4961734,https://www.redfin.com/CA/Merced/767-Taryn-Ct-95341/home/172356595,redfin
2026-09-18,mls:MC26073213,789 Yosemite,Merced,95340,299999,3,1,1032,7500,1953,Single Family Residential,Active,2026-05-26,37.295444,-120.4651341,https://www.redfin.com/CA/Merced/789-Yosemite-Pkwy-95340/home/19687612,redfin
2026-09-18,mls:226081813,794 Dean Ct,Merced,95341,455000,4,2,1862,7000,2023,Single Family Residential,Active,2026-06-26,37.2788084,-120.4967438,https://www.redfin.com/CA/Merced/794-Dean-Ct-95341/home/180787335,redfin
2026-09-18,mls:MC25254770,835 W 10th St,Merced,95341,145000,,,,14536,,Vacant Land,Active,2025-11-05,37.2963738,-120.4927217,https://www.redfin.com/CA/Merced/835-W-10th-St-95341/home/183226295,redfin
2026-09-18,mls:MC25202610,84 Jack Ct,Merced,95341,379000,4,2.5,1945,4595,2007,Single Family Residential,Active,2025-11-12,37.2893222,-120.4274259,https://www.redfin.com/CA/Merced/84-Jack-Ct-95341/home/19657494,redfin
2026-09-18,mls:MC26133869,86 Sedona,Merced,95341,445000,4,2.5,2182,3199,2022,Single Family Residential,Active,2026-06-19,37.2744305,-120.485051,https://www.redfin.com/CA/Merced/86-Sedona-Dr-95341/home/180787875,redfin
2026-09-18,mls:MC26148980,864 E Childs,Merced,95341,2190000,,,,871200,,Vacant Land,Active,2026-07-10,37.2875663,-120.4660284,https://www.redfin.com/CA/Merced/864-E-Childs-Ave-95341/home/188876508,redfin
2026-09-18,mls:MC26041835,890 Barney,Merced,95340,299000,2,1,1233,6075,1951,Single Family Residential,Active,2026-05-06,37.3009501,-120.4613226,https://www.redfin.com/CA/Merced/890-Barney-St-95340/home/19687980,redfin
2026-09-18,mls:MC25242208,902 W 20th St,Merced,95340,345000,2,1,1378,7368,1917,Single Family Residential,Active,2025-10-17,37.3065016,-120.4880009,https://www.redfin.com/CA/Merced/902-W-20th-St-95340/home/19691004,redfin
2026-09-18,mls:MC25252460,915 R St,Merced,95341,325000,3,1,1232,5391,1930,Single Family Residential,Active,2025-11-02,37.2968727,-120.497309,https://www.redfin.com/CA/Merced/915-R-St-95341/home/19690941,redfin
2026-09-18,mls:242694,929 W 6th St,Merced,95341,625500,5,3,2300,6200,2026,Single Family Residential,Active,2026-07-06,37.2929392,-120.4963773,https://www.redfin.com/CA/Merced/929-W-6th-St-95341/home/189156477,redfin
2026-09-18,mls:651525,929 W 6th St #2,Merced,95341,625500,5,2.75,2298,6198,2026,Multi-Family (2-4 Unit),Active,2026-07-06,37.2929392,-120.4963773,https://www.redfin.com/CA/Merced/929-W-6th-St-95341/unit-2/home/202660811,redfin
2026-09-18,mls:226004168,930 W 23rd St,Merced,95340,295000,2,1,912,7501,1940,Single Family Residential,Active,2026-01-23,37.309677,-120.4867814,https://www.redfin.com/CA/Merced/930-W-23rd-St-95340/home/19692025,redfin
2026-09-18,mls:MC25270339,965 N Bryant Ct,Merced,95341,190000,,,,47916,,Vacant Land,Active,2025-12-03,37.300171,-120.520387,https://www.redfin.com/CA/Merced/965-N-Bryant-Ct-95341/home/49858867,redfin
2026-09-18,mls:55E1FC816993,Adams Plan,Merced,95348,455490,4,2,1509,,,Single Family Residential,Active,2025-07-30,37.35757827758789,-120.47850036621094,https://www.redfin.com/CA/Merced/Merced/Adams/home/196689296,redfin
2026-09-18,mls:BEC68E49FC28,Coolidge Plan,Merced,95341,461490,4,3,1842,,,Single Family Residential,Active,2026-04-09,37.28474044799805,-120.43250274658203,https://www.redfin.com/CA/Merced/Merced/Coolidge/home/196730179,redfin
2026-09-18,mls:910CCC4449B9,Coolidge Plan,Merced,95348,482490,4,3,1842,,,Single Family Residential,Active,2025-07-30,37.35757827758789,-120.47850036621094,https://www.redfin.com/CA/Merced/Merced/Coolidge/home/196689029,redfin
2026-09-18,mls:ACB25E048A12,Grayson Plan,Merced,95341,424990,3,2,1290,,,Single Family Residential,Active,2025-08-15,37.2918983,-120.4266809,https://www.redfin.com/CA/Merced/Merced/Grayson/home/197150413,redfin
2026-09-18,mls:FDD583518435,Lanner Plan,Merced,95341,498990,4,2.5,1924,,,Single Family Residential,Active,2026-04-02,37.291656,-120.42655,https://www.redfin.com/CA/Merced/Merced/Lanner/home/201094597,redfin
2026-09-18,mls:ED6468F7B4C8,Lark Plan,Merced,95348,473490,4,2,1509,,,Single Family Residential,Active,2025-05-29,37.35757827758789,-120.47850036621094,https://www.redfin.com/CA/Merced/Merced/Lark/home/195942202,redfin
2026-09-18,mls:15061A6A2B6D,Mountain Top II Plan,Merced,95348,509000,5,3,1890,,,Single Family Residential,Active,2025-08-18,37.3615146,-120.4694483,https://www.redfin.com/CA/Merced/Merced/Mountain-Top-II/home/190509865,redfin
2026-09-18,mls:874769B64FE6,Skyview II Plan,Merced,95348,479000,4,2.5,1824,,,Single Family Residential,Active,2025-08-17,37.3615146,-120.4694483,https://www.redfin.com/CA/Merced/Merced/Skyview-II/home/190509863,redfin
2026-09-18,mls:BF6DF43CAE31,The Adelina Plan,Merced,95341,397838,3,2,1403,,,Single Family Residential,Active,2025-10-26,37.2862897,-120.4304902,https://www.redfin.com/CA/Merced/Merced/The-Adelina/home/198798410,redfin
2026-09-18,mls:AB628F81CA4C,The Ashington Plan,Merced,95348,465600,4,3,1750,,,Single Family Residential,Active,2025-11-02,37.3582045,-120.4809235,https://www.redfin.com/CA/Merced/Merced/The-Ashington/home/198836475,redfin
2026-09-18,mls:7544A213B692,The Ashington Plan,Merced,95341,438700,4,3,1750,,,Single Family Residential,Active,2025-10-26,37.2862897,-120.4304902,https://www.redfin.com/CA/Merced/Merced/The-Ashington/home/198798406,redfin
2026-09-18,mls:33109F27E8B2,The Caledonia Plan,Merced,95348,480600,4,3,1969,,,Single Family Residential,Active,2025-12-20,37.3582045,-120.4809235,https://www.redfin.com/CA/Merced/Merced/The-Caledonia/home/199743228,redfin
2026-09-18,mls:3335387E8898,The Carmelo Plan,Merced,95341,391874,3,2,1500,,,Single Family Residential,Active,2025-07-31,37.2917052,-120.4288446,https://www.redfin.com/CA/Merced/Merced/The-Carmelo/home/196756198,redfin
2026-09-18,mls:C841C396BC54,The Cascade Plan,Merced,95348,436368,3,2,1620,,,Single Family Residential,Active,2025-11-06,37.3582045,-120.4809235,https://www.redfin.com/CA/Merced/Merced/The-Cascade/home/198909838,redfin
2026-09-18,mls:2BB8EC88400D,The Cascade Plan,Merced,95341,421000,3,2,1620,,,Single Family Residential,Active,2025-10-26,37.2862897,-120.4304902,https://www.redfin.com/CA/Merced/Merced/The-Cascade/home/198798409,redfin
2026-09-18,mls:DECD7A7C0493,The Florencia Plan,Merced,95348,569600,5,3,2752,,,Single Family Residential,Active,2025-11-06,37.3582045,-120.4809235,https://www.redfin.com/CA/Merced/Merced/The-Florencia/home/198918663,redfin
2026-09-18,mls:EB4F2420027D,The Haven Plan,Merced,95341,362250,3,2.5,1623,,,Townhouse,Active,2025-10-13,37.2766279,-120.4806608,https://www.redfin.com/CA/Merced/Merced/The-Haven/home/198576924,redfin
2026-09-18,mls:C5D14AA59F41,The Kelsey Plan,Merced,95341,309900,2,2.5,1259,,,Townhouse,Active,2025-10-13,37.2766279,-120.4806608,https://www.redfin.com/CA/Merced/Merced/The-Kelsey/home/198576925,redfin
2026-09-18,mls:581E257A65CE,The Monterey Plan,Merced,95348,489600,4,2,1960,,,Single Family Residential,Active,2025-12-20,37.3582045,-120.4809235,https://www.redfin.com/CA/Merced/Merced/The-Monterey/home/199743230,redfin
2026-09-18,mls:7EE60E243966,The Monterey Plan,Merced,95341,471550,4,2,1960,,,Single Family Residential,Active,2025-10-27,37.2862897,-120.4304902,https://www.redfin.com/CA/Merced/Merced/The-Monterey/home/198798429,redfin
2026-09-18,mls:43516D609CFC,The Rainier Plan,Merced,95348,404900,3,2,1435,,,Single Family Residential,Active,2025-11-06,37.3582045,-120.4809235,https://www.redfin.com/CA/Merced/Merced/The-Rainier/home/198918611,redfin
2026-09-18,mls:C66618349959,The Santa Cruz Plan,Merced,95348,479600,4,3,1810,,,Single Family Residential,Active,2025-12-20,37.3582045,-120.4809235,https://www.redfin.com/CA/Merced/Merced/The-Santa-Cruz/home/199743229,redfin
2026-09-18,mls:35E70551F97C,The Santa Cruz Plan,Merced,95341,465200,4,3,1810,,,Single Family Residential,Active,2025-10-26,37.2862897,-120.4304902,https://www.redfin.com/CA/Merced/Merced/The-Santa-Cruz/home/198798407,redfin
2026-09-18,mls:91E012AEF7B7,The Shasta Plan,Merced,95348,479230,4,3,2207,,,Single Family Residential,Active,2025-11-02,37.3582045,-120.4809235,https://www.redfin.com/CA/Merced/Merced/The-Shasta/home/198836473,redfin
2026-09-18,mls:414BA255B8B4,The Sierra Plan,Merced,95341,325500,3,2.5,1358,,,Townhouse,Active,2025-10-13,37.2766279,-120.4806608,https://www.redfin.com/CA/Merced/Merced/The-Sierra/home/198576923,redfin
2026-09-18,mls:347EB8F16713,The Teton Plan,Merced,95348,470600,3,2,1854,,,Single Family Residential,Active,2025-11-06,37.3582045,-120.4809235,https://www.redfin.com/CA/Merced/Merced/The-Teton/home/198918058,redfin
2026-09-18,mls:DBF11679A93F,The Tolosa Plan,Merced,95341,483361,4,2,2392,,,Single Family Residential,Active,2025-10-13,37.2917052,-120.4288446,https://www.redfin.com/CA/Merced/Merced/The-Tolosa/home/198576922,redfin
2026-09-19,mls:226043198,0 Fruitland & Orchard Park Ave,Atwater,95301,1500000,,,,1337292,,Vacant Land,Active,2026-04-08,37.3626644,-120.5957832,https://www.redfin.com/CA/Atwater/0-Fruitland-Ave-95301/home/183517590,redfin
2026-09-19,mls:MC22098863,0 Green Sands Ave,Atwater,95301,720000,,,,45738,,Vacant Land,Active,2022-05-12,37.338095,-120.576147,https://www.redfin.com/CA/Atwater/Green-Sands-Ave-95301/home/179404945,redfin
2026-09-19,mls:MC26107959,1 Gurr Rd,Atwater,95301,425000,,,,213880,,Vacant Land,Active,2026-05-18,37.32537,-120.557565,https://www.redfin.com/CA/Atwater/1-Gurr-RD-95301/home/198748593,redfin
2026-09-19,mls:MC26025984,1 W Belcher Ave,Atwater,95348,290000,,,,54886,,Vacant Land,Active,2026-02-04,37.338472,-120.544579,https://www.redfin.com/CA/Atwater/1-W-Belcher-Ave-95301/home/200353831,redfin
2026-09-19,mls:226114978,101 Manzanita Dr,Atwater,95301,379900,4,2,1876,8019,1985,Single Family Residential,Active,2026-09-17,37.364388,-120.5960439,https://www.redfin.com/CA/Atwater/101-Manzanita-Dr-95301/home/19669071,redfin
2026-09-19,mls:MC26185791,1020 Prince William Ct,Atwater,95301,1250000,5,4.5,3632,43560,2026,Single Family Residential,Active,2026-08-24,37.3025539,-120.5839977,https://www.redfin.com/CA/Atwater/1020-Prince-William-Ct-95301/home/168648013,redfin
2026-09-19,mls:MC26125479,10366 Rose,Atwater,95301,813500,2,2,,1045440,,Vacant Land,Active,2026-06-09,37.324381,-120.675708,https://www.redfin.com/CA/Atwater/10366-Rose-Ave-95301/home/187905845,redfin
2026-09-19,mls:224602563,10511 White Crane Rd,Atwater,95301,1195950,,,,1751112,,Vacant Land,Active,2026-06-02,37.3160829,-120.6786226,https://www.redfin.com/CA/Atwater/10511-White-Crane-Rd-95301/home/182992353,redfin
2026-09-19,mls:MC26184825,111 Pacemaker,Atwater,95301,374999,3,2,1530,7264,1975,Single Family Residential,Active,2026-08-25,37.3532969,-120.5953379,https://www.redfin.com/CA/Atwater/111-Pacemaker-Dr-95301/home/19706647,redfin
2026-09-19,mls:MC26040384,1160 Oak Ave,Atwater,95301,325000,4,2,1595,8201,1951,Single Family Residential,Active,2026-02-23,37.3556208,-120.6030817,https://www.redfin.com/CA/Atwater/1160-Oak-Ave-95301/home/19708945,redfin
2026-09-19,mls:ML82057518,1170 Spruce,Atwater,95301,370000,3,2,1481,6240,1957,Single Family Residential,Active,2026-08-12,37.3589015,-120.6042608,https://www.redfin.com/CA/Atwater/1170-Spruce-Ave-95301/home/19709053,redfin
2026-09-19,mls:MC26203442,1291 Spruce,Atwater,95301,375000,3,2,1226,7475,1955,Single Family Residential,Active,2026-09-16,37.3590269,-120.6058987,https://www.redfin.com/CA/Atwater/1291-Spruce-Ave-95301/home/19708693,redfin
2026-09-19,mls:MC26115028,1319 3rd St,Atwater,95301,349900,3,1,1356,7321,1920,Single Family Residential,Active,2026-07-07,37.3485144,-120.608288,https://www.redfin.com/CA/Atwater/1319-3rd-St-95301/home/19708365,redfin
2026-09-19,mls:MC26198555,134 E Fir,Atwater,95301,295000,3,2,1425,10969,1959,Single Family Residential,Active,2026-09-10,37.3457031,-120.5946928,https://www.redfin.com/CA/Atwater/134-E-Fir-Ave-95301/home/19706101,redfin
2026-09-19,mls:MC26087176,136 Seville Ct,Atwater,95301,58000,2,1,672,,1980,Mobile/Manufactured Home,Active,2026-04-22,37.3413116,-120.5881367,https://www.redfin.com/CA/Atwater/136-Seville-Ct-95301/home/19655417,redfin
2026-09-19,mls:MC26186737,1371 Shady Cove Ave,Atwater,95301,265000,,,,43655,,Vacant Land,Active,2026-08-25,37.3074557,-120.5915332,https://www.redfin.com/CA/Atwater/1371-Shady-Cove-Ave-95301/home/168647928,redfin
2026-09-19,mls:ML82058659,1405 Tamarack Ave,Atwater,95301,325000,3,2,1386,8075,1955,Single Family Residential,Active,2026-08-21,37.3595332,-120.6073025,https://www.redfin.com/CA/Atwater/1405-Tamarack-Ave-95301/home/19708185,redfin
2026-09-19,mls:MC26164246,1420 Fairway,Atwater,95301,475000,4,2,1997,8993,1997,Single Family Residential,Active,2026-08-13,37.3453742,-120.5855426,https://www.redfin.com/CA/Atwater/1420-Fairway-Dr-95301/home/19705775,redfin
2026-09-19,mls:MC26183256,1428 Vine Cir,Atwater,95301,330000,3,1.5,1216,2880,1990,Single Family Residential,Active,2026-09-02,37.3539283,-120.6210143,https://www.redfin.com/CA/Atwater/1428-Vine-Cir-95301/home/19659569,redfin
2026-09-19,mls:MC26196306,1453 Augusta,Atwater,95301,495000,4,2,1964,7492,2001,Single Family Residential,Active,2026-09-10,37.3418612,-120.5792132,https://www.redfin.com/CA/Atwater/1453-Augusta-Ln-95301/home/19665042,redfin
2026-09-19,mls:MC26191754,1463 Juniper Ave,Atwater,95301,319000,3,1,1306,8724,1951,Single Family Residential,Active,2026-09-11,37.3544585,-120.6076816,https://www.redfin.com/CA/Atwater/1463-Juniper-Ave-95301/home/19709001,redfin
2026-09-19,mls:MC26136421,1501 Drakeley,Atwater,95301,297699,2,1,757,7116,1928,Single Family Residential,Active,2026-06-22,37.349514,-120.6110231,https://www.redfin.com/CA/Atwater/1501-Drakeley-Ave-95301/home/21887227,redfin
2026-09-19,mls:226107316,1505 Jorgensen St,Atwater,95301,389000,3,2,1333,6878,1956,Single Family Residential,Active,2026-08-26,37.3460862,-120.5935394,https://www.redfin.com/CA/Atwater/1505-Jorgensen-St-95301/home/19707009,redfin
2026-09-19,mls:226084471,1522 Vine Cir,Atwater,95301,349900,3,1.5,1216,2879,1990,Single Family Residential,Active,2026-07-07,37.3538377,-120.6212607,https://www.redfin.com/CA/Atwater/1522-Vine-Cir-95301/home/19650770,redfin
2026-09-19,mls:MC26178733,1527 Underwood,Atwater,95301,399000,3,2,1543,9005,1957,Single Family Residential,Active,2026-08-14,37.3598418,-120.6095756,https://www.redfin.com/CA/Atwater/1527-Underwood-Ave-95301/home/19708162,redfin
2026-09-19,mls:MC26176577,1536 Fir Ave,Atwater,95301,299999,3,2,1002,7232,1954,Single Family Residential,Active,2026-08-13,37.3509088,-120.6104503,https://www.redfin.com/CA/Atwater/1536-Fir-Ave-95301/home/19707972,redfin
2026-09-19,mls:MC26172461,160 Jeanna Ct,Atwater,95301,694999,4,3,2678,11325,2026,Single Family Residential,Active,2026-08-06,37.372538,-120.5937848,https://www.redfin.com/CA/Atwater/160-Jeanna-Ct-95301/home/28952238,redfin
2026-09-19,mls:MC26161061,1625 Osborn Ter,Atwater,95301,392000,3,2,1346,6628,1960,Single Family Residential,Active,2026-08-09,37.3476363,-120.5929879,https://www.redfin.com/CA/Atwater/1625-Osborn-Ter-95301/home/19707368,redfin
2026-09-19,mls:226109198,1694 Elm Ave,Atwater,95301,340000,2,2,806,6765,1938,Single Family Residential,Active,2026-08-28,37.350644,-120.6124198,https://www.redfin.com/CA/Atwater/1694-Elm-Ave-95301/home/19708326,redfin
2026-09-19,mls:CV26135510,171 ATWATER #29,Atwater,95301,120000,3,2,1390,,1989,Mobile/Manufactured Home,Active,2026-06-21,37.341906,-120.596759,https://www.redfin.com/CA/Atwater/171-Atwater-Blvd-95301/unit-29/home/19654911,redfin
2026-09-19,mls:MC26093531,1800 2nd,Atwater,95301,549900,3,2,1802,15153,1951,Single Family Residential,Active,2026-05-05,37.3519828,-120.6042363,https://www.redfin.com/CA/Atwater/1800-2nd-St-95301/home/161299203,redfin
2026-09-19,mls:FR26204431,1814 White Pines Ct,Atwater,95301,495000,3,2,1705,6956,2001,Single Family Residential,Active,2026-09-18,37.3413279,-120.5781118,https://www.redfin.com/CA/Atwater/1814-White-Pines-Ct-95301/home/19665151,redfin
2026-09-19,mls:MC25219261,1831 Olive Ave,Atwater,95301,325000,1,1,280,13778,1940,Single Family Residential,Active,2025-10-29,37.3493071,-120.6148542,https://www.redfin.com/CA/Atwater/1831-Olive-Ave-95301/home/19709352,redfin
2026-09-19,mls:MC26202224,1873 Grove Ave,Atwater,95301,995000,70,7,4642,14496,1979,Multi-Family (5+ Unit),Active,2026-09-15,37.3536168,-120.613139,https://www.redfin.com/CA/Atwater/1873-Grove-Ave-95301/home/19708355,redfin
2026-09-19,mls:MC24152023,1883 Sycamore Ave,Atwater,95301,650000,,,,52272,,Vacant Land,Active,2024-07-24,37.3469,-120.617299,https://www.redfin.com/CA/Atwater/1883-Sycamore-Ave-95301/home/21156099,redfin
2026-09-19,mls:MC26184580,190 Kadota,Atwater,95301,450000,3,2,1709,7350,1979,Single Family Residential,Active,2026-08-22,37.350776,-120.59799,https://www.redfin.com/CA/Atwater/190-Kadota-Ave-95301/home/19706882,redfin
2026-09-19,mls:MC26147011,1917 Shasta,Atwater,95301,475000,4,2,1841,6397,2007,Single Family Residential,Active,2026-07-07,37.3467111,-120.6242317,https://www.redfin.com/CA/Atwater/1917-Shasta-Dr-95301/home/19652770,redfin
2026-09-19,mls:MC26136462,1971 Mitchell,Atwater,95301,240000,1,1,576,4262,1947,Single Family Residential,Active,2026-06-22,37.3530587,-120.6152921,https://www.redfin.com/CA/Atwater/1971-Mitchell-St-95301/home/19709243,redfin
2026-09-19,mls:MC26089924,2 Rancho Grande Cir,Atwater,95301,132000,2,2,864,,2019,Mobile/Manufactured Home,Active,2026-04-25,37.340844,-120.588071,https://www.redfin.com/CA/Atwater/2-Rancho-Grande-Cir-95301/home/185794860,redfin
2026-09-19,mls:MC26025317,2 W Belcher Ave Ave,Atwater,95348,275000,,,,44431,,Vacant Land,Active,2026-02-04,37.338379,-120.543985,https://www.redfin.com/CA/Atwater/2-W-Belcher-Ave-95301/home/200350163,redfin
2026-09-19,mls:cmrzhhmi800u1s601lhzf835k,2001 Eucalyptus St,Atwater,95301,300000,3,2,1263,,1970,Unknown,Active,2026-07-24,37.3525738,-120.6015444,https://www.redfin.com/CA/Atwater/2001-Eucalyptus-St-95301/home/19707873,redfin
2026-09-19,mls:MC26141326,2024 De La Vina Ct,Atwater,95301,489000,3,2,1728,6540,2024,Single Family Residential,Active,2026-06-29,37.3482248,-120.5689736,https://www.redfin.com/CA/Atwater/2024-De-la-Vina-Ct-95301/home/28947790,redfin
2026-09-19,mls:226092977,2039 Cambridge Dr,Atwater,95301,924950,4,2.5,2011,43560,1979,Single Family Residential,Active,2026-07-23,37.3172155,-120.5852308,https://www.redfin.com/CA/Atwater/2039-Cambridge-Dr-95301/home/19706483,redfin
2026-09-19,mls:226068921,2275 5th St,Atwater,95301,449000,3,2.5,1981,9561,1955,Single Family Residential,Active,2026-06-03,37.3566224,-120.6062774,https://www.redfin.com/CA/Atwater/2275-5th-St-95301/home/19709061,redfin
2026-09-19,mls:MC25147391,2294 Olive Ave,Atwater,95301,55000,8,4,,13966,,Vacant Land,Active,2025-07-01,37.3514598,-120.6208716,https://www.redfin.com/CA/Atwater/2294-Olive-Ave-95301/home/19709111,redfin
2026-09-19,mls:MC26114023,2350 Angelus Ct,Atwater,95301,439900,3,2,1609,12070,1976,Single Family Residential,Active,2026-06-09,37.3576477,-120.614814,https://www.redfin.com/CA/Atwater/2350-Angelus-Ct-95301/home/19708819,redfin
2026-09-19,mls:MC26051388,2355 Atwater Blvd Spc 22,Atwater,95301,55000,3,2,840,,2016,Mobile/Manufactured Home,Active,2026-03-11,37.3507817,-120.6214714,https://www.redfin.com/CA/Atwater/2355-Atwater-Blvd-95301/unit-22/home/172361410,redfin
2026-09-19,mls:cmtj7o0m6031rs6013ev0ioz8,2412 Brodalski St,Atwater,95301,410000,3,2,1840,,1981,Unknown,Active,2026-09-01,37.3606617,-120.6193387,https://www.redfin.com/CA/Atwater/2412-Brodalski-St-95301/home/19669346,redfin
2026-09-19,mls:MC26183608,2480 Boulder Dr,Atwater,95301,535000,4,2,2060,8472,2008,Single Family Residential,Active,2026-08-21,37.3573351,-120.5866815,https://www.redfin.com/CA/Atwater/2480-Boulder-Dr-95301/home/19651866,redfin
2026-09-19,mls:MC26204586,2484 Sierra Springs Ct,Atwater,95301,275000,,,,43560,,Vacant Land,Active,2026-09-18,37.3237013,-120.5916941,https://www.redfin.com/CA/Atwater/2484-Sierra-Springs-Ct-95301/home/28946843,redfin
2026-09-19,mls:MC26163242,249 Live Oak,Atwater,95301,465000,4,2,1876,10445,1989,Single Family Residential,Active,2026-07-27,37.3674341,-120.5979875,https://www.redfin.com/CA/Atwater/249-Live-Oak-Dr-95301/home/19669122,redfin
2026-09-19,mls:226095283,2755 Atwater Blvd Unit G,Atwater,95301,59000,2,1,601,,1977,Mobile/Manufactured Home,Active,2026-07-29,37.3530085,-120.6278709,https://www.redfin.com/CA/Atwater/2755-Atwater-Blvd-95301/unit-G/home/191959108,redfin
2026-09-19,mls:MC26187407,2788 Herrod,Atwater,95301,895000,3,2,2394,47916,1987,Single Family Residential,Active,2026-08-27,37.3282279,-120.5920045,https://www.redfin.com/CA/Atwater/2788-Herrod-Ave-95301/home/19705025,redfin
2026-09-19,mls:MC26152667,2850 Woodbury Ct,Atwater,95301,799901,3,2,1863,47916,1989,Single Family Residential,Active,2026-07-17,37.3292323,-120.5823632,https://www.redfin.com/CA/Atwater/2850-Woodbury-Ct-95301/home/19705301,redfin
2026-09-19,mls:MC26118530,2869 Hillcrest St,Atwater,95301,439000,3,2,1623,6819,1974,Single Family Residential,Active,2026-07-02,37.3620778,-120.6103928,https://www.redfin.com/CA/Atwater/2869-Hillcrest-St-95301/home/19669067,redfin
2026-09-19,mls:226115010,2914 Winners Cir,Atwater,95301,364988,3,2,1400,7431,1981,Single Family Residential,Active,2026-09-18,37.362913,-120.5795607,https://www.redfin.com/CA/Atwater/2914-Winners-Cir-95301/home/19668485,redfin
2026-09-19,mls:226040410,3196 Heather Glen Ln,Atwater,95301,200000,,,,52272,,Vacant Land,Active,2026-09-12,37.3672231,-120.6019773,https://www.redfin.com/CA/Atwater/3196-Heather-Glen-Ln-95301/home/28947254,redfin
2026-09-19,mls:MC26202908,3207 Manzanita,Atwater,95301,479000,4,2,1876,6000,1989,Single Family Residential,Active,2026-09-17,37.3672547,-120.600526,https://www.redfin.com/CA/Atwater/3207-Manzanita-Dr-95301/home/19668930,redfin
2026-09-19,mls:MC26122925,3347 Stacey Ct,Atwater,95301,350000,4,2,1559,7446,1980,Single Family Residential,Active,2026-06-15,37.3672189,-120.6235651,https://www.redfin.com/CA/Atwater/3347-Stacey-Ct-95301/home/19670102,redfin
2026-09-19,mls:MC26200202,3369 Lighthouse Ct,Atwater,95301,525000,4,3,2442,7187,1991,Single Family Residential,Active,2026-09-12,37.3690061,-120.5986042,https://www.redfin.com/CA/Atwater/3369-Lighthouse-Ct-95301/home/19668649,redfin
2026-09-19,mls:MC26187134,3370 Harness Dr,Atwater,95301,539900,4,2.5,2375,6800,2006,Single Family Residential,Active,2026-08-27,37.3697202,-120.6002666,https://www.redfin.com/CA/Atwater/3370-Harness-Dr-95301/home/19658536,redfin
2026-09-19,mls:MC26061429,3379 Lighthouse Ct,Atwater,95301,249900,,,,7790,,Vacant Land,Active,2026-03-20,37.3691893,-120.5986279,https://www.redfin.com/CA/Atwater/3379-Lighthouse-Ct-95301/home/200957298,redfin
2026-09-19,mls:MC26102154,3650 Santa Fe,Atwater,95301,399000,,,,121968,,Vacant Land,Active,2026-05-11,37.3415852,-120.5414649,https://www.redfin.com/CA/Atwater/3650-N-Santa-Fe-Ave-95301/home/19655352,redfin
2026-09-19,mls:226111837,456 Elm,Atwater,95301,320000,3,1,1299,7649,1952,Single Family Residential,Active,2026-09-04,37.3457724,-120.5996582,https://www.redfin.com/CA/Atwater/456-Elm-Ave-95301/home/19707284,redfin
2026-09-19,mls:MC25260738,474 Aaron Ct,Atwater,95301,699900,4,3,2412,11000,2025,Single Family Residential,Active,2025-11-14,37.373416,-120.6014311,https://www.redfin.com/CA/Atwater/474-Aaron-Ct-95301/home/28947469,redfin
2026-09-19,mls:MC26146741,485 Windmill Ct,Atwater,95301,565000,4,2.5,2297,7079,2017,Single Family Residential,Active,2026-07-06,37.3703282,-120.6015627,https://www.redfin.com/CA/Atwater/485-Windmill-Ct-95301/home/28947233,redfin
2026-09-19,mls:MC25225932,4910-4910 Clover Ave,Atwater,95301,1100000,,,,125463,,Vacant Land,Active,2025-09-25,37.336971,-120.5754416,https://www.redfin.com/CA/Atwater/4910-Clover-Ave-95301/home/21627334,redfin
2026-09-19,mls:226108306,5200 Crest #49,Atwater,95301,109990,3,2,900,,2026,Mobile/Manufactured Home,Active,2026-08-27,37.3628637,-120.585355,https://www.redfin.com/CA/Atwater/5200-Crest-Rd-95301/unit-49/home/19655596,redfin
2026-09-19,mls:MC26154508,5200 Crest Rd #91,Atwater,95301,72999,3,1,828,,1979,Mobile/Manufactured Home,Active,2026-07-15,37.3628637,-120.585355,https://www.redfin.com/CA/Atwater/5200-Crest-Rd-95301/unit-91/home/168650464,redfin
2026-09-19,mls:226113413,6176 Fleming Rd,Atwater,95301,750000,7,6,1628,33572,2006,Multi-Family (2-4 Unit),Active,2026-09-18,37.3337342,-120.5989235,https://www.redfin.com/CA/Atwater/6176-Fleming-Rd-95301/home/19684469,redfin
2026-09-19,mls:226112186,701 Palmer Pl,Atwater,95301,409900,3,2,1553,6172,1999,Single Family Residential,Active,2026-09-07,37.3385783,-120.5847579,https://www.redfin.com/CA/Atwater/701-Palmer-Pl-95301/home/19705383,redfin
2026-09-19,mls:MC26096434,729 Mulberry Ave,Atwater,95301,395000,3,2,1692,7800,1957,Single Family Residential,Active,2026-05-04,37.353723,-120.5996942,https://www.redfin.com/CA/Atwater/729-Mulberry-Ave-95301/home/19707210,redfin
2026-09-19,mls:MC26187985,75 Rancho Grande Cir,Atwater,95301,90000,3,2,1080,,1986,Mobile/Manufactured Home,Active,2026-08-29,37.3432533,-120.5869225,https://www.redfin.com/CA/Atwater/75-Rancho-Grande-Cir-95301/home/19655409,redfin
2026-09-19,mls:MC26180099,8191 Sunset,Atwater,95301,689000,3,2.5,2236,47916,1967,Single Family Residential,Active,2026-08-17,37.3381526,-120.636439,https://www.redfin.com/CA/Atwater/8191-Sunset-Dr-95301/home/19684176,redfin
2026-09-19,mls:MC26197829,8753 Rose Ave,Atwater,95301,78000,4,2,1452,1000,1998,Mobile/Manufactured Home,Active,2026-09-15,37.3220994,-120.6458582,https://www.redfin.com/CA/Atwater/8753-Rose-Ave-95301/home/172361425,redfin
2026-09-19,mls:226116132,8766 Longview Rd,Atwater,95301,1250000,3,2,1901,548856,1978,Single Family Residential,Active,2026-09-16,37.3534837,-120.6469987,https://www.redfin.com/CA/Atwater/8766-Longview-Rd-95301/home/196422114,redfin
2026-09-19,mls:653895,920 Travertine Way,Atwater,95301,505000,4,3,2310,6298,2017,Single Family Residential,Active,2026-08-31,37.356139,-120.5850406,https://www.redfin.com/CA/Atwater/920-Travertine-Way-95301/home/28947812,redfin
2026-09-19,mls:225082922,0 - 1/2 E Mission Ave,Merced,95341,2812500,,,,980100,,Vacant Land,Active,2025-06-21,37.273919,-120.4849237,https://www.redfin.com/CA/Merced/1-E-Mission-Ave-95341/home/196148474,redfin
2026-09-19,mls:MC26188109,0 Cabot Ave,Merced,95348,105000,,,,7440,,Vacant Land,Active,2026-08-27,37.31748,-120.524582,https://www.redfin.com/CA/Merced/Cabot-Ave-95348/home/205219350,redfin
2026-09-19,mls:MC26156234,0 Dunn Rd,Merced,95340,185000,,,,68824,,Vacant Land,Active,2026-07-31,37.34006,-120.435579,https://www.redfin.com/CA/Merced/Dunn-Rd-95340/home/104256713,redfin
2026-09-19,mls:MC25255724,0 E North Bear Creek Dr,Merced,95340,2280000,,,,162043,,Vacant Land,Active,2025-11-07,37.3098622,-120.4690825,https://www.redfin.com/CA/Merced/0-E-North-Bear-Creek-Dr-95340/home/198946738,redfin
2026-09-19,mls:MC26187045,0 Franklin Rd,Merced,95348,749900,,,,20817,,Vacant Land,Active,2026-08-26,37.323221,-120.540449,https://www.redfin.com/CA/Merced/Franklin-Rd-95348/home/104246777,redfin
2026-09-19,mls:MC25135004,0 Henry St,Merced,95341,1870000,,,,651657,,Vacant Land,Active,2025-06-17,37.270386,-120.450522,https://www.redfin.com/CA/Merced/Henry-St-95341/home/196428748,redfin
2026-09-19,mls:MC25253995,0 Kibby,Merced,95340,222000,,,,43560,,Vacant Land,Active,2025-11-05,37.3052,-120.414692,https://www.redfin.com/CA/Merced/Kibby-Rd-95340/home/198874981,redfin
2026-09-19,mls:MC26181963,0 Massasso,Merced,95348,125000,,,,13860,,Vacant Land,Active,2026-08-23,37.297305,-120.514048,https://www.redfin.com/CA/Merced/Massasso-St-95341/home/40000091,redfin
2026-09-19,mls:MC25134922,0 Mission Ave,Merced,95341,2812500,,,,980100,,Vacant Land,Active,2025-06-17,37.2732983,-120.4858775,https://www.redfin.com/CA/Merced/0-E-Mission-Ave-95341/home/196428730,redfin
2026-09-19,mls:MC26182133,0 S P St,Merced,95340,150000,,,,74052,,Vacant Land,Active,2026-08-19,37.2881933,-120.498403,https://www.redfin.com/CA/Merced/0-S-P-St-95341/home/204651464,redfin
2026-09-19,mls:MC21265605,0 Stretch St,Merced,95340,2650000,,,,1785960,,Vacant Land,Active,2022-01-19,37.298527,-120.444069,https://www.redfin.com/CA/Merced/Stretch-Rd-95340/home/40000310,redfin
2026-09-19,mls:648773,0 Thorton Rd,Merced,95341,920000,0,,,1001880,,Ranch,Active,2026-05-13,37.288299,-120.5235747,https://www.redfin.com/CA/Merced/0-Thornton-Rd-95341/home/201832321,redfin
2026-09-19,mls:MC25117690,0 Vassar Ave,Merced,95341,1488000,,,,864230,,Vacant Land,Active,2025-06-13,37.2659362,-120.487877,https://www.redfin.com/CA/Merced/0-Vassar-Ave-95341/home/179519741,redfin
2026-09-19,mls:MC25117743,0-1/2 Henry St,Merced,95341,1473000,,,,855518,,Vacant Land,Active,2025-06-13,37.267067,-120.450494,https://www.redfin.com/CA/Merced/0-1-2-Henry-St-95341/home/196428747,redfin
2026-09-19,mls:MC25259914,1 E N Bear Creek Dr,Merced,95340,3875000,,,,281398,,Vacant Land,Active,2025-11-13,37.3098622,-120.4690825,https://www.redfin.com/CA/Merced/1-E-North-Bear-Creek-Dr-95340/home/199064423,redfin
2026-09-19,mls:MC26115943,1004 W 13th,Merced,95341,250000,,,,7500,,Vacant Land,Active,2026-05-29,37.2996949,-120.4937475,https://www.redfin.com/CA/Merced/1004-W-13th-St-95341/home/28952923,redfin
2026-09-19,mls:226081831,1011 Oregon Dr,Merced,95340,540000,3,2,2028,14066,1968,Single Family Residential,Active,2026-06-26,37.3138592,-120.4591668,https://www.redfin.com/CA/Merced/1011-Oregon-Dr-95340/home/19703043,redfin
2026-09-19,mls:MC26187904,1012 Wyoming,Merced,95340,690000,4,3,3121,16250,1961,Single Family Residential,Active,2026-08-29,37.3103318,-120.4591887,https://www.redfin.com/CA/Merced/1012-Wyoming-Dr-95340/home/19702940,redfin
2026-09-19,mls:226113579,1013 - 1017 W Santa Fe Ave,Merced,95340,449900,2,1,720,6499,1960,Multi-Family (2-4 Unit),Active,2026-09-10,37.3116755,-120.4870991,https://www.redfin.com/CA/Merced/1017-W-Santa-Fe-Ave-95340/home/19693027,redfin
2026-09-19,mls:MC26180949,1052 Northwood,Merced,95348,428000,4,2,1534,8628,1972,Single Family Residential,Active,2026-08-19,37.3159149,-120.4856132,https://www.redfin.com/CA/Merced/1052-Northwood-Dr-95348/home/19701776,redfin
2026-09-19,mls:MC26117150,1055 Lees Ct,Merced,95340,434991,3,2,1656,9077,1972,Single Family Residential,Active,2026-05-29,37.3203274,-120.4585027,https://www.redfin.com/CA/Merced/1055-Lees-Ct-95340/home/19704425,redfin
2026-09-19,mls:MC26188514,1065 Mallard,Merced,95340,459999,3,2,1824,5998,2002,Single Family Residential,Active,2026-08-27,37.3367597,-120.4589052,https://www.redfin.com/CA/Merced/1065-Mallard-Dr-95340/home/19661701,redfin
2026-09-19,mls:MC26198295,1068 Kiwi Ct,Merced,95340,475000,3,2,1591,6001,2002,Single Family Residential,Active,2026-09-10,37.3370358,-120.4590921,https://www.redfin.com/CA/Merced/1068-Kiwi-Ct-95340/home/19661176,redfin
2026-09-19,mls:MC26173032,1075 Martin Luther King Jr,Merced,95341,649000,,,,37622,,Vacant Land,Active,2026-08-10,37.2939687,-120.484676,https://www.redfin.com/CA/Merced/1075-Martin-Luther-King-Junior-Way-95341/home/196040546,redfin
2026-09-19,mls:MC26199692,1076 E Estancia Dr,Merced,95348,285000,,,,43560,,Vacant Land,Active,2026-09-11,37.3736192,-120.4669637,https://www.redfin.com/CA/Merced/1076-E-Estancia-Dr-95340/home/168647417,redfin
2026-09-19,mls:MC26174826,1111 E Donna Dr,Merced,95340,499900,3,2,1752,6909,1989,Single Family Residential,Active,2026-08-10,37.3287346,-120.457712,https://www.redfin.com/CA/Merced/1111-E-Donna-Dr-95340/home/19703890,redfin
2026-09-19,mls:MC26050732,1134 Puerto Vallarta Ct,Merced,95348,450000,5,3,2250,5401,2002,Single Family Residential,Active,2026-03-08,37.32734,-120.4877533,https://www.redfin.com/CA/Merced/1134-Puerto-Vallarta-Ct-95348/home/19681832,redfin
2026-09-19,mls:MC26133604,115 W 19th,Merced,95340,299999,2,1,1014,7500,1915,Single Family Residential,Active,2026-06-18,37.3015764,-120.4764496,https://www.redfin.com/CA/Merced/115-W-19th-St-95340/home/19691911,redfin
2026-09-19,mls:MC26171548,1163 W 25th,Merced,95340,399999,3,2,1772,9409,1956,Single Family Residential,Active,2026-08-05,37.3134377,-120.4891296,https://www.redfin.com/CA/Merced/1163-W-25th-St-95340/home/19692191,redfin
2026-09-19,mls:MC26116262,1175 Evening Star,Merced,95348,454000,4,2.5,2023,6720,2005,Single Family Residential,Active,2026-06-10,37.3390078,-120.4899652,https://www.redfin.com/CA/Merced/1175-Evening-Star-Dr-95348/home/19658721,redfin
2026-09-19,mls:226098023,1179 Crescent Dr,Merced,95348,459000,4,4,3545,6704,2005,Single Family Residential,Active,2026-08-04,37.3379097,-120.4894157,https://www.redfin.com/CA/Merced/1179-Crescent-Dr-95348/home/19657584,redfin
2026-09-19,mls:226072996,118 Mcgregor,Merced,95341,295000,3,1,1064,3585,1947,Single Family Residential,Active,2026-06-15,37.2868171,-120.502523,https://www.redfin.com/CA/Merced/118-McGregor-St-95341/home/19681662,redfin
2026-09-19,mls:226076514,12 E San Clemente Dr,Merced,95341,365000,3,2,1313,6325,2003,Single Family Residential,Active,2026-07-22,37.2794952,-120.4818857,https://www.redfin.com/CA/Merced/12-E-San-Clemente-Dr-95341/home/19659458,redfin
2026-09-19,mls:MC26125121,1210 G St,Merced,95341,125000,,,,5010,,Vacant Land,Active,2026-06-08,37.2934266,-120.4784941,https://www.redfin.com/CA/Merced/1210-G-St-95341/home/40001457,redfin
2026-09-19,mls:226107490,1216 Brookdale Dr,Merced,95340,399000,3,2,1813,7701,1976,Single Family Residential,Active,2026-08-26,37.3214384,-120.4579621,https://www.redfin.com/CA/Merced/1216-Brookdale-Dr-95340/home/19703487,redfin
2026-09-19,mls:41148492,1223 W Santa Fe Ave,Merced,95340,289000,3,1,1044,7800,1956,Single Family Residential,Active,2026-09-16,37.3128635,-120.4902929,https://www.redfin.com/CA/Merced/1223-W-Santa-Fe-Ave-95340/home/19691310,redfin
2026-09-19,mls:MC26183039,1228 Wildcat Dr,Merced,95348,429000,4,2,1727,5000,2018,Single Family Residential,Active,2026-08-21,37.3379631,-120.4923012,https://www.redfin.com/CA/Merced/1228-Wildcat-Dr-95348/home/28947278,redfin
2026-09-19,mls:MC26084287,1247 Aspen,Merced,95340,305000,3,2.5,1293,2778,1989,Townhouse,Active,2026-05-29,37.3182302,-120.4570592,https://www.redfin.com/CA/Merced/1247-Aspen-St-95340/home/19703625,redfin
2026-09-19,mls:MC26165216,1248 W 9th,Merced,95341,399999,,,,15000,,Vacant Land,Active,2026-07-31,37.2970535,-120.4997506,https://www.redfin.com/CA/Merced/1248-W-9th-St-95341/home/161268254,redfin
2026-09-19,mls:MC26158013,125 N Parsons,Merced,95341,600000,,,,95832,,Vacant Land,Active,2026-07-24,37.289108,-120.452237,https://www.redfin.com/CA/Merced/125-N-Parsons-Ave-95341/home/19686748,redfin
2026-09-19,mls:MC26118642,1254 Lurs Ct,Merced,95348,557500,4,3,2943,7797,2006,Single Family Residential,Active,2026-06-01,37.3395893,-120.4934844,https://www.redfin.com/CA/Merced/1254-Lurs-Ct-95348/home/19651737,redfin
2026-09-19,mls:SR26155316,1255 Carol,Merced,95341,212520,2,1,878,10659,1945,Single Family Residential,Active,2026-07-16,37.2911539,-120.4547374,https://www.redfin.com/CA/Merced/1255-Carol-Ave-95341/home/19687416,redfin
2026-09-19,mls:8595DE3FC6C7,126 Sugar Creek Ln,Merced,95341,399990,3,2,1230,,2026,Single Family Residential,Active,2026-06-25,37.286017,-120.430897,https://www.redfin.com/CA/Merced/126-Sugar-Creek-Ln-95341/home/196422602,redfin
2026-09-19,mls:MC26147340,126 Sugar Creek Ln Unit 144 S2,Merced,95341,409490,3,2,1230,5237,2026,Single Family Residential,Active,2026-07-07,37.286017,-120.430897,https://www.redfin.com/CA/Merced/126-Sugar-Creek-Ln-95341/unit-144-S2/home/202672067,redfin
2026-09-19,mls:41146671,1280 Dodd Ct,Merced,95341,390000,3,2,1136,9854,1958,Single Family Residential,Active,2026-08-30,37.2940166,-120.4596405,https://www.redfin.com/CA/Merced/1280-Dodd-Ct-95341/home/19687216,redfin
2026-09-19,mls:MC26184070,1300 Kensington,Merced,95340,399000,4,2,2177,6989,1971,Single Family Residential,Active,2026-08-23,37.3190089,-120.4562675,https://www.redfin.com/CA/Merced/1300-Kensington-Dr-95340/home/19704619,redfin
2026-09-19,mls:MC26157505,1338 Christopher,Merced,95340,519000,4,3,1926,6991,2003,Single Family Residential,Active,2026-07-29,37.3370659,-120.4558575,https://www.redfin.com/CA/Merced/1338-Christopher-Dr-95340/home/19661258,redfin
2026-09-19,mls:MC26154596,1338 Hermosa,Merced,95348,420000,4,2.5,1637,2500,2022,Single Family Residential,Active,2026-07-25,37.3330789,-120.4964879,https://www.redfin.com/CA/Merced/1338-Hermosa-Dr-95348/home/28947375,redfin
2026-09-19,mls:MC26189958,134 Wonderland Trail Ln,Merced,95341,320000,2,2.5,1259,1649,2025,Townhouse,Active,2026-08-30,37.2759829,-120.480413,https://www.redfin.com/CA/Merced/134-Wonderland-Trail-Ln-95341/home/196426234,redfin
2026-09-19,mls:MC26169820,1370 Belmont,Merced,95348,399000,4,2.5,1793,3894,2007,Single Family Residential,Active,2026-08-10,37.3322996,-120.4978172,https://www.redfin.com/CA/Merced/1370-Belmont-Dr-95348/home/19654301,redfin
2026-09-19,mls:MC25269518,1375 Loughborough,Merced,95348,339000,3,2,1335,6015,1977,Single Family Residential,Active,2025-12-04,37.3236212,-120.4923658,https://www.redfin.com/CA/Merced/1375-Loughborough-Dr-95348/home/19682673,redfin
2026-09-19,mls:A8CD137BE674,139 Sugar Creek Ln,Merced,95341,389990,3,2,1230,,2026,Single Family Residential,Active,2026-06-04,37.285879,-120.431452,https://www.redfin.com/CA/Merced/139-Sugar-Creek-Ln-95341/home/196422619,redfin
2026-09-19,mls:MC26147392,139 Sugar Creek Ln Unit 158 S2,Merced,95341,402990,3,2,1230,5000,2026,Single Family Residential,Active,2026-07-07,37.285879,-120.431452,https://www.redfin.com/CA/Merced/139-Sugar-Creek-Ln-95341/unit-158-S2/home/202672361,redfin
2026-09-19,mls:MC26131391,1396 Belmont,Merced,95348,450000,4,2.5,2044,8244,2007,Single Family Residential,Active,2026-08-06,37.3322877,-120.4986726,https://www.redfin.com/CA/Merced/1396-Belmont-Dr-95348/home/19656137,redfin
2026-09-19,mls:226107956,1405 E 22nd St,Merced,95340,275000,3,2,1570,10624,1948,Single Family Residential,Active,2026-08-26,37.2980334,-120.45711,https://www.redfin.com/CA/Merced/1405-E-22nd-St-95340/home/19688065,redfin
2026-09-19,mls:MC26152644,1420 Q,Merced,95340,359000,2,1,739,3300,1888,Single Family Residential,Active,2026-07-19,37.3011937,-120.4924052,https://www.redfin.com/CA/Merced/1420-Q-St-95340/home/19691845,redfin
2026-09-19,mls:MC26194119,1430 Jackson Ct,Merced,95340,440000,4,2,1743,8109,1983,Single Family Residential,Active,2026-09-04,37.3069701,-120.4552671,https://www.redfin.com/CA/Merced/1430-Jackson-Ct-95340/home/19688693,redfin
2026-09-19,mls:4F1114110B6D,144 Sugar Creek Ln,Merced,95341,402990,3,2,1230,,2026,Single Family Residential,Active,2026-08-02,37.285743,-120.430897,https://www.redfin.com/CA/Merced/144-Sugar-Creek-Ln-95341/home/196422605,redfin
2026-09-19,mls:MC26169778,144 Sugar Creek Ln Unit 146 S2,Merced,95341,411490,3,2,1230,5237,2026,Single Family Residential,Active,2026-08-04,37.285743,-120.430897,https://www.redfin.com/CA/Merced/144-Sugar-Creek-Ln-95341/unit-146-S2/home/204345514,redfin
2026-09-19,mls:PW26187649,1445 San Simeon Ct,Merced,95348,550000,5,2.5,2374,8712,2003,Single Family Residential,Active,2026-09-12,37.3293642,-120.5020601,https://www.redfin.com/CA/Merced/1445-San-Simeon-Ct-95348/home/19657788,redfin
2026-09-19,mls:MC26187679,145 E 20th,Merced,95340,365000,3,2,1387,10500,1937,Single Family Residential,Active,2026-08-26,37.3009629,-120.4714669,https://www.redfin.com/CA/Merced/145-E-20th-St-95340/home/19688370,redfin
2026-09-19,mls:MC26139057,1456 Cameron Unit 1-4,Merced,95340,895500,6,4,2420,60984,1950,Multi-Family (2-4 Unit),Active,2026-06-29,37.3062067,-120.455665,https://www.redfin.com/CA/Merced/1456-Cameron-Ln-95340/unit-1-4/home/195049604,redfin
2026-09-19,mls:PTP2606984,1490 Cameron Ln,Merced,95340,225000,2,1,1008,85813,1920,Single Family Residential,Active,2026-09-15,37.306095,-120.4550565,https://www.redfin.com/CA/Merced/1490-Cameron-Ln-95340/home/19689404,redfin
2026-09-19,mls:MC26182786,1495 Davenport,Merced,95340,565000,5,2.5,2447,10670,2004,Single Family Residential,Active,2026-09-01,37.3391653,-120.4514234,https://www.redfin.com/CA/Merced/1495-Davenport-Dr-95340/home/19662192,redfin
2026-09-19,mls:MC26021538,15 E 22nd,Merced,95340,389999,3,2,1275,7500,1928,Single Family Residential,Active,2026-01-29,37.3036766,-120.4723446,https://www.redfin.com/CA/Merced/15-E-22nd-St-95340/home/19688184,redfin
2026-09-19,mls:MC26020247,1515 E Mission,Merced,95341,25000000,,,,100188,,Vacant Land,Active,2026-01-28,37.2736919,-120.4556914,https://www.redfin.com/CA/Merced/1515-E-Mission-Ave-95341/home/28953789,redfin
2026-09-19,mls:MC26053870,1525 La Sierra St,Merced,95348,380000,3,2,1482,4564,2007,Single Family Residential,Active,2026-03-11,37.3361477,-120.5021372,https://www.redfin.com/CA/Merced/1525-La-Sierra-St-95348/home/19650533,redfin
2026-09-19,mls:226109516,1528 W 9th St,Merced,95341,299999,3,1,1022,7501,1953,Single Family Residential,Active,2026-08-30,37.2987079,-120.5039731,https://www.redfin.com/CA/Merced/1528-W-9th-St-95341/home/19690419,redfin
2026-09-19,mls:MC26179416,1560 W 23rd,Merced,95340,485000,3,2,1184,8643,1953,Single Family Residential,Active,2026-08-17,37.3132768,-120.4966458,https://www.redfin.com/CA/Merced/1560-W-23rd-St-95340/home/19692739,redfin
2026-09-19,mls:MC26093833,1567-- 1573 Ellen Ct,Merced,95341,630000,32,16,3360,8077,1980,Multi-Family (2-4 Unit),Active,2026-05-19,37.2905282,-120.4537923,https://www.redfin.com/CA/Merced/1567-Ellen-Ct-95341/home/19686231,redfin
2026-09-19,mls:5682D2EA5AD7,157 Sugar Creek Ln,Merced,95341,404990,3,2,1230,,2026,Single Family Residential,Active,2026-07-02,37.285605,-120.431451,https://www.redfin.com/CA/Merced/157-Sugar-Creek-Ln-95341/home/196422617,redfin
2026-09-19,mls:MC26147358,157 Sugar Creek Ln Unit 156 S2,Merced,95341,414490,3,2,1230,5000,2026,Single Family Residential,Active,2026-07-07,37.285605,-120.431451,https://www.redfin.com/CA/Merced/157-Sugar-Creek-Ln-95341/unit-156-S2/home/202672141,redfin
2026-09-19,mls:226115574,1645 Rose Ave,Merced,95341,310000,3,1.5,986,5998,1951,Single Family Residential,Active,2026-09-15,37.2926887,-120.4609236,https://www.redfin.com/CA/Merced/1645-Rose-Ave-95341/home/19687580,redfin
2026-09-19,mls:225113378,1650 Bette St,Merced,95341,399000,3,1,1182,6800,1955,Multi-Family (2-4 Unit),Active,2025-09-25,37.2927086,-120.4563639,https://www.redfin.com/CA/Merced/1650-Bette-St-95341/home/19687274,redfin
2026-09-19,mls:653237,1657 Cypress Way,Merced,95341,425000,4,3,2546,2543,,Multi-Family (2-4 Unit),Active,2026-08-05,37.2938798,-120.4643555,https://www.redfin.com/CA/Merced/1657-Cypress-Way-95341/home/19687242,redfin
2026-09-19,mls:MC26098101,1670 W North Bear Crk,Merced,95348,230000,2,1.5,972,508,1984,Condo/Co-op,Active,2026-05-06,37.3095386,-120.5036708,https://www.redfin.com/CA/Merced/1670-W-North-Bear-Creek-Dr-95348/home/19682008,redfin
2026-09-19,mls:B5633E295B15,168 Sugar Creek Ln,Merced,95341,517490,5,3.5,2554,,2026,Single Family Residential,Active,2026-08-14,37.285468,-120.430896,https://www.redfin.com/CA/Merced/168-Sugar-Creek-Ln-95341/home/196422607,redfin
2026-09-19,mls:C63C6043A679,169 Sugar Creek Ln,Merced,95341,422990,4,2,1509,,2026,Single Family Residential,Active,2026-08-02,37.285467,-120.431451,https://www.redfin.com/CA/Merced/169-Sugar-Creek-Ln-95341/home/196422616,redfin
2026-09-19,mls:MC26169808,169 Sugar Creek Ln Unit 155 S2,Merced,95341,434490,4,2,1509,5000,2026,Single Family Residential,Active,2026-08-04,37.285467,-120.431451,https://www.redfin.com/CA/Merced/169-Sugar-Creek-Ln-95341/unit-155-S2/home/204345666,redfin
2026-09-19,mls:709A300631F6,172 Sugar Creek Ln,Merced,95341,467490,4,3,1842,,2026,Single Family Residential,Active,2026-08-14,37.285331,-120.430896,https://www.redfin.com/CA/Merced/172-Sugar-Creek-Ln-95341/home/196422608,redfin
2026-09-19,mls:466936FB0DD2,173 Sugar Creek Ln,Merced,95341,402990,3,2,1230,,2026,Single Family Residential,Active,2026-08-02,37.28533,-120.431451,https://www.redfin.com/CA/Merced/173-Sugar-Creek-Ln-95341/home/196422615,redfin
2026-09-19,mls:MC26169793,173 Sugar Creek Ln Unit 154 S2,Merced,95341,411490,3,2,1230,5237,2026,Single Family Residential,Active,2026-08-04,37.28533,-120.431451,https://www.redfin.com/CA/Merced/173-Sugar-Creek-Ln-95341/unit-154-S2/home/204345595,redfin
2026-09-19,mls:MC26125253,1744 Wildwood Ct,Merced,95340,479000,4,2,1920,6200,1977,Single Family Residential,Active,2026-06-09,37.31414,-120.4499462,https://www.redfin.com/CA/Merced/1744-Wildwood-Ct-95340/home/19701174,redfin
2026-09-19,mls:MC26026210,1754 Merced,Merced,95341,229900,2,2,1004,1011,1988,Condo/Co-op,Active,2026-02-04,37.2910389,-120.4557599,https://www.redfin.com/CA/Merced/1754-Merced-Ave-95341/home/19686738,redfin
2026-09-19,mls:MC26167368,178 La Purisima Ct,Merced,95341,365000,4,2,1511,5094,2003,Single Family Residential,Active,2026-07-31,37.2780743,-120.4849678,https://www.redfin.com/CA/Merced/178-La-Purisima-Ct-95341/home/19661588,redfin
2026-09-19,mls:MC26179624,1780 W 8th,Merced,95341,415000,4,2,1099,9384,1960,Single Family Residential,Active,2026-08-17,37.2979996,-120.5065563,https://www.redfin.com/CA/Merced/1780-W-8th-St-95341/home/19681858,redfin
2026-09-19,mls:226069650,179 Sullivan Dr,Merced,95348,395000,4,2.5,1737,2452,2021,Single Family Residential,Active,2026-06-02,37.345954,-120.4708116,https://www.redfin.com/CA/Merced/179-Sullivan-Dr-95348/home/28949071,redfin
2026-09-19,mls:MC26123870,18 Squaw Valley Ct,Merced,95341,456100,4,3,1750,6432,2026,Single Family Residential,Active,2026-06-07,37.2849016,-120.4302551,https://www.redfin.com/CA/Merced/18-Squaw-Valley-Dr-95341/home/202168592,redfin
2026-09-19,mls:MC26085666,1800 E South Bear Creek Dr,Merced,95340,1850000,,,,165528,,Vacant Land,Active,2026-04-20,37.3084271,-120.4505241,https://www.redfin.com/CA/Merced/1800-E-South-Bear-Creek-Dr-95340/home/201469166,redfin
2026-09-19,mls:B34D6784F381,184 Sugar Creek Ln,Merced,95341,411490,3,2,1230,,2026,Single Family Residential,Active,2026-09-17,37.285194,-120.430896,https://www.redfin.com/CA/Merced/184-Sugar-Creek-Ln-95341/home/196422610,redfin
2026-09-19,mls:226095261,1843 Brookside Dr,Merced,95348,439999,3,2,1300,5998,1993,Single Family Residential,Active,2026-07-29,37.3107607,-120.5000968,https://www.redfin.com/CA/Merced/1843-Brookside-Dr-95348/home/19681785,redfin
2026-09-19,mls:226086370,1848 Ashby Rd #46,Merced,95348,35000,1,1,550,,1963,Mobile/Manufactured Home,Active,2026-07-09,37.3160299,-120.5246712,https://www.redfin.com/CA/Merced/1848-Ashby-Rd-95348/unit-46/home/202691800,redfin
2026-09-19,mls:226116786,1903 Belcher Ave,Merced,95348,335000,4,2,1344,10006,1942,Single Family Residential,Active,2026-09-18,37.3388978,-120.5165499,https://www.redfin.com/CA/Merced/1903-Belcher-Ave-95348/home/19684069,redfin
2026-09-19,mls:MC26185027,1921 Fultz Ct,Merced,95341,369000,3,2,1623,6870,1994,Single Family Residential,Active,2026-08-24,37.3036484,-120.5108838,https://www.redfin.com/CA/Merced/1921-Fultz-Ct-95341/home/19680273,redfin
2026-09-19,mls:226108604,1927 I St,Merced,95340,229900,2,1,1067,4251,1920,Single Family Residential,Active,2026-08-28,37.3024475,-120.4775801,https://www.redfin.com/CA/Merced/1927-I-St-95340/home/19691592,redfin
2026-09-19,mls:4B0A11C7BE34,193 Squaw Valley Dr,Merced,95341,440840,4,2,1509,,2026,Single Family Residential,Active,2026-09-17,37.285045,-120.430547,https://www.redfin.com/CA/Merced/193-Squaw-Valley-Dr-95341/home/196422599,redfin
2026-09-19,mls:MC26158152,1949 Sierra Ct,Merced,95340,475000,4,2,1981,6966,1972,Single Family Residential,Active,2026-07-23,37.3152907,-120.4483733,https://www.redfin.com/CA/Merced/1949-Sierra-Ct-95340/home/19701573,redfin
2026-09-19,mls:22A3827BD3CD,196 Sugar Creek Ln,Merced,95341,518490,5,3.5,2554,,2026,Single Family Residential,Active,2026-09-17,37.285044,-120.430892,https://www.redfin.com/CA/Merced/196-Sugar-Creek-Ln-95341/home/196422611,redfin
2026-09-19,mls:MC26182916,1961 Heather Ct,Merced,95340,450000,4,2.5,2142,11499,1968,Single Family Residential,Active,2026-09-09,37.3217927,-120.4478115,https://www.redfin.com/CA/Merced/1961-Heather-Ct-95340/home/19701510,redfin
2026-09-19,mls:226021572,1962 Edwards Ave,Merced,95340,1165000,16,4,6800,16204,1979,Multi-Family (5+ Unit),Active,2026-02-26,37.2958569,-120.449794,https://www.redfin.com/CA/Merced/1962-Edwards-Ave-95340/home/19687831,redfin
2026-09-19,mls:MC26201033,1962-1976 Edwards,Merced,95340,1099000,16,8,6800,16203,1979,Multi-Family (5+ Unit),Active,2026-09-14,37.2960443,-120.4497828,https://www.redfin.com/CA/Merced/1976-Edwards-Ave-95340/home/194349022,redfin
2026-09-19,mls:45DECE2E6E03,198 Squaw Valley Dr,Merced,95341,524390,5,3.5,2554,,2026,Single Family Residential,Active,2026-09-17,37.285044,-120.429985,https://www.redfin.com/CA/Merced/198-Squaw-Valley-Dr-95341/home/196422598,redfin
2026-09-19,mls:MC26104173,2020 Ashby #37,Merced,95348,45000,2,1,784,,1990,Mobile/Manufactured Home,Active,2026-05-26,37.319875,-120.531759,https://www.redfin.com/CA/Merced/2020-Ashby-Rd-95348/unit-37/home/19655033,redfin
2026-09-19,mls:MC26111129,2021 W,Merced,95340,975000,2,2,2609,15762,1952,Single Family Residential,Active,2026-05-21,37.3109651,-120.4982227,https://www.redfin.com/CA/Merced/2021-W-St-95340/home/19691996,redfin
2026-09-19,mls:MC26033812,203 W 20th,Merced,95340,549000,3,3,3551,15000,1950,Single Family Residential,Active,2026-04-23,37.303043,-120.4771877,https://www.redfin.com/CA/Merced/203-W-20th-St-95340/home/21856884,redfin
2026-09-19,mls:226109168,2030 Calimyrna Ave,Merced,95340,324900,3,1,1502,5942,1923,Single Family Residential,Active,2026-09-02,37.2994439,-120.4668591,https://www.redfin.com/CA/Merced/2030-Calimyrna-Ave-95340/home/19688270,redfin
2026-09-19,mls:MC26174063,2033 Highland,Merced,95340,264900,2,1,898,5508,1940,Single Family Residential,Active,2026-08-10,37.2964825,-120.4592823,https://www.redfin.com/CA/Merced/2033-Highland-Dr-95340/home/19687669,redfin
2026-09-19,mls:MC26138430,2035 Highland,Merced,95340,287750,2,1,900,5508,1940,Single Family Residential,Active,2026-06-24,37.2966447,-120.4591808,https://www.redfin.com/CA/Merced/2035-Highland-Dr-95340/home/19687670,redfin
2026-09-19,mls:MC25255358,2051 Wardrobe,Merced,95341,1200000,,,,217800,,Vacant Land,Active,2025-11-06,37.2965338,-120.5135744,https://www.redfin.com/CA/Merced/2051-Wardrobe-Ave-95341/home/198908746,redfin
2026-09-19,mls:MC25183712,2052 W Solis St,Merced,95348,425000,4,2,1757,6096,2006,Single Family Residential,Active,2025-08-14,37.3226855,-120.5238217,https://www.redfin.com/CA/Merced/2052-W-Solis-St-95348/home/19652571,redfin
2026-09-19,mls:226116217,207 Yorktown,Merced,95341,335000,3,2,1086,7566,1996,Single Family Residential,Active,2026-09-16,37.284626,-120.4469835,https://www.redfin.com/CA/Merced/207-Yorktown-Sq-95341/home/19679090,redfin
2026-09-19,mls:MC26187494,2085 Cabot Ave,Merced,95348,400000,3,2,1520,7469,1960,Single Family Residential,Active,2026-08-27,37.3174702,-120.5243999,https://www.redfin.com/CA/Merced/2085-Cabot-Ave-95348/home/19684261,redfin
2026-09-19,mls:MC26192421,209 E 18th,Merced,95340,300000,2,1,950,6000,1940,Single Family Residential,Active,2026-09-02,37.298438,-120.4712615,https://www.redfin.com/CA/Merced/209-E-18th-St-95340/home/19687645,redfin
2026-09-19,mls:D5617070EC44,209 Nadine St,Merced,95341,418990,3,2,1396,,2026,Single Family Residential,Active,2026-07-30,37.291664,-120.427126,https://www.redfin.com/CA/Merced/209-Nadine-St-95341/home/203517328,redfin
2026-09-19,mls:MC25022775,2094 W Pincay St,Merced,95348,399000,4,2,1527,5000,2017,Single Family Residential,Active,2025-05-25,37.3219899,-120.5245414,https://www.redfin.com/CA/Merced/2094-W-Pincay-St-95348/home/28948293,redfin
2026-09-19,mls:226094443,2103 W Solis St,Merced,95348,340000,3,2,1381,5001,2006,Single Family Residential,Active,2026-07-30,37.3222475,-120.5247113,https://www.redfin.com/CA/Merced/2103-W-Solis-St-95348/home/19652558,redfin
2026-09-19,mls:MC26191646,2142 Coronado,Merced,95348,359900,3,2,1200,9180,1975,Single Family Residential,Active,2026-09-01,37.3206102,-120.5253783,https://www.redfin.com/CA/Merced/2142-Coronado-Ave-95348/home/19683760,redfin
2026-09-19,mls:MC26009630,2148 Keely,Merced,95340,179900,3,1,1120,9975,1944,Single Family Residential,Active,2026-02-09,37.2959326,-120.4539261,https://www.redfin.com/CA/Merced/2148-Keely-Ave-95340/home/19688454,redfin
2026-09-19,mls:226093612,2151 Martin Luther King Jr Way,Merced,95340,499900,4,3,2004,7501,1968,Multi-Family (2-4 Unit),Active,2026-07-23,37.3051118,-120.4778688,https://www.redfin.com/CA/Merced/2151-Martin-Luther-King-Jr-Way-95340/home/19691728,redfin
2026-09-19,mls:MC26125038,2201 Leeward Ct,Merced,95340,279000,,,,43560,,Vacant Land,Active,2026-06-12,37.3622349,-120.4462804,https://www.redfin.com/CA/Merced/2201-Leeward-Ct-95340/home/168647664,redfin
2026-09-19,mls:MC26196327,2205 O,Merced,95340,475000,6,3,1470,7500,1961,Multi-Family (2-4 Unit),Active,2026-09-16,37.3083803,-120.4851105,https://www.redfin.com/CA/Merced/2205-O-St-95340/home/19691167,redfin
2026-09-19,mls:CC0C964D4B95,222 Nadine St,Merced,95341,454990,3,2.5,1777,,2026,Single Family Residential,Active,2026-09-17,37.291803,-120.426595,https://www.redfin.com/CA/Merced/222-Nadine-St-95341/home/196422449,redfin
2026-09-19,mls:403B01679356,223 Nadine St,Merced,95341,478990,4,2.5,1924,,2026,Single Family Residential,Active,2026-09-17,37.291811,-120.427129,https://www.redfin.com/CA/Merced/223-Nadine-St-95341/home/196422452,redfin
2026-09-19,mls:MC25117734,2230 Vassar Ave,Merced,95341,1484250,,,,862052,,Vacant Land,Active,2025-06-13,37.2658466,-120.4474761,https://www.redfin.com/CA/Merced/2230-Vassar-Ave-95341/home/196078103,redfin
2026-09-19,mls:MC26187159,2235 Dunn,Merced,95340,750000,4,3.5,3140,69696,1977,Single Family Residential,Active,2026-08-31,37.3391724,-120.4435818,https://www.redfin.com/CA/Merced/2235-Dunn-Rd-95340/home/19657222,redfin
2026-09-19,mls:MC26071153,2240 Golden Oak #119,Merced,95341,89500,2,2,1150,,1976,Mobile/Manufactured Home,Active,2026-04-02,37.292158,-120.446125,https://www.redfin.com/CA/Merced/2240-Golden-Oak-Ln-95341/unit-119/home/19655756,redfin
2026-09-19,mls:MC26170275,2240 Golden Oak #3,Merced,95341,99900,2,2,1750,,1976,Mobile/Manufactured Home,Active,2026-08-04,37.29489,-120.446153,https://www.redfin.com/CA/Merced/2240-Golden-Oak-Ln-95341/unit-3/home/19654936,redfin
2026-09-19,mls:MC26173824,2240 Golden Oak #78,Merced,95341,49999,2,2,1040,,1990,Mobile/Manufactured Home,Active,2026-08-11,37.292974,-120.445599,https://www.redfin.com/CA/Merced/2240-Golden-Oak-Ln-95341/unit-78/home/19655047,redfin
2026-09-19,mls:MC26109234,2240 Golden Oak #88,Merced,95341,54900,2,2,1322,,1976,Mobile/Manufactured Home,Active,2026-05-19,37.294494,-120.445842,https://www.redfin.com/CA/Merced/2240-Golden-Oak-Ln-95341/unit-88/home/19654807,redfin
2026-09-19,mls:226086303,2240 Golden Oak Ln #103,Merced,95341,39000,2,2,1200,,1988,Mobile/Manufactured Home,Active,2026-07-08,37.291986,-120.445836,https://www.redfin.com/CA/Merced/2240-Golden-Oak-Ln-95341/unit-103/home/19655095,redfin
2026-09-19,mls:MC26123784,2240 Golden Oak Ln #11,Merced,95341,84500,2,2,,,1975,Mobile/Manufactured Home,Active,2026-06-06,37.29463,-120.444902,https://www.redfin.com/CA/Merced/2240-Golden-Oak-Ln-95341/unit-11/home/19654395,redfin
2026-09-19,mls:MC25186079,2240 Golden Oak Ln #117,Merced,95341,124900,3,2,,,2023,Mobile/Manufactured Home,Active,2025-08-18,37.2931187,-120.4458279,https://www.redfin.com/CA/Merced/2240-Golden-Oak-Ln-95341/unit-117/home/19654948,redfin
2026-09-19,mls:226111087,2240 Golden Oak Ln #131,Merced,95340,34900,2,2,856,,1977,Mobile/Manufactured Home,Active,2026-09-03,37.292229,-120.44648,https://www.redfin.com/CA/Merced/2240-Golden-Oak-Ln-95341/unit-131/home/19653889,redfin
2026-09-19,mls:226091001,2240 Golden Oak Ln #134,Merced,95341,89900,2,2,1440,,1973,Mobile/Manufactured Home,Active,2026-07-17,37.3015976,-120.4808915,https://www.redfin.com/CA/Merced/2240-Golden-Oak-Ln-95341/unit-134/home/196130863,redfin
2026-09-19,mls:MC26142503,2240 Golden Oak Ln #28,Merced,95341,73000,2,1,,,1976,Mobile/Manufactured Home,Active,2026-06-30,37.292482,-120.444925,https://www.redfin.com/CA/Merced/2240-Golden-Oak-Ln-95341/unit-28/home/19654671,redfin
2026-09-19,mls:MC26050607,2240 Golden Oak Ln #47,Merced,95341,99999,2,2,,,1976,Mobile/Manufactured Home,Active,2026-03-07,37.294003,-120.445243,https://www.redfin.com/CA/Merced/2240-Golden-Oak-Ln-95341/unit-47/home/19655135,redfin
2026-09-19,mls:226056493,2240 Golden Oak Ln #73,Merced,95341,48000,1,1,672,,1969,Mobile/Manufactured Home,Active,2026-05-07,37.293636,-120.44562,https://www.redfin.com/CA/Merced/2240-Golden-Oak-Ln-95341/unit-73/home/19655777,redfin
2026-09-19,mls:226093239,2240 Golden Oak Ln #94,Merced,95341,80000,2,2,1248,1248,1978,Mobile/Manufactured Home,Active,2026-07-27,37.293678,-120.445909,https://www.redfin.com/CA/Merced/2240-Golden-Oak-Ln-95341/unit-94/home/19654824,redfin
2026-09-19,mls:226012270,2240 Golden Oak Ln #98,Merced,95341,75000,2,1.5,720,,1977,Mobile/Manufactured Home,Active,2026-02-03,37.292737,-120.445858,https://www.redfin.com/CA/Merced/2240-Golden-Oak-Ln-95341/unit-98/home/19655775,redfin
2026-09-19,mls:MC25134955,2246 E Mission Ave,Merced,95341,2812500,3,2,,980100,,Vacant Land,Active,2025-06-17,37.2728692,-120.447396,https://www.redfin.com/CA/Merced/2246-E-Mission-Ave-95341/home/148012696,redfin
2026-09-19,mls:MC25117715,2260 Vassar Ave,Merced,95341,1484250,,,,862052,,Vacant Land,Active,2025-06-13,37.2661175,-120.4465739,https://www.redfin.com/CA/Merced/2260-Vassar-Ave-95341/home/196077950,redfin
2026-09-19,mls:226036725,230 W 25th St,Merced,95340,310000,2,1,1151,7501,1940,Single Family Residential,Active,2026-03-26,37.307796,-120.4750627,https://www.redfin.com/CA/Merced/230-W-25th-St-95340/home/19692754,redfin
2026-09-19,mls:FE2960DBDF13,231 Nadine St,Merced,95341,429990,3,2,1567,,2026,Single Family Residential,Active,2026-09-17,37.291933,-120.427126,https://www.redfin.com/CA/Merced/231-Nadine-St-95341/home/196422453,redfin
2026-09-19,mls:MC26201787,2318 Beachwood,Merced,95348,170000,,,,10131,,Vacant Land,Active,2026-09-15,37.3218577,-120.5277841,https://www.redfin.com/CA/Merced/2318-Beachwood-Dr-95348/home/19683786,redfin
2026-09-19,mls:226115232,2324 Q St,Merced,95340,379600,2,2,960,5001,1945,Multi-Family (2-4 Unit),Active,2026-09-14,37.3105252,-120.486923,https://www.redfin.com/CA/Merced/2324-Q-St-95340/home/19692696,redfin
2026-09-19,mls:MC26058771,2330 Meadowbrook,Merced,95348,299900,3,1,796,10131,1955,Single Family Residential,Active,2026-03-18,37.3219624,-120.5265673,https://www.redfin.com/CA/Merced/2330-Meadowbrook-Ave-95348/home/19683370,redfin
2026-09-19,mls:8B5C5ABDB3A3,234 Nadine St,Merced,95341,479990,4,2.5,1924,,2026,Single Family Residential,Active,2026-09-17,37.291933,-120.426587,https://www.redfin.com/CA/Merced/234-Nadine-St-95341/home/196422448,redfin
2026-09-19,mls:MC26090199,236 Montage Dr,Merced,95348,439000,5,4,1890,2100,2025,Single Family Residential,Active,2026-06-09,37.3613588,-120.4704396,https://www.redfin.com/CA/Merced/236-Montage-Dr-95348/home/28952194,redfin
2026-09-19,mls:MC26198886,2382 Explorador,Merced,95340,449900,4,3,2111,5198,2020,Single Family Residential,Active,2026-09-10,37.3314996,-120.4391447,https://www.redfin.com/CA/Merced/2382-Explorador-Dr-95340/home/28949993,redfin
2026-09-19,mls:MC26136816,2400 K,Merced,95340,1900000,34,14,10800,43560,1950,Multi-Family (5+ Unit),Active,2026-06-23,37.3079833,-120.4774917,https://www.redfin.com/CA/Merced/2400-K-St-95340/home/19692168,redfin
2026-09-19,mls:MC26130264,242 Torino Ct,Merced,95341,379000,4,2,1617,5369,2006,Single Family Residential,Active,2026-06-30,37.2846754,-120.4436122,https://www.redfin.com/CA/Merced/242-Torino-Ct-95341/home/19658046,redfin
2026-09-19,mls:652381,2429 Explorador,Merced,95348,526900,6,3,2621,9082,2022,Single Family Residential,Active,2026-07-21,37.3311588,-120.4362697,https://www.redfin.com/CA/Merced/2429-Explorador-Dr-95340/home/172354337,redfin
2026-09-19,mls:MC26165208,2446 Valverde,Merced,95340,489000,4,2,2265,7797,2020,Single Family Residential,Active,2026-08-18,37.3275318,-120.4351416,https://www.redfin.com/CA/Merced/2446-Valverde-Dr-95340/home/172354531,redfin
2026-09-19,mls:994DC9242AC9,246 Nadine St,Merced,95341,426990,3,2,1567,,2026,Single Family Residential,Active,2026-08-08,37.292059,-120.426601,https://www.redfin.com/CA/Merced/246-Nadine-St-95341/home/196422447,redfin
2026-09-19,mls:MC26168944,2462 Valverde Dr,Merced,95340,490000,4,2,2265,7797,2021,Single Family Residential,Active,2026-08-04,37.3275309,-120.4341928,https://www.redfin.com/CA/Merced/2462-Valverde-Dr-95340/home/172354535,redfin
2026-09-19,mls:1A7A12C09B01,247 Nadine St,Merced,95341,486990,4,2.5,1924,,2026,Single Family Residential,Active,2026-09-17,37.292055,-120.42714,https://www.redfin.com/CA/Merced/247-Nadine-St-95341/home/196422454,redfin
2026-09-19,mls:41142267,2481 Pineda Dr,Merced,95340,525888,6,3,2621,5255,2021,Single Family Residential,Active,2026-07-21,37.3289769,-120.4337045,https://www.redfin.com/CA/Merced/2481-Pineda-Dr-95340/home/172354416,redfin
2026-09-19,mls:DW26079389,2482 Valdes Dr,Merced,95340,489000,5,2.5,2282,6216,2021,Single Family Residential,Active,2026-04-17,37.3282178,-120.4337124,https://www.redfin.com/CA/Merced/2482-Valdes-Dr-95340/home/172354499,redfin
2026-09-19,mls:MC26131548,2499 E Gerard #140,Merced,95341,59000,2,1,768,,1977,Mobile/Manufactured Home,Active,2026-06-16,37.282603,-120.442699,https://www.redfin.com/CA/Merced/2499-E-Gerard-Ave-95341/unit-140/home/19656022,redfin
2026-09-19,mls:MC26150631,2499 E Gerard #153,Merced,95341,109000,4,2,1584,,1974,Mobile/Manufactured Home,Active,2026-07-10,37.283791,-120.44268,https://www.redfin.com/CA/Merced/2499-E-Gerard-Ave-95341/unit-153/home/19653440,redfin
2026-09-19,mls:MC25223780,2500 N Highway 59 #270,Merced,95348,65000,2,2,828,2774,1993,Mobile/Manufactured Home,Active,2025-09-23,37.31288,-120.50228,https://www.redfin.com/CA/Merced/2500-N-State-Highway-59-95348/unit-270/home/19655158,redfin
2026-09-19,mls:MC26177592,2500 N STATE HIGHWAY 59,Merced,95348,23000,2,1,720,1400,1972,Mobile/Manufactured Home,Active,2026-08-13,37.311751,-120.503155,https://www.redfin.com/CA/Merced/2500-N-State-Highway-59-95348/home/19653725,redfin
2026-09-19,mls:226100905,2500 N State Highway 59 #239,Merced,95348,59000,3,2,1440,,1973,Mobile/Manufactured Home,Active,2026-08-10,37.312075,-120.503703,https://www.redfin.com/CA/Merced/2500-N-State-Highway-59-95348/unit-239/home/19655259,redfin
2026-09-19,mls:226084553,2511 Franklin Rd,Merced,95348,9945000,2,1,,1698840,,Vacant Land,Active,2026-07-06,37.3246509,-120.5412329,https://www.redfin.com/CA/Merced/2511-Franklin-Rd-95348/home/196420034,redfin
2026-09-19,mls:MC26198267,252 S Gurr,Merced,95341,848000,,,,1286327,,Vacant Land,Active,2026-09-13,37.283567,-120.5598286,https://www.redfin.com/CA/Merced/252-S-Gurr-Rd-95341/home/168650428,redfin
2026-09-19,mls:MC25009072,2520 Mckee Rd,Merced,95340,410000,2,1,1257,17264,1946,Single Family Residential,Active,2025-01-14,37.3029949,-120.4445901,https://www.redfin.com/CA/Merced/2520-McKee-Rd-95340/home/19679429,redfin
2026-09-19,mls:MC26197299,2521 K,Merced,95340,125000,,,,7500,,Vacant Land,Active,2026-09-15,37.3093214,-120.477197,https://www.redfin.com/CA/Merced/2521-K-St-95340/home/19692139,redfin
2026-09-19,mls:MC26143143,2524 B And B,Merced,95348,649999,3,2.5,2321,39969,1988,Single Family Residential,Active,2026-07-01,37.3247897,-120.5374749,https://www.redfin.com/CA/Merced/2524-B-and-B-Blvd-95348/home/19683310,redfin
2026-09-19,mls:25AF009521C3,253 Nadine St,Merced,95341,455990,3,2.5,1777,,2026,Single Family Residential,Active,2026-09-17,37.292204,-120.427132,https://www.redfin.com/CA/Merced/253-Nadine-St-95341/home/196422455,redfin
2026-09-19,mls:MC26165503,255 Travis Ct,Merced,95341,442990,3,2.5,1777,4736,2026,Single Family Residential,Active,2026-07-29,37.292198,-120.428042,https://www.redfin.com/CA/Merced/255-Travis-Ct-95341/home/192932898,redfin
2026-09-19,mls:MC26202480,2574 Beachwood,Merced,95348,325000,3,1,1036,9690,1961,Single Family Residential,Active,2026-09-16,37.3254655,-120.5278073,https://www.redfin.com/CA/Merced/2574-Beachwood-Dr-95348/home/19683381,redfin
2026-09-19,mls:MC25044845,2577 Lobo Ave,Merced,95348,2400000,,,,1067220,,Vacant Land,Active,2025-03-01,37.3243265,-120.5329261,https://www.redfin.com/CA/Merced/2577-Lobo-Ave-95348/home/21155511,redfin
2026-09-19,mls:09F1B76C48AE,258 Nadine St,Merced,95341,485990,4,2.5,1924,,2026,Single Family Residential,Active,2026-09-17,37.29217,-120.42659,https://www.redfin.com/CA/Merced/258-Nadine-St-95341/home/196422446,redfin
2026-09-19,mls:FR26142565,2581 E Gerard,Merced,95341,359900,3,2,1065,8400,1957,Single Family Residential,Active,2026-08-14,37.280311,-120.441154,https://www.redfin.com/CA/Merced/2581-E-Gerard-Ave-95341/home/19679316,redfin
2026-09-19,mls:C80A812199D4,261 Nadine St,Merced,95341,426990,3,2,1290,,2026,Single Family Residential,Active,2026-09-17,37.292315,-120.427134,https://www.redfin.com/CA/Merced/261-Nadine-St-95341/home/196422456,redfin
2026-09-19,mls:MC26168613,2617 Agnes,Merced,95340,389000,3,2,1561,6124,1962,Single Family Residential,Active,2026-08-03,37.3040711,-120.4605559,https://www.redfin.com/CA/Merced/2617-Agnes-Way-95340/home/19689760,redfin
2026-09-19,mls:562A9715BEFE,262 Nadine St,Merced,95341,517890,4,2.5,1924,,2026,Single Family Residential,Active,2026-06-23,37.292304,-120.426592,https://www.redfin.com/CA/Merced/262-Nadine-St-95341/home/196422445,redfin
2026-09-19,mls:MC26194628,2651 1st,Merced,95340,150000,,,,12104,,Vacant Land,Active,2026-09-09,37.3080934,-120.4698823,https://www.redfin.com/CA/Merced/2651-1st-Ave-95340/home/19689677,redfin
2026-09-19,mls:MC26096382,2653 E North Bear Crk,Merced,95340,925000,5,4,3658,27634,1969,Single Family Residential,Active,2026-05-26,37.309902,-120.4383286,https://www.redfin.com/CA/Merced/2653-E-North-Bear-Creek-Dr-95340/home/19701225,redfin
2026-09-19,mls:MC26189302,2672 9th Ave,Merced,95340,309900,3,1,1168,6600,1960,Single Family Residential,Active,2026-09-16,37.305767,-120.4629463,https://www.redfin.com/CA/Merced/2672-9th-Ave-95340/home/19689558,redfin
2026-09-19,mls:225144310,2679 Lobo Ave,Merced,95348,1200000,3,2,2319,779724,1928,Single Family Residential,Active,2025-12-02,37.3236077,-120.5352663,https://www.redfin.com/CA/Merced/2679-Lobo-Ave-95348/home/196422248,redfin
2026-09-19,mls:MC26196564,268 E 10th,Merced,95341,359900,4,3,1636,5012,1989,Single Family Residential,Active,2026-09-08,37.2901023,-120.476157,https://www.redfin.com/CA/Merced/268-E-10th-St-95341/home/19687247,redfin
2026-09-19,mls:MC26126325,2698 E South Bear Crk,Merced,95340,1049000,4,3.5,3340,52272,1985,Single Family Residential,Active,2026-06-10,37.3085571,-120.4379379,https://www.redfin.com/CA/Merced/2698-E-South-Bear-Creek-Dr-95340/home/19679981,redfin
2026-09-19,mls:MC26165744,272 Travis Ct,Merced,95341,400990,3,2,1290,4723,2026,Single Family Residential,Active,2026-07-29,37.292435,-120.427468,https://www.redfin.com/CA/Merced/272-Travis-Ct-95341/home/192932887,redfin
2026-09-19,mls:MC26163311,2729 Pioneer,Merced,95341,725000,3,2,1412,653400,1975,Single Family Residential,Active,2026-08-03,37.24845,-120.398781,https://www.redfin.com/CA/Merced/2729-Pioneer-95340/home/103654057,redfin
2026-09-19,mls:D019C2C7B656,274 Nadine St,Merced,95341,433890,3,2,1290,,2026,Single Family Residential,Active,2026-06-23,37.29243,-120.426576,https://www.redfin.com/CA/Merced/274-Nadine-St-95341/home/196422444,redfin
2026-09-19,mls:226116770,2747 Saratoga Ave,Merced,95340,365000,3,2,1412,7013,1977,Single Family Residential,Active,2026-09-16,37.3049953,-120.44807,https://www.redfin.com/CA/Merced/2747-Saratoga-Ave-95340/home/19689152,redfin
2026-09-19,mls:MC26080251,2761 Lexington Ave,Merced,95340,425000,3,2.5,1775,6152,1990,Single Family Residential,Active,2026-07-06,37.3061729,-120.4471103,https://www.redfin.com/CA/Merced/2761-Lexington-Ave-95340/home/19688763,redfin
2026-09-19,mls:5CF4E55D687A,277 Nadine St,Merced,95341,520890,4,2.5,1924,,2026,Single Family Residential,Active,2026-06-23,37.292439,-120.427113,https://www.redfin.com/CA/Merced/277-Nadine-St-95341/home/196422457,redfin
2026-09-19,mls:226061481,2779 Story Ave,Merced,95340,449999,4,3,2039,8934,1985,Single Family Residential,Active,2026-05-14,37.3053253,-120.4490194,https://www.redfin.com/CA/Merced/2779-Story-Ave-95340/home/19688945,redfin
2026-09-19,mls:MC26190802,2782 STORY Ave,Merced,95340,389000,3,2,1486,7318,1983,Single Family Residential,Active,2026-09-01,37.3053286,-120.4484633,https://www.redfin.com/CA/Merced/2782-Story-Ave-95340/home/19688940,redfin
2026-09-19,mls:596EB08EDC46,283 Nadine St,Merced,95341,436990,3,2,1290,,2026,Single Family Residential,Active,2026-06-23,37.29255,-120.427132,https://www.redfin.com/CA/Merced/283-Nadine-St-95341/home/196422459,redfin
2026-09-19,mls:MC26156305,2830 Dunn Rd,Merced,95340,895000,4,2,2031,43560,1973,Single Family Residential,Active,2026-08-05,37.3398907,-120.4355855,https://www.redfin.com/CA/Merced/2830-Dunn-Rd-95340/home/19680822,redfin
2026-09-19,mls:41144069,284 Zion Canyon Ct,Merced,95341,410000,4,2,1515,5000,2022,Single Family Residential,Active,2026-08-14,37.2757847,-120.4783038,https://www.redfin.com/CA/Merced/284-Zion-Canyon-Ct-95341/home/176248635,redfin
2026-09-19,mls:839C3B3E99AE,286 Nadine St,Merced,95341,484990,4,2.5,1924,,2026,Single Family Residential,Active,2026-09-17,37.292548,-120.426598,https://www.redfin.com/CA/Merced/286-Nadine-St-95341/home/196422443,redfin
2026-09-19,mls:MC26154089,2868 Beachwood,Merced,95348,317500,3,1,970,9683,1953,Single Family Residential,Active,2026-07-16,37.3297323,-120.5277546,https://www.redfin.com/CA/Merced/2868-Beachwood-Dr-95348/home/19683986,redfin
2026-09-19,mls:MC26168066,288 Travis Ct,Merced,95341,465990,4,2.5,1924,4723,2026,Single Family Residential,Active,2026-08-01,37.292559,-120.427487,https://www.redfin.com/CA/Merced/288-Travis-Ct-95341/home/192932886,redfin
2026-09-19,mls:B55EDD923106,289 Travis Ct,Merced,95341,423990,3,2,1290,,2026,Single Family Residential,Active,2026-04-05,37.292563,-120.428037,https://www.redfin.com/CA/Merced/289-Travis-Ct-95341/home/192932901,redfin
2026-09-19,mls:MC26148713,2894 Elm,Merced,95348,320000,3,1,1328,9524,1960,Single Family Residential,Active,2026-07-16,37.3299751,-120.5307807,https://www.redfin.com/CA/Merced/2894-Elm-Ave-95348/home/19684020,redfin
2026-09-19,mls:MC26143205,2924 E South Bear Crk,Merced,95348,415000,4,2,1560,26947,2003,Mobile/Manufactured Home,Active,2026-08-12,37.3082062,-120.4343361,https://www.redfin.com/CA/Merced/2924-E-South-Bear-Creek-Dr-95340/home/19679214,redfin
2026-09-19,mls:MC26172497,2943 Capella Dr,Merced,95341,559999,4,3,2420,7000,2026,Single Family Residential,Active,2026-08-06,37.282142,-120.434315,https://www.redfin.com/CA/Merced/2943-Capella-Dr-95341/home/196422467,redfin
2026-09-19,mls:ML82045002,2972 Tuxford Ct,Merced,95340,365000,3,2,1365,10173,1961,Single Family Residential,Active,2026-07-03,37.3147871,-120.451915,https://www.redfin.com/CA/Merced/2972-Tuxford-Ct-95340/home/19703141,redfin
2026-09-19,mls:MC26178287,2985 Redwood Dr,Merced,95340,494900,4,3,2388,8306,1972,Single Family Residential,Active,2026-08-18,37.315166,-120.4465798,https://www.redfin.com/CA/Merced/2985-Redwood-Dr-95340/home/19701434,redfin
2026-09-19,mls:SR26189124,2993 N Parsons,Merced,95340,253500,3,2,1008,7694,1961,Single Family Residential,Active,2026-08-28,37.3155234,-120.451559,https://www.redfin.com/CA/Merced/2993-N-Parsons-Ave-95340/home/19702218,redfin
2026-09-19,mls:MC26026481,3 W Belcher Ave,Merced,95348,275000,,,,44431,,Vacant Land,Active,2026-02-04,37.338447,-120.543574,https://www.redfin.com/CA/Merced/3-W-Belcher-Ave-95348/home/200354004,redfin
2026-09-19,mls:MC26138437,3054 Silver Elm Ct,Merced,95340,425000,4,2.5,1938,4178,1988,Single Family Residential,Active,2026-07-03,37.3171564,-120.4584988,https://www.redfin.com/CA/Merced/3054-Silver-Elm-Ct-95340/home/19703672,redfin
2026-09-19,mls:MC25270306,3056 Bedford,Merced,95340,385000,3,2,1358,6296,1974,Single Family Residential,Active,2026-01-26,37.3173625,-120.447616,https://www.redfin.com/CA/Merced/3056-Bedford-Dr-95340/home/19701345,redfin
2026-09-19,mls:MC26174015,3063 Bodie,Merced,95341,495000,4,3.5,3545,5000,2006,Single Family Residential,Active,2026-08-14,37.2931004,-120.4325597,https://www.redfin.com/CA/Merced/3063-Bodie-St-95341/home/19652898,redfin
2026-09-19,mls:226111094,3119 Dinkey Creek Ave,Merced,95341,155000,,,,6970,,Vacant Land,Active,2026-09-03,37.2843783,-120.4324245,https://www.redfin.com/CA/Merced/3119-Dinkey-Creek-Ave-95341/home/28560868,redfin
2026-09-19,mls:MC26189491,3125 N Parsons,Merced,95340,385000,4,2,1569,6699,1968,Single Family Residential,Active,2026-08-28,37.3191569,-120.4515217,https://www.redfin.com/CA/Merced/3125-N-Parsons-Ave-95340/home/19704375,redfin
2026-09-19,mls:226076083,313 Sullivan Dr,Merced,95348,419999,5,2.5,2378,2378,2022,Single Family Residential,Active,2026-07-04,37.3455019,-120.4725467,https://www.redfin.com/CA/Merced/313-Sullivan-Dr-95348/home/28949241,redfin
2026-09-19,mls:MC26031224,3216 El Capitan,Merced,95340,345000,3,2,1446,7440,1960,Single Family Residential,Active,2026-03-30,37.3211364,-120.4649618,https://www.redfin.com/CA/Merced/3216-El-Capitan-Ave-95340/home/19704773,redfin
2026-09-19,mls:MC26159955,3224 Nashville Ct,Merced,95348,485000,5,4,2287,6898,1980,Multi-Family (2-4 Unit),Active,2026-07-23,37.3220853,-120.493789,https://www.redfin.com/CA/Merced/3224-Nashville-Ct-95348/home/19682183,redfin
2026-09-19,mls:MC26168916,324 W 22nd,Merced,95340,475000,4,4,1850,7500,1935,Multi-Family (2-4 Unit),Active,2026-08-03,37.3050876,-120.4782527,https://www.redfin.com/CA/Merced/324-W-22nd-St-95340/home/200649590,redfin
2026-09-19,mls:MC26154809,3257 Juneau Ct,Merced,95348,389000,3,1,1123,6626,1972,Single Family Residential,Active,2026-07-15,37.3215246,-120.4974698,https://www.redfin.com/CA/Merced/3257-Juneau-Ct-95348/home/19682962,redfin
2026-09-19,mls:226063276,328 E 20th St,Merced,95340,285000,2,1,800,8002,1940,Single Family Residential,Active,2026-07-05,37.2993004,-120.4683459,https://www.redfin.com/CA/Merced/328-E-20th-St-95340/home/19688111,redfin
2026-09-19,mls:MC26194620,3311 Shamrock,Merced,95340,465000,4,2,1923,6683,1985,Single Family Residential,Active,2026-09-04,37.3236358,-120.4547312,https://www.redfin.com/CA/Merced/3311-Shamrock-Ave-95340/home/19704697,redfin
2026-09-19,mls:41145302,3362 San Jacinto Ct,Merced,95348,350000,3,2,1635,6356,1980,Single Family Residential,Active,2026-08-17,37.3255898,-120.4830739,https://www.redfin.com/CA/Merced/3362-San-Jacinto-Ct-95348/home/19667903,redfin
2026-09-19,mls:MC26174310,3372 Wawona Ct,Merced,95340,405000,3,2,1766,6824,1974,Single Family Residential,Active,2026-08-18,37.3256468,-120.4641113,https://www.redfin.com/CA/Merced/3372-Wawona-Ct-95340/home/19703460,redfin
2026-09-19,mls:MC26165548,3394 Banbury,Merced,95340,829000,4,3.5,2470,8741,2023,Single Family Residential,Active,2026-07-30,37.3262185,-120.4490424,https://www.redfin.com/CA/Merced/3394-Banbury-Ln-95340/home/28949845,redfin
2026-09-19,mls:226114912,34 Skylark Ct,Merced,95341,329000,3,2,1095,4256,1989,Single Family Residential,Active,2026-09-11,37.2855327,-120.4827358,https://www.redfin.com/CA/Merced/34-Skylark-Ct-95341/home/19647366,redfin
2026-09-19,mls:MC26099037,3411 Baker,Merced,95341,890000,12,6,5000,100188,1942,Multi-Family (5+ Unit),Active,2026-05-07,37.294377,-120.4260501,https://www.redfin.com/CA/Merced/3411-Baker-Dr-95341/home/19679932,redfin
2026-09-19,mls:MC26190319,3424 Mckee,Merced,95340,599000,4,2.5,2678,108900,1972,Single Family Residential,Active,2026-08-31,37.3282325,-120.4437943,https://www.redfin.com/CA/Merced/3424-McKee-Rd-95340/home/19701689,redfin
2026-09-19,mls:MC26111721,3442 Joerg Ave,Merced,95340,550000,4,2.5,2187,7754,1988,Single Family Residential,Active,2026-05-22,37.3267638,-120.4556038,https://www.redfin.com/CA/Merced/3442-Joerg-Ave-95340/home/19704871,redfin
2026-09-19,mls:MC26187696,3452 Paseo Verde,Merced,95348,575000,5,3,2243,8173,2002,Single Family Residential,Active,2026-08-28,37.3280963,-120.4873391,https://www.redfin.com/CA/Merced/3452-Paseo-Verde-Ave-95348/home/19681930,redfin
2026-09-19,mls:MC26113319,3454 G St,Merced,95340,425000,,,,28038,,Vacant Land,Active,2026-05-25,37.3294978,-120.4687811,https://www.redfin.com/CA/Merced/3454-G-St-95340/home/19704553,redfin
2026-09-19,mls:MC26019215,350 S Bermuda,Merced,95341,320000,,,,7575,,Vacant Land,Active,2026-02-13,37.283142,-120.4738245,https://www.redfin.com/CA/Merced/350-Bermuda-St-95341/home/28953795,redfin
2026-09-19,mls:MC26194375,3507 Sunstone Ct,Merced,95340,535000,3,2,2062,9307,2021,Single Family Residential,Active,2026-09-09,37.3254376,-120.4354688,https://www.redfin.com/CA/Merced/3507-Sunstone-Ct-95340/home/28949730,redfin
2026-09-19,mls:226001268,3515 E Yosemite Ave,Merced,95340,6000000,,,,2178000,,Vacant Land,Active,2026-01-06,37.331258,-120.421489,https://www.redfin.com/CA/Merced/3515-E-Yosemite-Ave-95340/home/40050563,redfin
2026-09-19,mls:MC26026650,355 E Main,Merced,95340,390000,3,2,1136,9758,1947,Single Family Residential,Active,2026-02-05,37.2967409,-120.4698506,https://www.redfin.com/CA/Merced/355-E-Main-St-95340/home/19687493,redfin
2026-09-19,mls:MC26051040,3552 Wathen Ct,Merced,95348,390000,3,2,1589,6180,1977,Single Family Residential,Active,2026-03-09,37.3315474,-120.4755399,https://www.redfin.com/CA/Merced/3552-Wathen-Ct-95348/home/19668079,redfin
2026-09-19,mls:MC26136486,3553 Beals,Merced,95348,399950,3,2,1589,6180,1977,Single Family Residential,Active,2026-06-22,37.3315473,-120.4751694,https://www.redfin.com/CA/Merced/3553-Beals-Ave-95348/home/19668503,redfin
2026-09-19,mls:FR26143684,3583 Sarasota,Merced,95348,399950,3,2,1705,5500,2006,Single Family Residential,Active,2026-07-01,37.3306482,-120.5033077,https://www.redfin.com/CA/Merced/3583-Sarasota-Ave-95348/home/19652932,redfin
2026-09-19,mls:MC26201253,360 E 19th St,Merced,95340,290000,2,1,1084,8975,1946,Single Family Residential,Active,2026-09-14,37.2983569,-120.4691015,https://www.redfin.com/CA/Merced/360-E-19th-St-95340/home/19688124,redfin
2026-09-19,mls:MC26179423,362 Rhianon,Merced,95341,395000,3,2,1475,5973,2019,Single Family Residential,Active,2026-08-18,37.2794023,-120.4771709,https://www.redfin.com/CA/Merced/362-Rhianon-Dr-95341/home/28951403,redfin
2026-09-19,mls:226000354,3622 N State Highway 59,Merced,95348,3490000,,,,467399,,Vacant Land,Active,2026-01-02,37.335149,-120.501768,https://www.redfin.com/CA/Merced/3622-N-State-Highway-59-95348/home/28947260,redfin
2026-09-19,mls:MC26123261,3629 N Lake,Merced,95340,1100000,4,2,2680,204732,1977,Single Family Residential,Active,2026-06-05,37.3359882,-120.433376,https://www.redfin.com/CA/Merced/3629-N-Lake-Rd-95340/home/19680577,redfin
2026-09-19,mls:226097306,365 E Main St,Merced,95340,359998,3,1.5,1256,9008,1947,Single Family Residential,Active,2026-08-01,37.2966338,-120.4696126,https://www.redfin.com/CA/Merced/365-E-Main-St-95340/home/19687494,redfin
2026-09-19,mls:MC26189146,3675 Quail Ave,Merced,95340,430000,3,2,1772,6501,1990,Single Family Residential,Active,2026-09-01,37.3332024,-120.4578991,https://www.redfin.com/CA/Merced/3675-Quail-Ave-95340/home/19679473,redfin
2026-09-19,mls:MC26141078,3726 Crane,Merced,95348,434900,4,2,1789,6600,2006,Single Family Residential,Active,2026-06-29,37.3345017,-120.4956177,https://www.redfin.com/CA/Merced/3726-Crane-Ave-95348/home/19656269,redfin
2026-09-19,mls:MC26141821,3774 Magellan,Merced,95340,474900,4,2.5,2282,6215,2020,Single Family Residential,Active,2026-07-01,37.3290761,-120.4408036,https://www.redfin.com/CA/Merced/3774-Magellan-95340/home/28949670,redfin
2026-09-19,mls:226105884,379 Edan Ct,Merced,95341,445000,3,2,1511,7588,2002,Single Family Residential,Active,2026-08-21,37.2831608,-120.4817525,https://www.redfin.com/CA/Merced/379-Edan-Ct-95341/home/19663940,redfin
2026-09-19,mls:MC26184740,3851 Twilight Ave,Merced,95348,459900,4,2.5,3286,6906,2005,Single Family Residential,Active,2026-08-24,37.3372152,-120.4898191,https://www.redfin.com/CA/Merced/3851-Twilight-Ave-95348/home/19645819,redfin
2026-09-19,mls:DW26039485,3880 Early Lgt,Merced,95348,400000,5,2.5,2023,4275,2005,Single Family Residential,Active,2026-03-01,37.3369528,-120.4904075,https://www.redfin.com/CA/Merced/3880-Early-Light-Ave-95348/home/19658704,redfin
2026-09-19,mls:MC26105349,3888 Solstice,Merced,95348,515000,8,4,3286,9833,2005,Single Family Residential,Active,2026-05-14,37.3390975,-120.4872439,https://www.redfin.com/CA/Merced/3888-Solstice-Ave-95348/home/19657581,redfin
2026-09-19,mls:226105372,3910 Twilight Ave,Merced,95348,459999,4,4,2352,5728,2006,Single Family Residential,Active,2026-08-20,37.3383451,-120.4900763,https://www.redfin.com/CA/Merced/3910-Twilight-Ave-95348/home/19658692,redfin
2026-09-19,mls:MC26178671,394 St. Bermuda,Merced,95341,95000,2,1,,5752,,Vacant Land,Active,2026-08-14,37.2826567,-120.4738723,https://www.redfin.com/CA/Merced/394-Bermuda-St-95341/home/19666930,redfin
2026-09-19,mls:MC26201117,3947 Finch Ct,Merced,95340,585000,4,3,1904,7497,1997,Single Family Residential,Active,2026-09-16,37.3375469,-120.4608631,https://www.redfin.com/CA/Merced/3947-Finch-Ct-95340/home/19679529,redfin
2026-09-19,mls:MC26167281,4025 St Remy Ct,Merced,95348,589000,5,3.5,3291,6710,2007,Single Family Residential,Active,2026-07-31,37.3418674,-120.4915622,https://www.redfin.com/CA/Merced/4025-St-Remy-Ct-95348/home/19651325,redfin
2026-09-19,mls:MC26082691,4089 Bayonet,Merced,95348,469000,4,3,1842,5125,2023,Single Family Residential,Active,2026-04-16,37.3425668,-120.4963347,https://www.redfin.com/CA/Merced/4089-Bayonet-Dr-95348/home/180787106,redfin
2026-09-19,mls:MC26181953,409 W 25th St,Merced,95340,225000,2,1,982,3750,1932,Single Family Residential,Active,2026-08-23,37.3091936,-120.4774598,https://www.redfin.com/CA/Merced/409-W-25th-St-95340/home/19692138,redfin
2026-09-19,mls:226089687,4100 Scarlet Ct,Merced,95348,482880,4,2.5,1924,5083,2026,Single Family Residential,Active,2026-07-15,37.343721,-120.491211,https://www.redfin.com/CA/Merced/4100-Scarlet-Ct-95348/home/186321264,redfin
2026-09-19,mls:0751E62A3111,4101 Adobe Ct,Merced,95348,454880,3,2.5,1777,,2026,Single Family Residential,Active,2026-06-23,37.343725,-120.49441,https://www.redfin.com/CA/Merced/4101-Adobe-Ct-95348/home/186321150,redfin
2026-09-19,mls:226094076,4108 Adobe Ct,Merced,95348,449880,3,2.5,1777,4658,2026,Single Family Residential,Active,2026-07-24,37.343855,-120.493857,https://www.redfin.com/CA/Merced/4108-Adobe-Ct-95348/home/186321177,redfin
2026-09-19,mls:MC26163326,4115 Scarlet Ct,Merced,95348,459880,4,2.5,1924,4656,2026,Single Family Residential,Active,2026-07-27,37.3429784,-120.4934196,https://www.redfin.com/CA/Merced/4115-Scarlet-Ct-95348/home/186321239,redfin
2026-09-19,mls:9146B3B1C39A,4116 Scarlet Ct,Merced,95348,479880,4,2.5,1924,,2026,Single Family Residential,Active,2026-05-31,37.3429784,-120.4934196,https://www.redfin.com/CA/Merced/4116-Scarlet-Ct-95348/home/186321261,redfin
2026-09-19,mls:62D769E83AAC,4125 Adobe Ct,Merced,95348,552330,4,2.5,1924,,2026,Single Family Residential,Active,2026-08-05,37.344102,-120.494398,https://www.redfin.com/CA/Merced/4125-Adobe-Ct-95348/home/186321153,redfin
2026-09-19,mls:MC26139899,413 El Portal Ct,Merced,95348,405000,4,2,1440,6000,1993,Single Family Residential,Active,2026-06-26,37.327138,-120.4735865,https://www.redfin.com/CA/Merced/413-El-Portal-Ct-95348/home/19667718,redfin
2026-09-19,mls:ML82035268,413 Hydrangea Ct,Merced,95341,440000,4,2.5,1864,5471,2005,Single Family Residential,Active,2026-02-17,37.2819906,-120.4260934,https://www.redfin.com/CA/Merced/413-Hydrangea-Ct-95341/home/19648529,redfin
2026-09-19,mls:MC26198130,4180 Adobe Ct,Merced,95348,525000,4,2.5,1941,4527,2024,Single Family Residential,Active,2026-09-09,37.3449473,-120.4937563,https://www.redfin.com/CA/Merced/4180-Adobe-Ct-95348/home/186321168,redfin
2026-09-19,mls:41144861,4195 North Highway 59,Merced,95348,285000,,,,39340,,Vacant Land,Active,2026-08-13,37.3492155,-120.5042264,https://www.redfin.com/CA/Merced/4195-N-State-Highway-59-95348/home/19684726,redfin
2026-09-19,mls:MC26123889,42 Squaw Valley Ct,Merced,95341,463709,4,2,1969,5805,2026,Single Family Residential,Active,2026-06-07,37.2849016,-120.4302551,https://www.redfin.com/CA/Merced/42-Squaw-Valley-Dr-95341/home/202168801,redfin
2026-09-19,mls:MC26201983,420 W 19th St,Merced,95340,315000,2,1.5,1489,7500,1938,Single Family Residential,Active,2026-09-15,37.3028374,-120.4813392,https://www.redfin.com/CA/Merced/420-W-19th-St-95340/home/19690991,redfin
2026-09-19,mls:MC26140315,4208 Berryesa,Merced,95348,399000,3,2.5,1555,3837,2008,Single Family Residential,Active,2026-06-27,37.3452052,-120.4693254,https://www.redfin.com/CA/Merced/4208-Berryesa-Ave-95348/home/19651904,redfin
2026-09-19,mls:MC26158999,424 Barclay Way,Merced,95348,450000,4,2,1700,4925,2007,Single Family Residential,Active,2026-07-24,37.3553556,-120.4744038,https://www.redfin.com/CA/Merced/424-Barclay-Way-95348/home/19651643,redfin
2026-09-19,mls:MC26182055,4240 Los Olivos Rd,Merced,95340,1600000,4,2,2561,361548,1970,Single Family Residential,Active,2026-08-24,37.3500726,-120.4354813,https://www.redfin.com/CA/Merced/4240-Los-Olivos-Rd-95340/home/19679651,redfin
2026-09-19,mls:MC26178473,4265 Freemark Ave,Merced,95348,559900,5,3.5,2478,5240,2021,Single Family Residential,Active,2026-08-20,37.3448479,-120.482299,https://www.redfin.com/CA/Merced/4265-Freemark-Ave-95348/home/28949033,redfin
2026-09-19,mls:226106909,434 Occidental Ct,Merced,95348,389999,4,2,1440,6000,1993,Single Family Residential,Active,2026-08-24,37.3281127,-120.4740071,https://www.redfin.com/CA/Merced/434-Occidental-Ct-95348/home/19667652,redfin
2026-09-19,mls:MC26168529,4395 Strathmore,Merced,95348,419000,4,2,1617,4725,2018,Single Family Residential,Active,2026-08-09,37.3494562,-120.4698107,https://www.redfin.com/CA/Merced/4395-Strathmore-Pl-95348/home/28951214,redfin
2026-09-19,mls:MC26195175,4431 Andrea,Merced,95348,450000,4,3,1745,5092,2022,Single Family Residential,Active,2026-09-05,37.3507554,-120.4829035,https://www.redfin.com/CA/Merced/4431-Andrea-Dr-95348/home/172360241,redfin
2026-09-19,mls:ML82053546,4449 Lacy Ln,Merced,95348,449000,3,2,1616,5125,2022,Single Family Residential,Active,2026-07-08,37.3508779,-120.482032,https://www.redfin.com/CA/Merced/4449-Lacy-Ln-95348/home/172360257,redfin
2026-09-19,mls:225139639,446 Tyler #148 Rd,Merced,95341,299000,3,1,,57543,,Vacant Land,Active,2025-10-31,37.2816477,-120.4693583,https://www.redfin.com/CA/Merced/446-Tyler-Rd-95341/home/28953786,redfin
2026-09-19,mls:MC26094946,4465 Andrea Dr,Merced,95348,451179,3,2,1620,4583,2026,Single Family Residential,Active,2026-06-06,37.3517279,-120.4830309,https://www.redfin.com/CA/Merced/4465-Andrea-Dr-95348/home/172360248,redfin
2026-09-19,mls:226106360,454 Jacobs Dr,Merced,95348,456644,4,3,1832,4800,2007,Single Family Residential,Active,2026-08-22,37.353343,-120.4733961,https://www.redfin.com/CA/Merced/454-Jacobs-Dr-95348/home/19651725,redfin
2026-09-19,mls:MC26182077,455 Columbia,Merced,95340,364900,3,2,1175,6000,1972,Single Family Residential,Active,2026-08-19,37.32404,-120.4645496,https://www.redfin.com/CA/Merced/455-Columbia-Ave-95340/home/19703734,redfin
2026-09-19,mls:226096553,457 Buena Vista Dr,Merced,95348,399999,3,2,1440,6569,1993,Single Family Residential,Active,2026-08-15,37.3278627,-120.4742567,https://www.redfin.com/CA/Merced/457-Buena-Vista-Dr-95348/home/19668122,redfin
2026-09-19,mls:MC26062941,4639 Sami Jo,Merced,95348,487000,4,2,1885,5123,2025,Single Family Residential,Active,2026-03-27,37.356132,-120.481036,https://www.redfin.com/CA/Merced/4639-Sami-Jo-Dr-95348/home/180787624,redfin
2026-09-19,mls:226018792,4672 Beckman Way,Merced,95348,385000,4,2.5,2116,5357,2007,Single Family Residential,Active,2026-02-18,37.3559542,-120.4725258,https://www.redfin.com/CA/Merced/4672-Beckman-Way-95348/home/19651672,redfin
2026-09-19,mls:MC26193060,475 Tulane,Merced,95348,410000,3,2,1360,6366,1999,Single Family Residential,Active,2026-09-02,37.3257095,-120.4745678,https://www.redfin.com/CA/Merced/475-Tulane-Dr-95348/home/19667400,redfin
2026-09-19,mls:MC26087411,4822 Durant,Merced,95348,599900,5,4,3265,7784,2007,Single Family Residential,Active,2026-05-05,37.3585415,-120.4691243,https://www.redfin.com/CA/Merced/4822-Durant-Way-95348/home/19650686,redfin
2026-09-19,mls:MC26177612,4836 Mari Cruz Ln,Merced,95348,453212,3,2,1620,5923,2026,Single Family Residential,Active,2026-08-13,37.358853,-120.478632,https://www.redfin.com/CA/Merced/4836-Mari-Cruz-Ln-95348/home/196426148,redfin
2026-09-19,mls:MC26094924,4842 Mari Cruz,Merced,95348,481417,3,2,1854,5923,2026,Single Family Residential,Active,2026-05-01,37.358982,-120.478524,https://www.redfin.com/CA/Merced/4842-Mari-Cruz-Ln-95348/home/196426147,redfin
2026-09-19,mls:MC26159854,4861 Langley,Merced,95348,475000,3,2,1928,8708,2015,Single Family Residential,Active,2026-07-28,37.3586468,-120.4716258,https://www.redfin.com/CA/Merced/4861-Langley-Way-95348/home/28950816,redfin
2026-09-19,mls:MC26177603,4866 Mari Cruz Ln,Merced,95348,516548,4,3,2203,5839,2026,Single Family Residential,Active,2026-08-13,37.359204,-120.478255,https://www.redfin.com/CA/Merced/4866-Mari-Cruz-Ln-95348/home/204576604,redfin
2026-09-19,mls:MC26182718,4869 Langley Way,Merced,95348,535000,5,2.5,2288,6903,2015,Single Family Residential,Active,2026-08-20,37.3590131,-120.4716565,https://www.redfin.com/CA/Merced/4869-Langley-Way-95348/home/28950822,redfin
2026-09-19,mls:MC26177584,4882 Mari Cruz Ln,Merced,95348,485789,4,3,1750,8042,2026,Single Family Residential,Active,2026-08-13,37.359382,-120.477905,https://www.redfin.com/CA/Merced/4882-Mari-Cruz-Ln-95348/home/204576504,redfin
2026-09-19,mls:MC26169759,5082 Palisade,Merced,95348,419999,4,2.5,1687,2116,2023,Single Family Residential,Active,2026-08-25,37.3625801,-120.46905,https://www.redfin.com/CA/Merced/5082-Palisade-Ave-95348/home/28952312,redfin
2026-09-19,mls:MC26150874,515 Cadiz Ct,Merced,95341,429000,4,2.5,1921,5055,2019,Single Family Residential,Active,2026-08-06,37.2770927,-120.4848762,https://www.redfin.com/CA/Merced/515-Cadiz-Ct-95341/home/28951744,redfin
2026-09-19,mls:MC26172479,52 Sedona Dr,Merced,95341,419999,4,3,1836,3200,2026,Single Family Residential,Active,2026-08-06,37.274382,-120.484204,https://www.redfin.com/CA/Merced/52-Sedona-Dr-95341/home/180787881,redfin
2026-09-19,mls:MC26190483,52 W 25th,Merced,95340,239000,2,1,830,7500,1939,Single Family Residential,Active,2026-08-31,37.3068829,-120.4725298,https://www.redfin.com/CA/Merced/52-W-25th-St-95340/home/19691446,redfin
2026-09-19,mls:MC26119524,523 Barcelona Ct,Merced,95341,396000,4,2.5,1999,3485,2023,Single Family Residential,Active,2026-06-02,37.276891,-120.4841532,https://www.redfin.com/CA/Merced/523-Barcelona-Ct-95341/home/28951740,redfin
2026-09-19,mls:MC26183832,537 Alfarata Blvd,Merced,95341,399900,4,2,1732,5970,2006,Single Family Residential,Active,2026-08-21,37.2799467,-120.4378632,https://www.redfin.com/CA/Merced/537-Alfarata-Blvd-95341/home/19652525,redfin
2026-09-19,mls:MC26202684,565 Tolman Way,Merced,95348,395000,3,2,1455,4938,2007,Single Family Residential,Active,2026-09-17,37.3537061,-120.4762962,https://www.redfin.com/CA/Merced/565-Tolman-Way-95348/home/19651075,redfin
2026-09-19,mls:MC22138199,5771 N Siena Ave,Merced,95340,265000,,,,43560,,Vacant Land,Active,2022-06-24,37.372404,-120.467821,https://www.redfin.com/CA/Merced/5771-N-Siena-Ave-95340/home/28949515,redfin
2026-09-19,mls:MC26162775,5820 N Siena Ave,Merced,95340,699000,,,,87120,,Vacant Land,Active,2026-07-25,37.372923,-120.466926,https://www.redfin.com/CA/Merced/5820-N-Siena-Ave-95340/home/28949517,redfin
2026-09-19,mls:226046872,5825 N Casa Sonada Ct,Merced,95340,285000,,,,43560,,Vacant Land,Active,2026-04-15,37.3732349,-120.4647476,https://www.redfin.com/CA/Merced/5825-N-Casa-Sonada-Ct-95340/home/168647420,redfin
2026-09-19,mls:MC26084705,5829 N Casa Sonada Ct,Merced,95340,300000,,,,43560,,Vacant Land,Active,2026-04-20,37.3737132,-120.464331,https://www.redfin.com/CA/Merced/5829-N-Casa-Sonada-Ct-95340/home/168647421,redfin
2026-09-19,mls:MC26084709,5830 N Rio Bonito Ct,Merced,95340,300000,,,,44431,,Vacant Land,Active,2026-04-20,37.373254,-120.462652,https://www.redfin.com/CA/Merced/5830-N-Rio-Bonito-Ct-95340/home/168647425,redfin
2026-09-19,mls:MC26138029,59 W 27th,Merced,95340,375000,3,2,1896,7500,1981,Single Family Residential,Active,2026-08-05,37.3093528,-120.4711085,https://www.redfin.com/CA/Merced/59-W-27th-St-95340/home/19693053,redfin
2026-09-19,mls:V1-38507,594 Granada Ct,Merced,95341,429900,4,3,1999,3671,2018,Single Family Residential,Active,2026-09-02,37.2760295,-120.4850942,https://www.redfin.com/CA/Merced/594-Granada-Ct-95341/home/28951771,redfin
2026-09-19,mls:MC26182432,60 E 12th,Merced,95341,599900,8,4,3000,7504,1977,Multi-Family (2-4 Unit),Active,2026-08-19,37.2927163,-120.4780047,https://www.redfin.com/CA/Merced/60-E-12th-St-95341/home/19687380,redfin
2026-09-19,mls:MC26202372,600 Dennis Ct,Merced,95340,329000,3,2,1718,8196,1968,Single Family Residential,Active,2026-09-16,37.3134479,-120.4641366,https://www.redfin.com/CA/Merced/600-Dennis-Ct-95340/home/19702111,redfin
2026-09-19,mls:MC26167550,603 Weslie Way,Merced,95348,359037,3,2.5,1358,2200,2026,Single Family Residential,Active,2026-07-31,37.360665,-120.478211,https://www.redfin.com/CA/Merced/603-Weslie-Way-Unknown/home/203570268,redfin
2026-09-19,mls:MC26177703,613 Weslie Way,Merced,95348,393290,3,2.5,1623,3969,2026,Single Family Residential,Active,2026-08-13,37.360675,-120.478516,https://www.redfin.com/CA/Merced/613-Weslie-Way-Unknown/home/204577766,redfin
2026-09-19,mls:MC26177694,615 Weslie Way,Merced,95348,359037,3,2.5,1358,2425,2026,Single Family Residential,Active,2026-08-13,37.360679,-120.478617,https://www.redfin.com/CA/Merced/615-Weslie-Way-Unknown/home/204577717,redfin
2026-09-19,mls:MC26177647,617 Weslie Way,Merced,95348,359037,3,2.5,1358,2473,2026,Single Family Residential,Active,2026-08-13,37.360682,-120.478693,https://www.redfin.com/CA/Merced/617-Weslie-Way-Unknown/home/204577547,redfin
2026-09-19,mls:MC26177619,621 Weslie Way,Merced,95348,393290,3,2.5,1623,4244,2026,Single Family Residential,Active,2026-08-13,37.360685,-120.478795,https://www.redfin.com/CA/Merced/621-Weslie-Way-Unknown/home/204576922,redfin
2026-09-19,mls:MC26127731,626 Heitz Ct,Merced,95348,429000,4,3,1852,5661,2020,Single Family Residential,Active,2026-07-01,37.3485926,-120.4781423,https://www.redfin.com/CA/Merced/626-Heitz-Ct-95348/home/28948826,redfin
2026-09-19,mls:226052760,627 Elizabeth Ct,Merced,95341,387500,3,2,1231,5301,2024,Single Family Residential,Active,2026-05-22,37.277912,-120.493846,https://www.redfin.com/CA/Merced/627-Elizabeth-Ct-95341/home/180787387,redfin
2026-09-19,mls:MC26163276,63 Maia Ct,Merced,95341,459000,4,2.5,1945,4595,2007,Single Family Residential,Active,2026-07-31,37.2890444,-120.4270611,https://www.redfin.com/CA/Merced/63-Maia-Ct-95341/home/19656885,redfin
2026-09-19,mls:MC26168622,630 Andrea,Merced,95348,410000,3,2,1616,4897,2020,Single Family Residential,Active,2026-08-03,37.3493336,-120.4782911,https://www.redfin.com/CA/Merced/630-Andrea-Dr-95348/home/168649010,redfin
2026-09-19,mls:MC26146533,636 W 25th,Merced,95340,330000,2,1,1056,7500,1949,Single Family Residential,Active,2026-07-06,37.3100838,-120.4811936,https://www.redfin.com/CA/Merced/636-W-25th-St-95340/home/19693007,redfin
2026-09-19,mls:MC26148395,654-- 658 W Yosemite,Merced,95348,499000,4,4,2378,6841,1984,Multi-Family (2-4 Unit),Active,2026-07-29,37.3318577,-120.4798624,https://www.redfin.com/CA/Merced/654-W-Yosemite-Ave-95348/home/19668082,redfin
2026-09-19,mls:MC26183806,670 Elizabeth Ct,Merced,95341,405000,4,2,1509,6118,2024,Single Family Residential,Active,2026-08-21,37.27745,-120.494384,https://www.redfin.com/CA/Merced/670-Elizabeth-Ct-95341/home/180787393,redfin
2026-09-19,mls:MC26163641,677 Mackenzie Ct,Merced,95341,379900,3,2,1000,4998,2024,Single Family Residential,Active,2026-07-27,37.2792618,-120.4943634,https://www.redfin.com/CA/Merced/677-Mackenzie-Ct-95341/home/180787315,redfin
2026-09-19,mls:MC26106631,684 Skyler Ln Unit 69 B2,Merced,95348,439990,4,2,1509,5830,2026,Single Family Residential,Active,2026-07-19,37.3586629,-120.4807985,https://www.redfin.com/CA/Merced/684-Skyler-Ln-95348/unit-69-B2/home/201858480,redfin
2026-09-19,mls:MC24096982,6922 G St,Merced,95340,3599999,2,3,6300,2964258,1982,Single Family Residential,Active,2024-05-16,37.3891143,-120.4663615,https://www.redfin.com/CA/Merced/6922-G-St-95340/home/187852220,redfin
2026-09-19,mls:MC26111249,693 Cadiz Ave,Merced,95341,450900,4,2.5,2182,3744,2022,Single Family Residential,Active,2026-05-22,37.274742,-120.48485,https://www.redfin.com/CA/Merced/693-Cadiz-Ave-95341/home/180787922,redfin
2026-09-19,mls:41148105,698 Keng Ct,Merced,95341,410000,3,2,1214,6838,2024,Single Family Residential,Active,2026-09-11,37.2802099,-120.494785,https://www.redfin.com/CA/Merced/698-Keng-Ct-95341/home/186321375,redfin
2026-09-19,mls:MC26183512,698 Roberts Ct,Merced,95340,475000,4,2,1900,12610,1967,Single Family Residential,Active,2026-09-01,37.3112846,-120.4628734,https://www.redfin.com/CA/Merced/698-Roberts-Ct-95340/home/19702775,redfin
2026-09-19,mls:226035968,7044 Hwy 59 & Sandy Mush Rd,Merced,95340,399000,3,1.5,,1001880,,Vacant Land,Active,2026-03-25,37.3145748,-120.4687351,https://www.redfin.com/CA/Merced/59-Sandy-Ln-95340/home/19703233,redfin
2026-09-19,mls:MC26008284,71 Tyler Rd,Merced,95341,1199000,,,,392040,,Vacant Land,Active,2026-01-13,37.2869741,-120.4703556,https://www.redfin.com/CA/Merced/71-Tyler-Rd-95341/home/194153528,redfin
2026-09-19,mls:MC26189059,713 Stone Ridge West Ave,Merced,95341,344140,3,2.5,1358,1649,2026,Single Family Residential,Active,2026-08-28,37.2768573,-120.4808773,https://www.redfin.com/CA/Merced/713-Stone-Ridge-West-Ave-95341/home/196426217,redfin
2026-09-19,mls:MC26053673,714 Dean Ct,Merced,95341,399900,3,2,1214,5200,2023,Single Family Residential,Active,2026-03-11,37.2788436,-120.4953763,https://www.redfin.com/CA/Merced/714-Dean-Ct-95341/home/180787328,redfin
2026-09-19,mls:MC26152873,714 Suzanne,Merced,95348,440000,3,2,1435,5065,2021,Single Family Residential,Active,2026-07-30,37.3512045,-120.4806199,https://www.redfin.com/CA/Merced/714-Suzanne-Dr-95348/home/172360276,redfin
2026-09-19,mls:226038701,72 E 12th St,Merced,95341,650000,6,4,3002,7505,1976,Multi-Family (5+ Unit),Active,2026-05-20,37.2926913,-120.4778409,https://www.redfin.com/CA/Merced/72-E-12th-St-95341/home/19687379,redfin
2026-09-19,mls:MC26013670,724 Robin Dr,Merced,95340,579900,5,3,2021,10109,1997,Single Family Residential,Active,2026-02-11,37.3369707,-120.4617846,https://www.redfin.com/CA/Merced/724-Robin-Dr-95340/home/19661373,redfin
2026-09-19,mls:MC26181900,725 Stone Ridge West Ave,Merced,95341,374750,3,2.5,1623,2774,2026,Single Family Residential,Active,2026-08-19,37.27672,-120.4808686,https://www.redfin.com/CA/Merced/725-Stone-Ridge-West-Ave-95341/home/196426220,redfin
2026-09-19,mls:MP26164276,726 Skyler Ct,Merced,95348,439000,3,2,1435,5269,2026,Single Family Residential,Active,2026-07-28,37.358728,-120.481646,https://www.redfin.com/CA/Merced/726-Skyler-Ln-95348/home/196426122,redfin
2026-09-19,mls:MC26094809,732 Stone Ridge East Ave,Merced,95341,328540,2,2.5,1259,1652,2026,Single Family Residential,Active,2026-09-10,37.2751972,-120.4843636,https://www.redfin.com/CA/Merced/732-Stone-Ridge-East-Ave-95341/home/196426251,redfin
2026-09-19,mls:MC26095163,733 Marshall Ct,Merced,95348,445000,3,2,1620,5611,2026,Single Family Residential,Active,2026-05-01,37.35993,-120.481585,https://www.redfin.com/CA/Merced/733-Marshall-Ct-95348/home/201673758,redfin
2026-09-19,mls:226083180,733 Newton Ct,Merced,95348,450000,5,2.5,1919,5502,2020,Single Family Residential,Active,2026-06-30,37.3481419,-120.4808294,https://www.redfin.com/CA/Merced/733-Newton-Ct-95348/home/28948811,redfin
2026-09-19,mls:MC26027458,738 Skyler Ct,Merced,95348,445000,3,2,1620,5300,2026,Single Family Residential,Active,2026-03-10,37.358728,-120.481818,https://www.redfin.com/CA/Merced/738-Skyler-Ln-95348/home/196426123,redfin
2026-09-19,mls:226092145,747 Marcus Ct,Merced,95341,385000,3,2,1443,5001,2022,Single Family Residential,Active,2026-07-24,37.2799617,-120.4959358,https://www.redfin.com/CA/Merced/747-Marcus-Ct-95341/home/179425220,redfin
2026-09-19,mls:cmpmoqogk10nys6015tvoig1e,751 Yosemite Pkwy,Merced,95340,250000,3,1,1036,,1959,Unknown,Active,2026-05-26,37.2955401,-120.4653358,https://www.redfin.com/CA/Merced/751-Yosemite-Pkwy-95340/home/19687728,redfin
2026-09-19,mls:MC26185562,756 Brianne Ct,Merced,95341,385000,3,2,1214,5175,2021,Single Family Residential,Active,2026-08-24,37.2825904,-120.4960306,https://www.redfin.com/CA/Merced/756-Brianne-Ct-95341/home/176247864,redfin
2026-09-19,mls:MC26001848,756 Crist,Merced,95341,105000,,,,14894,,Vacant Land,Active,2026-01-05,37.2936235,-120.4685564,https://www.redfin.com/CA/Merced/756-Crist-Ave-95341/home/19687412,redfin
2026-09-19,mls:MC26009493,767 Taryn Ct,Merced,95341,340000,3,2,1000,5433,2020,Single Family Residential,Active,2026-03-17,37.2843948,-120.4961734,https://www.redfin.com/CA/Merced/767-Taryn-Ct-95341/home/172356595,redfin
2026-09-19,mls:MC26073213,789 Yosemite,Merced,95340,299999,3,1,1032,7500,1953,Single Family Residential,Active,2026-05-26,37.295444,-120.4651341,https://www.redfin.com/CA/Merced/789-Yosemite-Pkwy-95340/home/19687612,redfin
2026-09-19,mls:226081813,794 Dean Ct,Merced,95341,455000,4,2,1862,7000,2023,Single Family Residential,Active,2026-06-26,37.2788084,-120.4967438,https://www.redfin.com/CA/Merced/794-Dean-Ct-95341/home/180787335,redfin
2026-09-19,mls:MC25254770,835 W 10th St,Merced,95341,145000,,,,14536,,Vacant Land,Active,2025-11-05,37.2963738,-120.4927217,https://www.redfin.com/CA/Merced/835-W-10th-St-95341/home/183226295,redfin
2026-09-19,mls:MC25202610,84 Jack Ct,Merced,95341,379000,4,2.5,1945,4595,2007,Single Family Residential,Active,2025-11-12,37.2893222,-120.4274259,https://www.redfin.com/CA/Merced/84-Jack-Ct-95341/home/19657494,redfin
2026-09-19,mls:MC26133869,86 Sedona,Merced,95341,445000,4,2.5,2182,3199,2022,Single Family Residential,Active,2026-06-19,37.2744305,-120.485051,https://www.redfin.com/CA/Merced/86-Sedona-Dr-95341/home/180787875,redfin
2026-09-19,mls:MC26148980,864 E Childs,Merced,95341,2190000,,,,871200,,Vacant Land,Active,2026-07-10,37.2875663,-120.4660284,https://www.redfin.com/CA/Merced/864-E-Childs-Ave-95341/home/188876508,redfin
2026-09-19,mls:MC26041835,890 Barney,Merced,95340,299000,2,1,1233,6075,1951,Single Family Residential,Active,2026-05-06,37.3009501,-120.4613226,https://www.redfin.com/CA/Merced/890-Barney-St-95340/home/19687980,redfin
2026-09-19,mls:MC25242208,902 W 20th St,Merced,95340,345000,2,1,1378,7368,1917,Single Family Residential,Active,2025-10-17,37.3065016,-120.4880009,https://www.redfin.com/CA/Merced/902-W-20th-St-95340/home/19691004,redfin
2026-09-19,mls:MC25252460,915 R St,Merced,95341,325000,3,1,1232,5391,1930,Single Family Residential,Active,2025-11-02,37.2968727,-120.497309,https://www.redfin.com/CA/Merced/915-R-St-95341/home/19690941,redfin
2026-09-19,mls:242694,929 W 6th St,Merced,95341,625500,5,3,2300,6200,2026,Single Family Residential,Active,2026-07-06,37.2929392,-120.4963773,https://www.redfin.com/CA/Merced/929-W-6th-St-95341/home/189156477,redfin
2026-09-19,mls:651525,929 W 6th St #2,Merced,95341,625500,5,2.75,2298,6198,2026,Multi-Family (2-4 Unit),Active,2026-07-06,37.2929392,-120.4963773,https://www.redfin.com/CA/Merced/929-W-6th-St-95341/unit-2/home/202660811,redfin
2026-09-19,mls:226004168,930 W 23rd St,Merced,95340,295000,2,1,912,7501,1940,Single Family Residential,Active,2026-01-23,37.309677,-120.4867814,https://www.redfin.com/CA/Merced/930-W-23rd-St-95340/home/19692025,redfin
2026-09-19,mls:MC25270339,965 N Bryant Ct,Merced,95341,190000,,,,47916,,Vacant Land,Active,2025-12-03,37.300171,-120.520387,https://www.redfin.com/CA/Merced/965-N-Bryant-Ct-95341/home/49858867,redfin
2026-09-19,mls:55E1FC816993,Adams Plan,Merced,95348,455490,4,2,1509,,,Single Family Residential,Active,2025-07-30,37.35757827758789,-120.47850036621094,https://www.redfin.com/CA/Merced/Merced/Adams/home/196689296,redfin
2026-09-19,mls:BEC68E49FC28,Coolidge Plan,Merced,95341,461490,4,3,1842,,,Single Family Residential,Active,2026-04-09,37.284751892089844,-120.43229675292969,https://www.redfin.com/CA/Merced/Merced/Coolidge/home/196730179,redfin
2026-09-19,mls:910CCC4449B9,Coolidge Plan,Merced,95348,482490,4,3,1842,,,Single Family Residential,Active,2025-07-30,37.35757827758789,-120.47850036621094,https://www.redfin.com/CA/Merced/Merced/Coolidge/home/196689029,redfin
2026-09-19,mls:ACB25E048A12,Grayson Plan,Merced,95341,424990,3,2,1290,,,Single Family Residential,Active,2025-08-15,37.2918983,-120.4266809,https://www.redfin.com/CA/Merced/Merced/Grayson/home/197150413,redfin
2026-09-19,mls:FDD583518435,Lanner Plan,Merced,95341,498990,4,2.5,1924,,,Single Family Residential,Active,2026-04-02,37.291656,-120.42655,https://www.redfin.com/CA/Merced/Merced/Lanner/home/201094597,redfin
2026-09-19,mls:ED6468F7B4C8,Lark Plan,Merced,95348,473490,4,2,1509,,,Single Family Residential,Active,2025-05-29,37.35757827758789,-120.47850036621094,https://www.redfin.com/CA/Merced/Merced/Lark/home/195942202,redfin
2026-09-19,mls:15061A6A2B6D,Mountain Top II Plan,Merced,95348,509000,5,3,1890,,,Single Family Residential,Active,2025-08-18,37.3615146,-120.4694483,https://www.redfin.com/CA/Merced/Merced/Mountain-Top-II/home/190509865,redfin
2026-09-19,mls:874769B64FE6,Skyview II Plan,Merced,95348,479000,4,2.5,1824,,,Single Family Residential,Active,2025-08-17,37.3615146,-120.4694483,https://www.redfin.com/CA/Merced/Merced/Skyview-II/home/190509863,redfin
2026-09-19,mls:BF6DF43CAE31,The Adelina Plan,Merced,95341,397838,3,2,1403,,,Single Family Residential,Active,2025-10-26,37.2862897,-120.4304902,https://www.redfin.com/CA/Merced/Merced/The-Adelina/home/198798410,redfin
2026-09-19,mls:AB628F81CA4C,The Ashington Plan,Merced,95348,465600,4,3,1750,,,Single Family Residential,Active,2025-11-02,37.3582045,-120.4809235,https://www.redfin.com/CA/Merced/Merced/The-Ashington/home/198836475,redfin
2026-09-19,mls:7544A213B692,The Ashington Plan,Merced,95341,438700,4,3,1750,,,Single Family Residential,Active,2025-10-26,37.2862897,-120.4304902,https://www.redfin.com/CA/Merced/Merced/The-Ashington/home/198798406,redfin
2026-09-19,mls:33109F27E8B2,The Caledonia Plan,Merced,95348,480600,4,3,1969,,,Single Family Residential,Active,2025-12-20,37.3582045,-120.4809235,https://www.redfin.com/CA/Merced/Merced/The-Caledonia/home/199743228,redfin
2026-09-19,mls:3335387E8898,The Carmelo Plan,Merced,95341,391874,3,2,1500,,,Single Family Residential,Active,2025-07-31,37.2917052,-120.4288446,https://www.redfin.com/CA/Merced/Merced/The-Carmelo/home/196756198,redfin
2026-09-19,mls:C841C396BC54,The Cascade Plan,Merced,95348,436368,3,2,1620,,,Single Family Residential,Active,2025-11-06,37.3582045,-120.4809235,https://www.redfin.com/CA/Merced/Merced/The-Cascade/home/198909838,redfin
2026-09-19,mls:2BB8EC88400D,The Cascade Plan,Merced,95341,421000,3,2,1620,,,Single Family Residential,Active,2025-10-26,37.2862897,-120.4304902,https://www.redfin.com/CA/Merced/Merced/The-Cascade/home/198798409,redfin
2026-09-19,mls:DECD7A7C0493,The Florencia Plan,Merced,95348,569600,5,3,2752,,,Single Family Residential,Active,2025-11-06,37.3582045,-120.4809235,https://www.redfin.com/CA/Merced/Merced/The-Florencia/home/198918663,redfin
2026-09-19,mls:EB4F2420027D,The Haven Plan,Merced,95341,362250,3,2.5,1623,,,Townhouse,Active,2025-10-13,37.2766279,-120.4806608,https://www.redfin.com/CA/Merced/Merced/The-Haven/home/198576924,redfin
2026-09-19,mls:C5D14AA59F41,The Kelsey Plan,Merced,95341,309900,2,2.5,1259,,,Townhouse,Active,2025-10-13,37.2766279,-120.4806608,https://www.redfin.com/CA/Merced/Merced/The-Kelsey/home/198576925,redfin
2026-09-19,mls:581E257A65CE,The Monterey Plan,Merced,95348,489600,4,2,1960,,,Single Family Residential,Active,2025-12-20,37.3582045,-120.4809235,https://www.redfin.com/CA/Merced/Merced/The-Monterey/home/199743230,redfin
2026-09-19,mls:7EE60E243966,The Monterey Plan,Merced,95341,471550,4,2,1960,,,Single Family Residential,Active,2025-10-27,37.2862897,-120.4304902,https://www.redfin.com/CA/Merced/Merced/The-Monterey/home/198798429,redfin
2026-09-19,mls:43516D609CFC,The Rainier Plan,Merced,95348,404900,3,2,1435,,,Single Family Residential,Active,2025-11-06,37.3582045,-120.4809235,https://www.redfin.com/CA/Merced/Merced/The-Rainier/home/198918611,redfin
2026-09-19,mls:C66618349959,The Santa Cruz Plan,Merced,95348,479600,4,3,1810,,,Single Family Residential,Active,2025-12-20,37.3582045,-120.4809235,https://www.redfin.com/CA/Merced/Merced/The-Santa-Cruz/home/199743229,redfin
2026-09-19,mls:35E70551F97C,The Santa Cruz Plan,Merced,95341,465200,4,3,1810,,,Single Family Residential,Active,2025-10-26,37.2862897,-120.4304902,https://www.redfin.com/CA/Merced/Merced/The-Santa-Cruz/home/198798407,redfin
2026-09-19,mls:91E012AEF7B7,The Shasta Plan,Merced,95348,479230,4,3,2207,,,Single Family Residential,Active,2025-11-02,37.3582045,-120.4809235,https://www.redfin.com/CA/Merced/Merced/The-Shasta/home/198836473,redfin
2026-09-19,mls:414BA255B8B4,The Sierra Plan,Merced,95341,325500,3,2.5,1358,,,Townhouse,Active,2025-10-13,37.2766279,-120.4806608,https://www.redfin.com/CA/Merced/Merced/The-Sierra/home/198576923,redfin
2026-09-19,mls:347EB8F16713,The Teton Plan,Merced,95348,470600,3,2,1854,,,Single Family Residential,Active,2025-11-06,37.3582045,-120.4809235,https://www.redfin.com/CA/Merced/Merced/The-Teton/home/198918058,redfin
2026-09-19,mls:DBF11679A93F,The Tolosa Plan,Merced,95341,483361,4,2,2392,,,Single Family Residential,Active,2025-10-13,37.2917052,-120.4288446,https://www.redfin.com/CA/Merced/Merced/The-Tolosa/home/198576922,redfin
2026-09-20,mls:226043198,0 Fruitland & Orchard Park Ave,Atwater,95301,1500000,,,,1337292,,Vacant Land,Active,2026-04-08,37.3626644,-120.5957832,https://www.redfin.com/CA/Atwater/0-Fruitland-Ave-95301/home/183517590,redfin
2026-09-20,mls:MC22098863,0 Green Sands Ave,Atwater,95301,720000,,,,45738,,Vacant Land,Active,2022-05-12,37.338095,-120.576147,https://www.redfin.com/CA/Atwater/Green-Sands-Ave-95301/home/179404945,redfin
2026-09-20,mls:MC26107959,1 Gurr Rd,Atwater,95301,425000,,,,213880,,Vacant Land,Active,2026-05-18,37.32537,-120.557565,https://www.redfin.com/CA/Atwater/1-Gurr-RD-95301/home/198748593,redfin
2026-09-20,mls:MC26025984,1 W Belcher Ave,Atwater,95348,290000,,,,54886,,Vacant Land,Active,2026-02-04,37.338472,-120.544579,https://www.redfin.com/CA/Atwater/1-W-Belcher-Ave-95301/home/200353831,redfin
2026-09-20,mls:226114978,101 Manzanita Dr,Atwater,95301,379900,4,2,1876,8019,1985,Single Family Residential,Active,2026-09-17,37.364388,-120.5960439,https://www.redfin.com/CA/Atwater/101-Manzanita-Dr-95301/home/19669071,redfin
2026-09-20,mls:MC26185791,1020 Prince William Ct,Atwater,95301,1250000,5,4.5,3632,43560,2026,Single Family Residential,Active,2026-08-24,37.3025539,-120.5839977,https://www.redfin.com/CA/Atwater/1020-Prince-William-Ct-95301/home/168648013,redfin
2026-09-20,mls:MC26125479,10366 Rose,Atwater,95301,813500,2,2,,1045440,,Vacant Land,Active,2026-06-09,37.324381,-120.675708,https://www.redfin.com/CA/Atwater/10366-Rose-Ave-95301/home/187905845,redfin
2026-09-20,mls:224602563,10511 White Crane Rd,Atwater,95301,1195950,,,,1751112,,Vacant Land,Active,2026-06-02,37.3160829,-120.6786226,https://www.redfin.com/CA/Atwater/10511-White-Crane-Rd-95301/home/182992353,redfin
2026-09-20,mls:MC26184825,111 Pacemaker,Atwater,95301,374999,3,2,1530,7264,1975,Single Family Residential,Active,2026-08-25,37.3532969,-120.5953379,https://www.redfin.com/CA/Atwater/111-Pacemaker-Dr-95301/home/19706647,redfin
2026-09-20,mls:MC26040384,1160 Oak Ave,Atwater,95301,325000,4,2,1595,8201,1951,Single Family Residential,Active,2026-02-23,37.3556208,-120.6030817,https://www.redfin.com/CA/Atwater/1160-Oak-Ave-95301/home/19708945,redfin
2026-09-20,mls:ML82057518,1170 Spruce,Atwater,95301,370000,3,2,1481,6240,1957,Single Family Residential,Active,2026-08-12,37.3589015,-120.6042608,https://www.redfin.com/CA/Atwater/1170-Spruce-Ave-95301/home/19709053,redfin
2026-09-20,mls:MC26203442,1291 Spruce,Atwater,95301,375000,3,2,1226,7475,1955,Single Family Residential,Active,2026-09-16,37.3590269,-120.6058987,https://www.redfin.com/CA/Atwater/1291-Spruce-Ave-95301/home/19708693,redfin
2026-09-20,mls:MC26115028,1319 3rd St,Atwater,95301,349900,3,1,1356,7321,1920,Single Family Residential,Active,2026-07-07,37.3485144,-120.608288,https://www.redfin.com/CA/Atwater/1319-3rd-St-95301/home/19708365,redfin
2026-09-20,mls:MC26198555,134 E Fir,Atwater,95301,295000,3,2,1425,10969,1959,Single Family Residential,Active,2026-09-10,37.3457031,-120.5946928,https://www.redfin.com/CA/Atwater/134-E-Fir-Ave-95301/home/19706101,redfin
2026-09-20,mls:MC26087176,136 Seville Ct,Atwater,95301,58000,2,1,672,,1980,Mobile/Manufactured Home,Active,2026-04-22,37.3413116,-120.5881367,https://www.redfin.com/CA/Atwater/136-Seville-Ct-95301/home/19655417,redfin
2026-09-20,mls:MC26186737,1371 Shady Cove Ave,Atwater,95301,265000,,,,43655,,Vacant Land,Active,2026-08-25,37.3074557,-120.5915332,https://www.redfin.com/CA/Atwater/1371-Shady-Cove-Ave-95301/home/168647928,redfin
2026-09-20,mls:ML82058659,1405 Tamarack Ave,Atwater,95301,325000,3,2,1386,8075,1955,Single Family Residential,Active,2026-08-21,37.3595332,-120.6073025,https://www.redfin.com/CA/Atwater/1405-Tamarack-Ave-95301/home/19708185,redfin
2026-09-20,mls:MC26164246,1420 Fairway,Atwater,95301,475000,4,2,1997,8993,1997,Single Family Residential,Active,2026-08-13,37.3453742,-120.5855426,https://www.redfin.com/CA/Atwater/1420-Fairway-Dr-95301/home/19705775,redfin
2026-09-20,mls:MC26183256,1428 Vine Cir,Atwater,95301,330000,3,1.5,1216,2880,1990,Single Family Residential,Active,2026-09-02,37.3539283,-120.6210143,https://www.redfin.com/CA/Atwater/1428-Vine-Cir-95301/home/19659569,redfin
2026-09-20,mls:MC26196306,1453 Augusta,Atwater,95301,495000,4,2,1964,7492,2001,Single Family Residential,Active,2026-09-10,37.3418612,-120.5792132,https://www.redfin.com/CA/Atwater/1453-Augusta-Ln-95301/home/19665042,redfin
2026-09-20,mls:MC26191754,1463 Juniper Ave,Atwater,95301,319000,3,1,1306,8724,1951,Single Family Residential,Active,2026-09-11,37.3544585,-120.6076816,https://www.redfin.com/CA/Atwater/1463-Juniper-Ave-95301/home/19709001,redfin
2026-09-20,mls:MC26136421,1501 Drakeley,Atwater,95301,297699,2,1,757,7116,1928,Single Family Residential,Active,2026-06-22,37.349514,-120.6110231,https://www.redfin.com/CA/Atwater/1501-Drakeley-Ave-95301/home/21887227,redfin
2026-09-20,mls:226107316,1505 Jorgensen St,Atwater,95301,389000,3,2,1333,6878,1956,Single Family Residential,Active,2026-08-26,37.3460862,-120.5935394,https://www.redfin.com/CA/Atwater/1505-Jorgensen-St-95301/home/19707009,redfin
2026-09-20,mls:226084471,1522 Vine Cir,Atwater,95301,349900,3,1.5,1216,2879,1990,Single Family Residential,Active,2026-07-07,37.3538377,-120.6212607,https://www.redfin.com/CA/Atwater/1522-Vine-Cir-95301/home/19650770,redfin
2026-09-20,mls:MC26178733,1527 Underwood,Atwater,95301,399000,3,2,1543,9005,1957,Single Family Residential,Active,2026-08-14,37.3598418,-120.6095756,https://www.redfin.com/CA/Atwater/1527-Underwood-Ave-95301/home/19708162,redfin
2026-09-20,mls:MC26176577,1536 Fir Ave,Atwater,95301,299999,3,2,1002,7232,1954,Single Family Residential,Active,2026-08-13,37.3509088,-120.6104503,https://www.redfin.com/CA/Atwater/1536-Fir-Ave-95301/home/19707972,redfin
2026-09-20,mls:MC26172461,160 Jeanna Ct,Atwater,95301,694999,4,3,2678,11325,2026,Single Family Residential,Active,2026-08-06,37.372538,-120.5937848,https://www.redfin.com/CA/Atwater/160-Jeanna-Ct-95301/home/28952238,redfin
2026-09-20,mls:MC26161061,1625 Osborn Ter,Atwater,95301,392000,3,2,1346,6628,1960,Single Family Residential,Active,2026-08-09,37.3476363,-120.5929879,https://www.redfin.com/CA/Atwater/1625-Osborn-Ter-95301/home/19707368,redfin
2026-09-20,mls:226109198,1694 Elm Ave,Atwater,95301,340000,2,2,806,6765,1938,Single Family Residential,Active,2026-08-28,37.350644,-120.6124198,https://www.redfin.com/CA/Atwater/1694-Elm-Ave-95301/home/19708326,redfin
2026-09-20,mls:CV26135510,171 ATWATER #29,Atwater,95301,120000,3,2,1390,,1989,Mobile/Manufactured Home,Active,2026-06-21,37.341906,-120.596759,https://www.redfin.com/CA/Atwater/171-Atwater-Blvd-95301/unit-29/home/19654911,redfin
2026-09-20,mls:MC26093531,1800 2nd,Atwater,95301,549900,3,2,1802,15153,1951,Single Family Residential,Active,2026-05-05,37.3519828,-120.6042363,https://www.redfin.com/CA/Atwater/1800-2nd-St-95301/home/161299203,redfin
2026-09-20,mls:FR26204431,1814 White Pines Ct,Atwater,95301,495000,3,2,1705,6956,2001,Single Family Residential,Active,2026-09-18,37.3413279,-120.5781118,https://www.redfin.com/CA/Atwater/1814-White-Pines-Ct-95301/home/19665151,redfin
2026-09-20,mls:MC25219261,1831 Olive Ave,Atwater,95301,325000,1,1,280,13778,1940,Single Family Residential,Active,2025-10-29,37.3493071,-120.6148542,https://www.redfin.com/CA/Atwater/1831-Olive-Ave-95301/home/19709352,redfin
2026-09-20,mls:MC26202224,1873 Grove Ave,Atwater,95301,995000,70,7,4642,14496,1979,Multi-Family (5+ Unit),Active,2026-09-15,37.3536168,-120.613139,https://www.redfin.com/CA/Atwater/1873-Grove-Ave-95301/home/19708355,redfin
2026-09-20,mls:MC24152023,1883 Sycamore Ave,Atwater,95301,650000,,,,52272,,Vacant Land,Active,2024-07-24,37.3469,-120.617299,https://www.redfin.com/CA/Atwater/1883-Sycamore-Ave-95301/home/21156099,redfin
2026-09-20,mls:MC26184580,190 Kadota,Atwater,95301,450000,3,2,1709,7350,1979,Single Family Residential,Active,2026-08-22,37.350776,-120.59799,https://www.redfin.com/CA/Atwater/190-Kadota-Ave-95301/home/19706882,redfin
2026-09-20,mls:MC26147011,1917 Shasta,Atwater,95301,475000,4,2,1841,6397,2007,Single Family Residential,Active,2026-07-07,37.3467111,-120.6242317,https://www.redfin.com/CA/Atwater/1917-Shasta-Dr-95301/home/19652770,redfin
2026-09-20,mls:MC26136462,1971 Mitchell,Atwater,95301,240000,1,1,576,4262,1947,Single Family Residential,Active,2026-06-22,37.3530587,-120.6152921,https://www.redfin.com/CA/Atwater/1971-Mitchell-St-95301/home/19709243,redfin
2026-09-20,mls:MC26089924,2 Rancho Grande Cir,Atwater,95301,132000,2,2,864,,2019,Mobile/Manufactured Home,Active,2026-04-25,37.340844,-120.588071,https://www.redfin.com/CA/Atwater/2-Rancho-Grande-Cir-95301/home/185794860,redfin
2026-09-20,mls:MC26025317,2 W Belcher Ave Ave,Atwater,95348,275000,,,,44431,,Vacant Land,Active,2026-02-04,37.338379,-120.543985,https://www.redfin.com/CA/Atwater/2-W-Belcher-Ave-95301/home/200350163,redfin
2026-09-20,mls:cmrzhhmi800u1s601lhzf835k,2001 Eucalyptus St,Atwater,95301,300000,3,2,1263,,1970,Unknown,Active,2026-07-24,37.3525738,-120.6015444,https://www.redfin.com/CA/Atwater/2001-Eucalyptus-St-95301/home/19707873,redfin
2026-09-20,mls:MC26141326,2024 De La Vina Ct,Atwater,95301,489000,3,2,1728,6540,2024,Single Family Residential,Active,2026-06-29,37.3482248,-120.5689736,https://www.redfin.com/CA/Atwater/2024-De-la-Vina-Ct-95301/home/28947790,redfin
2026-09-20,mls:226092977,2039 Cambridge Dr,Atwater,95301,924950,4,2.5,2011,43560,1979,Single Family Residential,Active,2026-07-23,37.3172155,-120.5852308,https://www.redfin.com/CA/Atwater/2039-Cambridge-Dr-95301/home/19706483,redfin
2026-09-20,mls:226068921,2275 5th St,Atwater,95301,449000,3,2.5,1981,9561,1955,Single Family Residential,Active,2026-06-03,37.3566224,-120.6062774,https://www.redfin.com/CA/Atwater/2275-5th-St-95301/home/19709061,redfin
2026-09-20,mls:MC25147391,2294 Olive Ave,Atwater,95301,55000,8,4,,13966,,Vacant Land,Active,2025-07-01,37.3514598,-120.6208716,https://www.redfin.com/CA/Atwater/2294-Olive-Ave-95301/home/19709111,redfin
2026-09-20,mls:MC26114023,2350 Angelus Ct,Atwater,95301,439900,3,2,1609,12070,1976,Single Family Residential,Active,2026-06-09,37.3576477,-120.614814,https://www.redfin.com/CA/Atwater/2350-Angelus-Ct-95301/home/19708819,redfin
2026-09-20,mls:MC26051388,2355 Atwater Blvd Spc 22,Atwater,95301,55000,3,2,840,,2016,Mobile/Manufactured Home,Active,2026-03-11,37.3507817,-120.6214714,https://www.redfin.com/CA/Atwater/2355-Atwater-Blvd-95301/unit-22/home/172361410,redfin
2026-09-20,mls:cmtj7o0m6031rs6013ev0ioz8,2412 Brodalski St,Atwater,95301,410000,3,2,1840,,1981,Unknown,Active,2026-09-01,37.3606617,-120.6193387,https://www.redfin.com/CA/Atwater/2412-Brodalski-St-95301/home/19669346,redfin
2026-09-20,mls:MC26183608,2480 Boulder Dr,Atwater,95301,535000,4,2,2060,8472,2008,Single Family Residential,Active,2026-08-21,37.3573351,-120.5866815,https://www.redfin.com/CA/Atwater/2480-Boulder-Dr-95301/home/19651866,redfin
2026-09-20,mls:MC26204586,2484 Sierra Springs Ct,Atwater,95301,275000,,,,43560,,Vacant Land,Active,2026-09-18,37.3237013,-120.5916941,https://www.redfin.com/CA/Atwater/2484-Sierra-Springs-Ct-95301/home/28946843,redfin
2026-09-20,mls:MC26163242,249 Live Oak,Atwater,95301,465000,4,2,1876,10445,1989,Single Family Residential,Active,2026-07-27,37.3674341,-120.5979875,https://www.redfin.com/CA/Atwater/249-Live-Oak-Dr-95301/home/19669122,redfin
2026-09-20,mls:226095283,2755 Atwater Blvd Unit G,Atwater,95301,59000,2,1,601,,1977,Mobile/Manufactured Home,Active,2026-07-29,37.3530085,-120.6278709,https://www.redfin.com/CA/Atwater/2755-Atwater-Blvd-95301/unit-G/home/191959108,redfin
2026-09-20,mls:MC26152667,2850 Woodbury Ct,Atwater,95301,799901,3,2,1863,47916,1989,Single Family Residential,Active,2026-07-17,37.3292323,-120.5823632,https://www.redfin.com/CA/Atwater/2850-Woodbury-Ct-95301/home/19705301,redfin
2026-09-20,mls:MC26118530,2869 Hillcrest St,Atwater,95301,439000,3,2,1623,6819,1974,Single Family Residential,Active,2026-07-02,37.3620778,-120.6103928,https://www.redfin.com/CA/Atwater/2869-Hillcrest-St-95301/home/19669067,redfin
2026-09-20,mls:226085476,290 E Grove,Atwater,95301,359900,4,2,1367,7932,1961,Single Family Residential,Active,2026-09-19,37.3464944,-120.5919392,https://www.redfin.com/CA/Atwater/290-E-Grove-Ave-95301/home/19706119,redfin
2026-09-20,mls:226115010,2914 Winners Cir,Atwater,95301,364988,3,2,1400,7431,1981,Single Family Residential,Active,2026-09-18,37.362913,-120.5795607,https://www.redfin.com/CA/Atwater/2914-Winners-Cir-95301/home/19668485,redfin
2026-09-20,mls:226040410,3196 Heather Glen Ln,Atwater,95301,200000,,,,52272,,Vacant Land,Active,2026-09-12,37.3672231,-120.6019773,https://www.redfin.com/CA/Atwater/3196-Heather-Glen-Ln-95301/home/28947254,redfin
2026-09-20,mls:MC26202908,3207 Manzanita,Atwater,95301,479000,4,2,1876,6000,1989,Single Family Residential,Active,2026-09-17,37.3672547,-120.600526,https://www.redfin.com/CA/Atwater/3207-Manzanita-Dr-95301/home/19668930,redfin
2026-09-20,mls:MC26122925,3347 Stacey Ct,Atwater,95301,350000,4,2,1559,7446,1980,Single Family Residential,Active,2026-06-15,37.3672189,-120.6235651,https://www.redfin.com/CA/Atwater/3347-Stacey-Ct-95301/home/19670102,redfin
2026-09-20,mls:MC26200202,3369 Lighthouse Ct,Atwater,95301,525000,4,3,2442,7187,1991,Single Family Residential,Active,2026-09-12,37.3690061,-120.5986042,https://www.redfin.com/CA/Atwater/3369-Lighthouse-Ct-95301/home/19668649,redfin
2026-09-20,mls:MC26187134,3370 Harness Dr,Atwater,95301,539900,4,2.5,2375,6800,2006,Single Family Residential,Active,2026-08-27,37.3697202,-120.6002666,https://www.redfin.com/CA/Atwater/3370-Harness-Dr-95301/home/19658536,redfin
2026-09-20,mls:MC26061429,3379 Lighthouse Ct,Atwater,95301,249900,,,,7790,,Vacant Land,Active,2026-03-20,37.3691893,-120.5986279,https://www.redfin.com/CA/Atwater/3379-Lighthouse-Ct-95301/home/200957298,redfin
2026-09-20,mls:MC26102154,3650 Santa Fe,Atwater,95301,399000,,,,121968,,Vacant Land,Active,2026-05-11,37.3415852,-120.5414649,https://www.redfin.com/CA/Atwater/3650-N-Santa-Fe-Ave-95301/home/19655352,redfin
2026-09-20,mls:226111837,456 Elm,Atwater,95301,320000,3,1,1299,7649,1952,Single Family Residential,Active,2026-09-04,37.3457724,-120.5996582,https://www.redfin.com/CA/Atwater/456-Elm-Ave-95301/home/19707284,redfin
2026-09-20,mls:MC25260738,474 Aaron Ct,Atwater,95301,699900,4,3,2412,11000,2025,Single Family Residential,Active,2025-11-14,37.373416,-120.6014311,https://www.redfin.com/CA/Atwater/474-Aaron-Ct-95301/home/28947469,redfin
2026-09-20,mls:MC26146741,485 Windmill Ct,Atwater,95301,565000,4,2.5,2297,7079,2017,Single Family Residential,Active,2026-07-06,37.3703282,-120.6015627,https://www.redfin.com/CA/Atwater/485-Windmill-Ct-95301/home/28947233,redfin
2026-09-20,mls:MC25225932,4910-4910 Clover Ave,Atwater,95301,1100000,,,,125463,,Vacant Land,Active,2025-09-25,37.336971,-120.5754416,https://www.redfin.com/CA/Atwater/4910-Clover-Ave-95301/home/21627334,redfin
2026-09-20,mls:226108306,5200 Crest #49,Atwater,95301,109990,3,2,900,,2026,Mobile/Manufactured Home,Active,2026-08-27,37.3628637,-120.585355,https://www.redfin.com/CA/Atwater/5200-Crest-Rd-95301/unit-49/home/19655596,redfin
2026-09-20,mls:MC26154508,5200 Crest Rd #91,Atwater,95301,72999,3,1,828,,1979,Mobile/Manufactured Home,Active,2026-07-15,37.3628637,-120.585355,https://www.redfin.com/CA/Atwater/5200-Crest-Rd-95301/unit-91/home/168650464,redfin
2026-09-20,mls:226113413,6176 Fleming Rd,Atwater,95301,750000,7,6,1628,33572,2006,Multi-Family (2-4 Unit),Active,2026-09-18,37.3337342,-120.5989235,https://www.redfin.com/CA/Atwater/6176-Fleming-Rd-95301/home/19684469,redfin
2026-09-20,mls:226112186,701 Palmer Pl,Atwater,95301,409900,3,2,1553,6172,1999,Single Family Residential,Active,2026-09-07,37.3385783,-120.5847579,https://www.redfin.com/CA/Atwater/701-Palmer-Pl-95301/home/19705383,redfin
2026-09-20,mls:MC26096434,729 Mulberry Ave,Atwater,95301,395000,3,2,1692,7800,1957,Single Family Residential,Active,2026-05-04,37.353723,-120.5996942,https://www.redfin.com/CA/Atwater/729-Mulberry-Ave-95301/home/19707210,redfin
2026-09-20,mls:MC26187985,75 Rancho Grande Cir,Atwater,95301,90000,3,2,1080,,1986,Mobile/Manufactured Home,Active,2026-08-29,37.3432533,-120.5869225,https://www.redfin.com/CA/Atwater/75-Rancho-Grande-Cir-95301/home/19655409,redfin
2026-09-20,mls:MC26180099,8191 Sunset,Atwater,95301,689000,3,2.5,2236,47916,1967,Single Family Residential,Active,2026-08-17,37.3381526,-120.636439,https://www.redfin.com/CA/Atwater/8191-Sunset-Dr-95301/home/19684176,redfin
2026-09-20,mls:MC26197829,8753 Rose Ave,Atwater,95301,78000,4,2,1452,1000,1998,Mobile/Manufactured Home,Active,2026-09-15,37.3220994,-120.6458582,https://www.redfin.com/CA/Atwater/8753-Rose-Ave-95301/home/172361425,redfin
2026-09-20,mls:226116132,8766 Longview Rd,Atwater,95301,1250000,3,2,1901,548856,1978,Single Family Residential,Active,2026-09-16,37.3534837,-120.6469987,https://www.redfin.com/CA/Atwater/8766-Longview-Rd-95301/home/196422114,redfin
2026-09-20,mls:653895,920 Travertine Way,Atwater,95301,505000,4,3,2310,6298,2017,Single Family Residential,Active,2026-08-31,37.356139,-120.5850406,https://www.redfin.com/CA/Atwater/920-Travertine-Way-95301/home/28947812,redfin
2026-09-20,mls:225082922,0 - 1/2 E Mission Ave,Merced,95341,2812500,,,,980100,,Vacant Land,Active,2025-06-21,37.273919,-120.4849237,https://www.redfin.com/CA/Merced/1-E-Mission-Ave-95341/home/196148474,redfin
2026-09-20,mls:MC26188109,0 Cabot Ave,Merced,95348,105000,,,,7440,,Vacant Land,Active,2026-08-27,37.31748,-120.524582,https://www.redfin.com/CA/Merced/Cabot-Ave-95348/home/205219350,redfin
2026-09-20,mls:MC26156234,0 Dunn Rd,Merced,95340,185000,,,,68824,,Vacant Land,Active,2026-07-31,37.34006,-120.435579,https://www.redfin.com/CA/Merced/Dunn-Rd-95340/home/104256713,redfin
2026-09-20,mls:MC25255724,0 E North Bear Creek Dr,Merced,95340,2280000,,,,162043,,Vacant Land,Active,2025-11-07,37.3098622,-120.4690825,https://www.redfin.com/CA/Merced/0-E-North-Bear-Creek-Dr-95340/home/198946738,redfin
2026-09-20,mls:MC26187045,0 Franklin Rd,Merced,95348,749900,,,,20817,,Vacant Land,Active,2026-08-26,37.323221,-120.540449,https://www.redfin.com/CA/Merced/Franklin-Rd-95348/home/104246777,redfin
2026-09-20,mls:MC25135004,0 Henry St,Merced,95341,1870000,,,,651657,,Vacant Land,Active,2025-06-17,37.270386,-120.450522,https://www.redfin.com/CA/Merced/Henry-St-95341/home/196428748,redfin
2026-09-20,mls:MC25253995,0 Kibby,Merced,95340,222000,,,,43560,,Vacant Land,Active,2025-11-05,37.3052,-120.414692,https://www.redfin.com/CA/Merced/Kibby-Rd-95340/home/198874981,redfin
2026-09-20,mls:MC26181963,0 Massasso,Merced,95348,125000,,,,13860,,Vacant Land,Active,2026-08-23,37.297305,-120.514048,https://www.redfin.com/CA/Merced/Massasso-St-95341/home/40000091,redfin
2026-09-20,mls:MC25134922,0 Mission Ave,Merced,95341,2812500,,,,980100,,Vacant Land,Active,2025-06-17,37.2732983,-120.4858775,https://www.redfin.com/CA/Merced/0-E-Mission-Ave-95341/home/196428730,redfin
2026-09-20,mls:MC26182133,0 S P St,Merced,95340,150000,,,,74052,,Vacant Land,Active,2026-08-19,37.2881933,-120.498403,https://www.redfin.com/CA/Merced/0-S-P-St-95341/home/204651464,redfin
2026-09-20,mls:MC21265605,0 Stretch St,Merced,95340,2650000,,,,1785960,,Vacant Land,Active,2022-01-19,37.298527,-120.444069,https://www.redfin.com/CA/Merced/Stretch-Rd-95340/home/40000310,redfin
2026-09-20,mls:648773,0 Thorton Rd,Merced,95341,920000,0,,,1001880,,Ranch,Active,2026-05-13,37.288299,-120.5235747,https://www.redfin.com/CA/Merced/0-Thornton-Rd-95341/home/201832321,redfin
2026-09-20,mls:MC25117690,0 Vassar Ave,Merced,95341,1488000,,,,864230,,Vacant Land,Active,2025-06-13,37.2659362,-120.487877,https://www.redfin.com/CA/Merced/0-Vassar-Ave-95341/home/179519741,redfin
2026-09-20,mls:MC25117743,0-1/2 Henry St,Merced,95341,1473000,,,,855518,,Vacant Land,Active,2025-06-13,37.267067,-120.450494,https://www.redfin.com/CA/Merced/0-1-2-Henry-St-95341/home/196428747,redfin
2026-09-20,mls:MC25259914,1 E N Bear Creek Dr,Merced,95340,3875000,,,,281398,,Vacant Land,Active,2025-11-13,37.3098622,-120.4690825,https://www.redfin.com/CA/Merced/1-E-North-Bear-Creek-Dr-95340/home/199064423,redfin
2026-09-20,mls:MC26115943,1004 W 13th,Merced,95341,250000,,,,7500,,Vacant Land,Active,2026-05-29,37.2996949,-120.4937475,https://www.redfin.com/CA/Merced/1004-W-13th-St-95341/home/28952923,redfin
2026-09-20,mls:226081831,1011 Oregon Dr,Merced,95340,540000,3,2,2028,14066,1968,Single Family Residential,Active,2026-06-26,37.3138592,-120.4591668,https://www.redfin.com/CA/Merced/1011-Oregon-Dr-95340/home/19703043,redfin
2026-09-20,mls:MC26187904,1012 Wyoming,Merced,95340,690000,4,3,3121,16250,1961,Single Family Residential,Active,2026-08-29,37.3103318,-120.4591887,https://www.redfin.com/CA/Merced/1012-Wyoming-Dr-95340/home/19702940,redfin
2026-09-20,mls:226113579,1013 - 1017 W Santa Fe Ave,Merced,95340,449900,2,1,720,6499,1960,Multi-Family (2-4 Unit),Active,2026-09-10,37.3116755,-120.4870991,https://www.redfin.com/CA/Merced/1017-W-Santa-Fe-Ave-95340/home/19693027,redfin
2026-09-20,mls:MC26180949,1052 Northwood,Merced,95348,428000,4,2,1534,8628,1972,Single Family Residential,Active,2026-08-19,37.3159149,-120.4856132,https://www.redfin.com/CA/Merced/1052-Northwood-Dr-95348/home/19701776,redfin
2026-09-20,mls:MC26117150,1055 Lees Ct,Merced,95340,434991,3,2,1656,9077,1972,Single Family Residential,Active,2026-05-29,37.3203274,-120.4585027,https://www.redfin.com/CA/Merced/1055-Lees-Ct-95340/home/19704425,redfin
2026-09-20,mls:MC26188514,1065 Mallard,Merced,95340,459999,3,2,1824,5998,2002,Single Family Residential,Active,2026-08-27,37.3367597,-120.4589052,https://www.redfin.com/CA/Merced/1065-Mallard-Dr-95340/home/19661701,redfin
2026-09-20,mls:MC26198295,1068 Kiwi Ct,Merced,95340,475000,3,2,1591,6001,2002,Single Family Residential,Active,2026-09-10,37.3370358,-120.4590921,https://www.redfin.com/CA/Merced/1068-Kiwi-Ct-95340/home/19661176,redfin
2026-09-20,mls:MC26173032,1075 Martin Luther King Jr,Merced,95341,649000,,,,37622,,Vacant Land,Active,2026-08-10,37.2939687,-120.484676,https://www.redfin.com/CA/Merced/1075-Martin-Luther-King-Junior-Way-95341/home/196040546,redfin
2026-09-20,mls:MC26199692,1076 E Estancia Dr,Merced,95348,285000,,,,43560,,Vacant Land,Active,2026-09-11,37.3736192,-120.4669637,https://www.redfin.com/CA/Merced/1076-E-Estancia-Dr-95340/home/168647417,redfin
2026-09-20,mls:MC26174826,1111 E Donna Dr,Merced,95340,499900,3,2,1752,6909,1989,Single Family Residential,Active,2026-08-10,37.3287346,-120.457712,https://www.redfin.com/CA/Merced/1111-E-Donna-Dr-95340/home/19703890,redfin
2026-09-20,mls:MC26050732,1134 Puerto Vallarta Ct,Merced,95348,450000,5,3,2250,5401,2002,Single Family Residential,Active,2026-03-08,37.32734,-120.4877533,https://www.redfin.com/CA/Merced/1134-Puerto-Vallarta-Ct-95348/home/19681832,redfin
2026-09-20,mls:MC26133604,115 W 19th,Merced,95340,299999,2,1,1014,7500,1915,Single Family Residential,Active,2026-06-18,37.3015764,-120.4764496,https://www.redfin.com/CA/Merced/115-W-19th-St-95340/home/19691911,redfin
2026-09-20,mls:MC26171548,1163 W 25th,Merced,95340,399999,3,2,1772,9409,1956,Single Family Residential,Active,2026-08-05,37.3134377,-120.4891296,https://www.redfin.com/CA/Merced/1163-W-25th-St-95340/home/19692191,redfin
2026-09-20,mls:MC26116262,1175 Evening Star,Merced,95348,454000,4,2.5,2023,6720,2005,Single Family Residential,Active,2026-06-10,37.3390078,-120.4899652,https://www.redfin.com/CA/Merced/1175-Evening-Star-Dr-95348/home/19658721,redfin
2026-09-20,mls:226098023,1179 Crescent Dr,Merced,95348,459000,4,4,3545,6704,2005,Single Family Residential,Active,2026-08-04,37.3379097,-120.4894157,https://www.redfin.com/CA/Merced/1179-Crescent-Dr-95348/home/19657584,redfin
2026-09-20,mls:226072996,118 Mcgregor,Merced,95341,295000,3,1,1064,3585,1947,Single Family Residential,Active,2026-06-15,37.2868171,-120.502523,https://www.redfin.com/CA/Merced/118-McGregor-St-95341/home/19681662,redfin
2026-09-20,mls:226076514,12 E San Clemente Dr,Merced,95341,365000,3,2,1313,6325,2003,Single Family Residential,Active,2026-07-22,37.2794952,-120.4818857,https://www.redfin.com/CA/Merced/12-E-San-Clemente-Dr-95341/home/19659458,redfin
2026-09-20,mls:MC26125121,1210 G St,Merced,95341,125000,,,,5010,,Vacant Land,Active,2026-06-08,37.2934266,-120.4784941,https://www.redfin.com/CA/Merced/1210-G-St-95341/home/40001457,redfin
2026-09-20,mls:226107490,1216 Brookdale Dr,Merced,95340,399000,3,2,1813,7701,1976,Single Family Residential,Active,2026-08-26,37.3214384,-120.4579621,https://www.redfin.com/CA/Merced/1216-Brookdale-Dr-95340/home/19703487,redfin
2026-09-20,mls:41148492,1223 W Santa Fe Ave,Merced,95340,289000,3,1,1044,7800,1956,Single Family Residential,Active,2026-09-16,37.3128635,-120.4902929,https://www.redfin.com/CA/Merced/1223-W-Santa-Fe-Ave-95340/home/19691310,redfin
2026-09-20,mls:MC26183039,1228 Wildcat Dr,Merced,95348,429000,4,2,1727,5000,2018,Single Family Residential,Active,2026-08-21,37.3379631,-120.4923012,https://www.redfin.com/CA/Merced/1228-Wildcat-Dr-95348/home/28947278,redfin
2026-09-20,mls:MC26084287,1247 Aspen,Merced,95340,305000,3,2.5,1293,2778,1989,Townhouse,Active,2026-05-29,37.3182302,-120.4570592,https://www.redfin.com/CA/Merced/1247-Aspen-St-95340/home/19703625,redfin
2026-09-20,mls:MC26165216,1248 W 9th,Merced,95341,399999,,,,15000,,Vacant Land,Active,2026-07-31,37.2970535,-120.4997506,https://www.redfin.com/CA/Merced/1248-W-9th-St-95341/home/161268254,redfin
2026-09-20,mls:MC26158013,125 N Parsons,Merced,95341,600000,,,,95832,,Vacant Land,Active,2026-07-24,37.289108,-120.452237,https://www.redfin.com/CA/Merced/125-N-Parsons-Ave-95341/home/19686748,redfin
2026-09-20,mls:MC26118642,1254 Lurs Ct,Merced,95348,557500,4,3,2943,7797,2006,Single Family Residential,Active,2026-06-01,37.3395893,-120.4934844,https://www.redfin.com/CA/Merced/1254-Lurs-Ct-95348/home/19651737,redfin
2026-09-20,mls:SR26155316,1255 Carol,Merced,95341,212520,2,1,878,10659,1945,Single Family Residential,Active,2026-07-16,37.2911539,-120.4547374,https://www.redfin.com/CA/Merced/1255-Carol-Ave-95341/home/19687416,redfin
2026-09-20,mls:8595DE3FC6C7,126 Sugar Creek Ln,Merced,95341,399990,3,2,1230,,2026,Single Family Residential,Active,2026-06-25,37.286017,-120.430897,https://www.redfin.com/CA/Merced/126-Sugar-Creek-Ln-95341/home/196422602,redfin
2026-09-20,mls:MC26147340,126 Sugar Creek Ln Unit 144 S2,Merced,95341,409490,3,2,1230,5237,2026,Single Family Residential,Active,2026-07-07,37.286017,-120.430897,https://www.redfin.com/CA/Merced/126-Sugar-Creek-Ln-95341/unit-144-S2/home/202672067,redfin
2026-09-20,mls:41146671,1280 Dodd Ct,Merced,95341,390000,3,2,1136,9854,1958,Single Family Residential,Active,2026-08-30,37.2940166,-120.4596405,https://www.redfin.com/CA/Merced/1280-Dodd-Ct-95341/home/19687216,redfin
2026-09-20,mls:MC26184070,1300 Kensington,Merced,95340,399000,4,2,2177,6989,1971,Single Family Residential,Active,2026-08-23,37.3190089,-120.4562675,https://www.redfin.com/CA/Merced/1300-Kensington-Dr-95340/home/19704619,redfin
2026-09-20,mls:MC26157505,1338 Christopher,Merced,95340,519000,4,3,1926,6991,2003,Single Family Residential,Active,2026-07-29,37.3370659,-120.4558575,https://www.redfin.com/CA/Merced/1338-Christopher-Dr-95340/home/19661258,redfin
2026-09-20,mls:MC26154596,1338 Hermosa,Merced,95348,420000,4,2.5,1637,2500,2022,Single Family Residential,Active,2026-07-25,37.3330789,-120.4964879,https://www.redfin.com/CA/Merced/1338-Hermosa-Dr-95348/home/28947375,redfin
2026-09-20,mls:MC26189958,134 Wonderland Trail Ln,Merced,95341,320000,2,2.5,1259,1649,2025,Townhouse,Active,2026-08-30,37.2759829,-120.480413,https://www.redfin.com/CA/Merced/134-Wonderland-Trail-Ln-95341/home/196426234,redfin
2026-09-20,mls:MC26169820,1370 Belmont,Merced,95348,399000,4,2.5,1793,3894,2007,Single Family Residential,Active,2026-08-10,37.3322996,-120.4978172,https://www.redfin.com/CA/Merced/1370-Belmont-Dr-95348/home/19654301,redfin
2026-09-20,mls:MC25269518,1375 Loughborough,Merced,95348,339000,3,2,1335,6015,1977,Single Family Residential,Active,2025-12-04,37.3236212,-120.4923658,https://www.redfin.com/CA/Merced/1375-Loughborough-Dr-95348/home/19682673,redfin
2026-09-20,mls:A8CD137BE674,139 Sugar Creek Ln,Merced,95341,389990,3,2,1230,,2026,Single Family Residential,Active,2026-06-04,37.285879,-120.431452,https://www.redfin.com/CA/Merced/139-Sugar-Creek-Ln-95341/home/196422619,redfin
2026-09-20,mls:MC26147392,139 Sugar Creek Ln Unit 158 S2,Merced,95341,402990,3,2,1230,5000,2026,Single Family Residential,Active,2026-07-07,37.285879,-120.431452,https://www.redfin.com/CA/Merced/139-Sugar-Creek-Ln-95341/unit-158-S2/home/202672361,redfin
2026-09-20,mls:MC26131391,1396 Belmont,Merced,95348,450000,4,2.5,2044,8244,2007,Single Family Residential,Active,2026-08-06,37.3322877,-120.4986726,https://www.redfin.com/CA/Merced/1396-Belmont-Dr-95348/home/19656137,redfin
2026-09-20,mls:226107956,1405 E 22nd St,Merced,95340,275000,3,2,1570,10624,1948,Single Family Residential,Active,2026-08-26,37.2980334,-120.45711,https://www.redfin.com/CA/Merced/1405-E-22nd-St-95340/home/19688065,redfin
2026-09-20,mls:MC26152644,1420 Q,Merced,95340,359000,2,1,739,3300,1888,Single Family Residential,Active,2026-07-19,37.3011937,-120.4924052,https://www.redfin.com/CA/Merced/1420-Q-St-95340/home/19691845,redfin
2026-09-20,mls:MC26194119,1430 Jackson Ct,Merced,95340,440000,4,2,1743,8109,1983,Single Family Residential,Active,2026-09-04,37.3069701,-120.4552671,https://www.redfin.com/CA/Merced/1430-Jackson-Ct-95340/home/19688693,redfin
2026-09-20,mls:4F1114110B6D,144 Sugar Creek Ln,Merced,95341,402990,3,2,1230,,2026,Single Family Residential,Active,2026-08-02,37.285743,-120.430897,https://www.redfin.com/CA/Merced/144-Sugar-Creek-Ln-95341/home/196422605,redfin
2026-09-20,mls:MC26169778,144 Sugar Creek Ln Unit 146 S2,Merced,95341,411490,3,2,1230,5237,2026,Single Family Residential,Active,2026-08-04,37.285743,-120.430897,https://www.redfin.com/CA/Merced/144-Sugar-Creek-Ln-95341/unit-146-S2/home/204345514,redfin
2026-09-20,mls:PW26187649,1445 San Simeon Ct,Merced,95348,550000,5,2.5,2374,8712,2003,Single Family Residential,Active,2026-09-12,37.3293642,-120.5020601,https://www.redfin.com/CA/Merced/1445-San-Simeon-Ct-95348/home/19657788,redfin
2026-09-20,mls:MC26187679,145 E 20th,Merced,95340,365000,3,2,1387,10500,1937,Single Family Residential,Active,2026-08-26,37.3009629,-120.4714669,https://www.redfin.com/CA/Merced/145-E-20th-St-95340/home/19688370,redfin
2026-09-20,mls:MC26139057,1456 Cameron Unit 1-4,Merced,95340,895500,6,4,2420,60984,1950,Multi-Family (2-4 Unit),Active,2026-06-29,37.3062067,-120.455665,https://www.redfin.com/CA/Merced/1456-Cameron-Ln-95340/unit-1-4/home/195049604,redfin
2026-09-20,mls:PTP2606984,1490 Cameron Ln,Merced,95340,225000,2,1,1008,85813,1920,Single Family Residential,Active,2026-09-15,37.306095,-120.4550565,https://www.redfin.com/CA/Merced/1490-Cameron-Ln-95340/home/19689404,redfin
2026-09-20,mls:MC26182786,1495 Davenport,Merced,95340,565000,5,2.5,2447,10670,2004,Single Family Residential,Active,2026-09-01,37.3391653,-120.4514234,https://www.redfin.com/CA/Merced/1495-Davenport-Dr-95340/home/19662192,redfin
2026-09-20,mls:MC26021538,15 E 22nd,Merced,95340,389999,3,2,1275,7500,1928,Single Family Residential,Active,2026-01-29,37.3036766,-120.4723446,https://www.redfin.com/CA/Merced/15-E-22nd-St-95340/home/19688184,redfin
2026-09-20,mls:MC26020247,1515 E Mission,Merced,95341,25000000,,,,100188,,Vacant Land,Active,2026-01-28,37.2736919,-120.4556914,https://www.redfin.com/CA/Merced/1515-E-Mission-Ave-95341/home/28953789,redfin
2026-09-20,mls:MC26053870,1525 La Sierra St,Merced,95348,380000,3,2,1482,4564,2007,Single Family Residential,Active,2026-03-11,37.3361477,-120.5021372,https://www.redfin.com/CA/Merced/1525-La-Sierra-St-95348/home/19650533,redfin
2026-09-20,mls:226109516,1528 W 9th St,Merced,95341,299999,3,1,1022,7501,1953,Single Family Residential,Active,2026-08-30,37.2987079,-120.5039731,https://www.redfin.com/CA/Merced/1528-W-9th-St-95341/home/19690419,redfin
2026-09-20,mls:MC26179416,1560 W 23rd,Merced,95340,485000,3,2,1184,8643,1953,Single Family Residential,Active,2026-08-17,37.3132768,-120.4966458,https://www.redfin.com/CA/Merced/1560-W-23rd-St-95340/home/19692739,redfin
2026-09-20,mls:MC26093833,1567-- 1573 Ellen Ct,Merced,95341,630000,32,16,3360,8077,1980,Multi-Family (2-4 Unit),Active,2026-05-19,37.2905282,-120.4537923,https://www.redfin.com/CA/Merced/1567-Ellen-Ct-95341/home/19686231,redfin
2026-09-20,mls:5682D2EA5AD7,157 Sugar Creek Ln,Merced,95341,404990,3,2,1230,,2026,Single Family Residential,Active,2026-07-02,37.285605,-120.431451,https://www.redfin.com/CA/Merced/157-Sugar-Creek-Ln-95341/home/196422617,redfin
2026-09-20,mls:MC26147358,157 Sugar Creek Ln Unit 156 S2,Merced,95341,414490,3,2,1230,5000,2026,Single Family Residential,Active,2026-07-07,37.285605,-120.431451,https://www.redfin.com/CA/Merced/157-Sugar-Creek-Ln-95341/unit-156-S2/home/202672141,redfin
2026-09-20,mls:226115574,1645 Rose Ave,Merced,95341,310000,3,1.5,986,5998,1951,Single Family Residential,Active,2026-09-15,37.2926887,-120.4609236,https://www.redfin.com/CA/Merced/1645-Rose-Ave-95341/home/19687580,redfin
2026-09-20,mls:225113378,1650 Bette St,Merced,95341,399000,3,1,1182,6800,1955,Multi-Family (2-4 Unit),Active,2025-09-25,37.2927086,-120.4563639,https://www.redfin.com/CA/Merced/1650-Bette-St-95341/home/19687274,redfin
2026-09-20,mls:653237,1657 Cypress Way,Merced,95341,425000,4,3,2546,2543,,Multi-Family (2-4 Unit),Active,2026-08-05,37.2938798,-120.4643555,https://www.redfin.com/CA/Merced/1657-Cypress-Way-95341/home/19687242,redfin
2026-09-20,mls:MC26098101,1670 W North Bear Crk,Merced,95348,230000,2,1.5,972,508,1984,Condo/Co-op,Active,2026-05-06,37.3095386,-120.5036708,https://www.redfin.com/CA/Merced/1670-W-North-Bear-Creek-Dr-95348/home/19682008,redfin
2026-09-20,mls:B5633E295B15,168 Sugar Creek Ln,Merced,95341,517490,5,3.5,2554,,2026,Single Family Residential,Active,2026-08-14,37.285468,-120.430896,https://www.redfin.com/CA/Merced/168-Sugar-Creek-Ln-95341/home/196422607,redfin
2026-09-20,mls:C63C6043A679,169 Sugar Creek Ln,Merced,95341,422990,4,2,1509,,2026,Single Family Residential,Active,2026-08-02,37.285467,-120.431451,https://www.redfin.com/CA/Merced/169-Sugar-Creek-Ln-95341/home/196422616,redfin
2026-09-20,mls:MC26169808,169 Sugar Creek Ln Unit 155 S2,Merced,95341,434490,4,2,1509,5000,2026,Single Family Residential,Active,2026-08-04,37.285467,-120.431451,https://www.redfin.com/CA/Merced/169-Sugar-Creek-Ln-95341/unit-155-S2/home/204345666,redfin
2026-09-20,mls:709A300631F6,172 Sugar Creek Ln,Merced,95341,467490,4,3,1842,,2026,Single Family Residential,Active,2026-08-14,37.285331,-120.430896,https://www.redfin.com/CA/Merced/172-Sugar-Creek-Ln-95341/home/196422608,redfin
2026-09-20,mls:466936FB0DD2,173 Sugar Creek Ln,Merced,95341,402990,3,2,1230,,2026,Single Family Residential,Active,2026-08-02,37.28533,-120.431451,https://www.redfin.com/CA/Merced/173-Sugar-Creek-Ln-95341/home/196422615,redfin
2026-09-20,mls:MC26169793,173 Sugar Creek Ln Unit 154 S2,Merced,95341,411490,3,2,1230,5237,2026,Single Family Residential,Active,2026-08-04,37.28533,-120.431451,https://www.redfin.com/CA/Merced/173-Sugar-Creek-Ln-95341/unit-154-S2/home/204345595,redfin
2026-09-20,mls:MC26125253,1744 Wildwood Ct,Merced,95340,479000,4,2,1920,6200,1977,Single Family Residential,Active,2026-06-09,37.31414,-120.4499462,https://www.redfin.com/CA/Merced/1744-Wildwood-Ct-95340/home/19701174,redfin
2026-09-20,mls:MC26026210,1754 Merced,Merced,95341,229900,2,2,1004,1011,1988,Condo/Co-op,Active,2026-02-04,37.2910389,-120.4557599,https://www.redfin.com/CA/Merced/1754-Merced-Ave-95341/home/19686738,redfin
2026-09-20,mls:MC26167368,178 La Purisima Ct,Merced,95341,365000,4,2,1511,5094,2003,Single Family Residential,Active,2026-07-31,37.2780743,-120.4849678,https://www.redfin.com/CA/Merced/178-La-Purisima-Ct-95341/home/19661588,redfin
2026-09-20,mls:MC26179624,1780 W 8th,Merced,95341,415000,4,2,1099,9384,1960,Single Family Residential,Active,2026-08-17,37.2979996,-120.5065563,https://www.redfin.com/CA/Merced/1780-W-8th-St-95341/home/19681858,redfin
2026-09-20,mls:226069650,179 Sullivan Dr,Merced,95348,395000,4,2.5,1737,2452,2021,Single Family Residential,Active,2026-06-02,37.345954,-120.4708116,https://www.redfin.com/CA/Merced/179-Sullivan-Dr-95348/home/28949071,redfin
2026-09-20,mls:MC26123870,18 Squaw Valley Ct,Merced,95341,456100,4,3,1750,6432,2026,Single Family Residential,Active,2026-06-07,37.2849016,-120.4302551,https://www.redfin.com/CA/Merced/18-Squaw-Valley-Dr-95341/home/202168592,redfin
2026-09-20,mls:MC26085666,1800 E South Bear Creek Dr,Merced,95340,1850000,,,,165528,,Vacant Land,Active,2026-04-20,37.3084271,-120.4505241,https://www.redfin.com/CA/Merced/1800-E-South-Bear-Creek-Dr-95340/home/201469166,redfin
2026-09-20,mls:B34D6784F381,184 Sugar Creek Ln,Merced,95341,411490,3,2,1230,,2026,Single Family Residential,Active,2026-09-17,37.285194,-120.430896,https://www.redfin.com/CA/Merced/184-Sugar-Creek-Ln-95341/home/196422610,redfin
2026-09-20,mls:226095261,1843 Brookside Dr,Merced,95348,439999,3,2,1300,5998,1993,Single Family Residential,Active,2026-07-29,37.3107607,-120.5000968,https://www.redfin.com/CA/Merced/1843-Brookside-Dr-95348/home/19681785,redfin
2026-09-20,mls:226086370,1848 Ashby Rd #46,Merced,95348,35000,1,1,550,,1963,Mobile/Manufactured Home,Active,2026-07-09,37.3160299,-120.5246712,https://www.redfin.com/CA/Merced/1848-Ashby-Rd-95348/unit-46/home/202691800,redfin
2026-09-20,mls:226116786,1903 Belcher Ave,Merced,95348,335000,4,2,1344,10006,1942,Single Family Residential,Active,2026-09-18,37.3388978,-120.5165499,https://www.redfin.com/CA/Merced/1903-Belcher-Ave-95348/home/19684069,redfin
2026-09-20,mls:MC26185027,1921 Fultz Ct,Merced,95341,369000,3,2,1623,6870,1994,Single Family Residential,Active,2026-08-24,37.3036484,-120.5108838,https://www.redfin.com/CA/Merced/1921-Fultz-Ct-95341/home/19680273,redfin
2026-09-20,mls:226108604,1927 I St,Merced,95340,229900,2,1,1067,4251,1920,Single Family Residential,Active,2026-08-28,37.3024475,-120.4775801,https://www.redfin.com/CA/Merced/1927-I-St-95340/home/19691592,redfin
2026-09-20,mls:4B0A11C7BE34,193 Squaw Valley Dr,Merced,95341,440840,4,2,1509,,2026,Single Family Residential,Active,2026-09-17,37.285045,-120.430547,https://www.redfin.com/CA/Merced/193-Squaw-Valley-Dr-95341/home/196422599,redfin
2026-09-20,mls:MC26158152,1949 Sierra Ct,Merced,95340,475000,4,2,1981,6966,1972,Single Family Residential,Active,2026-07-23,37.3152907,-120.4483733,https://www.redfin.com/CA/Merced/1949-Sierra-Ct-95340/home/19701573,redfin
2026-09-20,mls:22A3827BD3CD,196 Sugar Creek Ln,Merced,95341,518490,5,3.5,2554,,2026,Single Family Residential,Active,2026-09-17,37.285044,-120.430892,https://www.redfin.com/CA/Merced/196-Sugar-Creek-Ln-95341/home/196422611,redfin
2026-09-20,mls:MC26182916,1961 Heather Ct,Merced,95340,450000,4,2.5,2142,11499,1968,Single Family Residential,Active,2026-09-09,37.3217927,-120.4478115,https://www.redfin.com/CA/Merced/1961-Heather-Ct-95340/home/19701510,redfin
2026-09-20,mls:MC26201033,1962-1976 Edwards,Merced,95340,1099000,16,8,6800,16203,1979,Multi-Family (5+ Unit),Active,2026-09-14,37.2960443,-120.4497828,https://www.redfin.com/CA/Merced/1976-Edwards-Ave-95340/home/194349022,redfin
2026-09-20,mls:45DECE2E6E03,198 Squaw Valley Dr,Merced,95341,524390,5,3.5,2554,,2026,Single Family Residential,Active,2026-09-17,37.285044,-120.429985,https://www.redfin.com/CA/Merced/198-Squaw-Valley-Dr-95341/home/196422598,redfin
2026-09-20,mls:MC26104173,2020 Ashby #37,Merced,95348,45000,2,1,784,,1990,Mobile/Manufactured Home,Active,2026-05-26,37.319875,-120.531759,https://www.redfin.com/CA/Merced/2020-Ashby-Rd-95348/unit-37/home/19655033,redfin
2026-09-20,mls:MC26111129,2021 W,Merced,95340,975000,2,2,2609,15762,1952,Single Family Residential,Active,2026-05-21,37.3109651,-120.4982227,https://www.redfin.com/CA/Merced/2021-W-St-95340/home/19691996,redfin
2026-09-20,mls:MC26033812,203 W 20th,Merced,95340,549000,3,3,3551,15000,1950,Single Family Residential,Active,2026-04-23,37.303043,-120.4771877,https://www.redfin.com/CA/Merced/203-W-20th-St-95340/home/21856884,redfin
2026-09-20,mls:226109168,2030 Calimyrna Ave,Merced,95340,299900,3,1,1502,5942,1923,Single Family Residential,Active,2026-09-02,37.2994439,-120.4668591,https://www.redfin.com/CA/Merced/2030-Calimyrna-Ave-95340/home/19688270,redfin
2026-09-20,mls:MC26174063,2033 Highland,Merced,95340,264900,2,1,898,5508,1940,Single Family Residential,Active,2026-08-10,37.2964825,-120.4592823,https://www.redfin.com/CA/Merced/2033-Highland-Dr-95340/home/19687669,redfin
2026-09-20,mls:MC26138430,2035 Highland,Merced,95340,287750,2,1,900,5508,1940,Single Family Residential,Active,2026-06-24,37.2966447,-120.4591808,https://www.redfin.com/CA/Merced/2035-Highland-Dr-95340/home/19687670,redfin
2026-09-20,mls:MC25255358,2051 Wardrobe,Merced,95341,1200000,,,,217800,,Vacant Land,Active,2025-11-06,37.2965338,-120.5135744,https://www.redfin.com/CA/Merced/2051-Wardrobe-Ave-95341/home/198908746,redfin
2026-09-20,mls:MC25183712,2052 W Solis St,Merced,95348,425000,4,2,1757,6096,2006,Single Family Residential,Active,2025-08-14,37.3226855,-120.5238217,https://www.redfin.com/CA/Merced/2052-W-Solis-St-95348/home/19652571,redfin
2026-09-20,mls:226116217,207 Yorktown,Merced,95341,335000,3,2,1086,7566,1996,Single Family Residential,Active,2026-09-16,37.284626,-120.4469835,https://www.redfin.com/CA/Merced/207-Yorktown-Sq-95341/home/19679090,redfin
2026-09-20,mls:MC26187494,2085 Cabot Ave,Merced,95348,400000,3,2,1520,7469,1960,Single Family Residential,Active,2026-08-27,37.3174702,-120.5243999,https://www.redfin.com/CA/Merced/2085-Cabot-Ave-95348/home/19684261,redfin
2026-09-20,mls:MC26192421,209 E 18th,Merced,95340,300000,2,1,950,6000,1940,Single Family Residential,Active,2026-09-02,37.298438,-120.4712615,https://www.redfin.com/CA/Merced/209-E-18th-St-95340/home/19687645,redfin
2026-09-20,mls:D5617070EC44,209 Nadine St,Merced,95341,422360,3,2,1396,,2026,Single Family Residential,Active,2026-07-30,37.291664,-120.427126,https://www.redfin.com/CA/Merced/209-Nadine-St-95341/home/203517328,redfin
2026-09-20,mls:MC25022775,2094 W Pincay St,Merced,95348,399000,4,2,1527,5000,2017,Single Family Residential,Active,2025-05-25,37.3219899,-120.5245414,https://www.redfin.com/CA/Merced/2094-W-Pincay-St-95348/home/28948293,redfin
2026-09-20,mls:226094443,2103 W Solis St,Merced,95348,340000,3,2,1381,5001,2006,Single Family Residential,Active,2026-07-30,37.3222475,-120.5247113,https://www.redfin.com/CA/Merced/2103-W-Solis-St-95348/home/19652558,redfin
2026-09-20,mls:MC26205621,2129 Balboa,Merced,95348,365000,3,2,1176,7799,1973,Single Family Residential,Active,2026-09-19,37.3193005,-120.5251999,https://www.redfin.com/CA/Merced/2129-Balboa-Ave-95348/home/19683694,redfin
2026-09-20,mls:MC26191646,2142 Coronado,Merced,95348,349900,3,2,1200,9180,1975,Single Family Residential,Active,2026-09-01,37.3206102,-120.5253783,https://www.redfin.com/CA/Merced/2142-Coronado-Ave-95348/home/19683760,redfin
2026-09-20,mls:MC26009630,2148 Keely,Merced,95340,179900,3,1,1120,9975,1944,Single Family Residential,Active,2026-02-09,37.2959326,-120.4539261,https://www.redfin.com/CA/Merced/2148-Keely-Ave-95340/home/19688454,redfin
2026-09-20,mls:226093612,2151 Martin Luther King Jr Way,Merced,95340,499900,4,3,2004,7501,1968,Multi-Family (2-4 Unit),Active,2026-07-23,37.3051118,-120.4778688,https://www.redfin.com/CA/Merced/2151-Martin-Luther-King-Jr-Way-95340/home/19691728,redfin
2026-09-20,mls:MC26125038,2201 Leeward Ct,Merced,95340,279000,,,,43560,,Vacant Land,Active,2026-06-12,37.3622349,-120.4462804,https://www.redfin.com/CA/Merced/2201-Leeward-Ct-95340/home/168647664,redfin
2026-09-20,mls:MC26196327,2205 O,Merced,95340,475000,6,3,1470,7500,1961,Multi-Family (2-4 Unit),Active,2026-09-16,37.3083803,-120.4851105,https://www.redfin.com/CA/Merced/2205-O-St-95340/home/19691167,redfin
2026-09-20,mls:CC0C964D4B95,222 Nadine St,Merced,95341,458360,3,2.5,1777,,2026,Single Family Residential,Active,2026-09-17,37.291803,-120.426595,https://www.redfin.com/CA/Merced/222-Nadine-St-95341/home/196422449,redfin
2026-09-20,mls:403B01679356,223 Nadine St,Merced,95341,482360,4,2.5,1924,,2026,Single Family Residential,Active,2026-09-17,37.291811,-120.427129,https://www.redfin.com/CA/Merced/223-Nadine-St-95341/home/196422452,redfin
2026-09-20,mls:MC25117734,2230 Vassar Ave,Merced,95341,1484250,,,,862052,,Vacant Land,Active,2025-06-13,37.2658466,-120.4474761,https://www.redfin.com/CA/Merced/2230-Vassar-Ave-95341/home/196078103,redfin
2026-09-20,mls:MC26187159,2235 Dunn,Merced,95340,750000,4,3.5,3140,69696,1977,Single Family Residential,Active,2026-08-31,37.3391724,-120.4435818,https://www.redfin.com/CA/Merced/2235-Dunn-Rd-95340/home/19657222,redfin
2026-09-20,mls:MC26071153,2240 Golden Oak #119,Merced,95341,89500,2,2,1150,,1976,Mobile/Manufactured Home,Active,2026-04-02,37.292158,-120.446125,https://www.redfin.com/CA/Merced/2240-Golden-Oak-Ln-95341/unit-119/home/19655756,redfin
2026-09-20,mls:MC26170275,2240 Golden Oak #3,Merced,95341,99900,2,2,1750,,1976,Mobile/Manufactured Home,Active,2026-08-04,37.29489,-120.446153,https://www.redfin.com/CA/Merced/2240-Golden-Oak-Ln-95341/unit-3/home/19654936,redfin
2026-09-20,mls:MC26173824,2240 Golden Oak #78,Merced,95341,49999,2,2,1040,,1990,Mobile/Manufactured Home,Active,2026-08-11,37.292974,-120.445599,https://www.redfin.com/CA/Merced/2240-Golden-Oak-Ln-95341/unit-78/home/19655047,redfin
2026-09-20,mls:MC26109234,2240 Golden Oak #88,Merced,95341,54900,2,2,1322,,1976,Mobile/Manufactured Home,Active,2026-05-19,37.294494,-120.445842,https://www.redfin.com/CA/Merced/2240-Golden-Oak-Ln-95341/unit-88/home/19654807,redfin
2026-09-20,mls:226086303,2240 Golden Oak Ln #103,Merced,95341,39000,2,2,1200,,1988,Mobile/Manufactured Home,Active,2026-07-08,37.291986,-120.445836,https://www.redfin.com/CA/Merced/2240-Golden-Oak-Ln-95341/unit-103/home/19655095,redfin
2026-09-20,mls:MC26123784,2240 Golden Oak Ln #11,Merced,95341,84500,2,2,,,1975,Mobile/Manufactured Home,Active,2026-06-06,37.29463,-120.444902,https://www.redfin.com/CA/Merced/2240-Golden-Oak-Ln-95341/unit-11/home/19654395,redfin
2026-09-20,mls:MC25186079,2240 Golden Oak Ln #117,Merced,95341,124900,3,2,,,2023,Mobile/Manufactured Home,Active,2025-08-18,37.2931187,-120.4458279,https://www.redfin.com/CA/Merced/2240-Golden-Oak-Ln-95341/unit-117/home/19654948,redfin
2026-09-20,mls:226111087,2240 Golden Oak Ln #131,Merced,95340,34900,2,2,856,,1977,Mobile/Manufactured Home,Active,2026-09-03,37.292229,-120.44648,https://www.redfin.com/CA/Merced/2240-Golden-Oak-Ln-95341/unit-131/home/19653889,redfin
2026-09-20,mls:226091001,2240 Golden Oak Ln #134,Merced,95341,89900,2,2,1440,,1973,Mobile/Manufactured Home,Active,2026-07-17,37.3015976,-120.4808915,https://www.redfin.com/CA/Merced/2240-Golden-Oak-Ln-95341/unit-134/home/196130863,redfin
2026-09-20,mls:MC26142503,2240 Golden Oak Ln #28,Merced,95341,73000,2,1,,,1976,Mobile/Manufactured Home,Active,2026-06-30,37.292482,-120.444925,https://www.redfin.com/CA/Merced/2240-Golden-Oak-Ln-95341/unit-28/home/19654671,redfin
2026-09-20,mls:MC26050607,2240 Golden Oak Ln #47,Merced,95341,99999,2,2,,,1976,Mobile/Manufactured Home,Active,2026-03-07,37.294003,-120.445243,https://www.redfin.com/CA/Merced/2240-Golden-Oak-Ln-95341/unit-47/home/19655135,redfin
2026-09-20,mls:226056493,2240 Golden Oak Ln #73,Merced,95341,48000,1,1,672,,1969,Mobile/Manufactured Home,Active,2026-05-07,37.293636,-120.44562,https://www.redfin.com/CA/Merced/2240-Golden-Oak-Ln-95341/unit-73/home/19655777,redfin
2026-09-20,mls:226093239,2240 Golden Oak Ln #94,Merced,95341,80000,2,2,1248,1248,1978,Mobile/Manufactured Home,Active,2026-07-27,37.293678,-120.445909,https://www.redfin.com/CA/Merced/2240-Golden-Oak-Ln-95341/unit-94/home/19654824,redfin
2026-09-20,mls:226012270,2240 Golden Oak Ln #98,Merced,95341,75000,2,1.5,720,,1977,Mobile/Manufactured Home,Active,2026-02-03,37.292737,-120.445858,https://www.redfin.com/CA/Merced/2240-Golden-Oak-Ln-95341/unit-98/home/19655775,redfin
2026-09-20,mls:MC25134955,2246 E Mission Ave,Merced,95341,2812500,3,2,,980100,,Vacant Land,Active,2025-06-17,37.2728692,-120.447396,https://www.redfin.com/CA/Merced/2246-E-Mission-Ave-95341/home/148012696,redfin
2026-09-20,mls:MC25117715,2260 Vassar Ave,Merced,95341,1484250,,,,862052,,Vacant Land,Active,2025-06-13,37.2661175,-120.4465739,https://www.redfin.com/CA/Merced/2260-Vassar-Ave-95341/home/196077950,redfin
2026-09-20,mls:226036725,230 W 25th St,Merced,95340,310000,2,1,1151,7501,1940,Single Family Residential,Active,2026-03-26,37.307796,-120.4750627,https://www.redfin.com/CA/Merced/230-W-25th-St-95340/home/19692754,redfin
2026-09-20,mls:FE2960DBDF13,231 Nadine St,Merced,95341,433360,3,2,1567,,2026,Single Family Residential,Active,2026-09-17,37.291933,-120.427126,https://www.redfin.com/CA/Merced/231-Nadine-St-95341/home/196422453,redfin
2026-09-20,mls:MC26201787,2318 Beachwood,Merced,95348,170000,,,,10131,,Vacant Land,Active,2026-09-15,37.3218577,-120.5277841,https://www.redfin.com/CA/Merced/2318-Beachwood-Dr-95348/home/19683786,redfin
2026-09-20,mls:226115232,2324 Q St,Merced,95340,379600,2,2,960,5001,1945,Multi-Family (2-4 Unit),Active,2026-09-14,37.3105252,-120.486923,https://www.redfin.com/CA/Merced/2324-Q-St-95340/home/19692696,redfin
2026-09-20,mls:MC26058771,2330 Meadowbrook,Merced,95348,299900,3,1,796,10131,1955,Single Family Residential,Active,2026-03-18,37.3219624,-120.5265673,https://www.redfin.com/CA/Merced/2330-Meadowbrook-Ave-95348/home/19683370,redfin
2026-09-20,mls:8B5C5ABDB3A3,234 Nadine St,Merced,95341,483360,4,2.5,1924,,2026,Single Family Residential,Active,2026-09-17,37.291933,-120.426587,https://www.redfin.com/CA/Merced/234-Nadine-St-95341/home/196422448,redfin
2026-09-20,mls:MC26090199,236 Montage Dr,Merced,95348,439000,5,4,1890,2100,2025,Single Family Residential,Active,2026-06-09,37.3613588,-120.4704396,https://www.redfin.com/CA/Merced/236-Montage-Dr-95348/home/28952194,redfin
2026-09-20,mls:MC26198886,2382 Explorador,Merced,95340,449900,4,3,2111,5198,2020,Single Family Residential,Active,2026-09-10,37.3314996,-120.4391447,https://www.redfin.com/CA/Merced/2382-Explorador-Dr-95340/home/28949993,redfin
2026-09-20,mls:MC26136816,2400 K,Merced,95340,1900000,34,14,10800,43560,1950,Multi-Family (5+ Unit),Active,2026-06-23,37.3079833,-120.4774917,https://www.redfin.com/CA/Merced/2400-K-St-95340/home/19692168,redfin
2026-09-20,mls:MC26130264,242 Torino Ct,Merced,95341,379000,4,2,1617,5369,2006,Single Family Residential,Active,2026-06-30,37.2846754,-120.4436122,https://www.redfin.com/CA/Merced/242-Torino-Ct-95341/home/19658046,redfin
2026-09-20,mls:652381,2429 Explorador,Merced,95348,526900,6,3,2621,9082,2022,Single Family Residential,Active,2026-07-21,37.3311588,-120.4362697,https://www.redfin.com/CA/Merced/2429-Explorador-Dr-95340/home/172354337,redfin
2026-09-20,mls:MC26165208,2446 Valverde,Merced,95340,489000,4,2,2265,7797,2020,Single Family Residential,Active,2026-08-18,37.3275318,-120.4351416,https://www.redfin.com/CA/Merced/2446-Valverde-Dr-95340/home/172354531,redfin
2026-09-20,mls:994DC9242AC9,246 Nadine St,Merced,95341,430360,3,2,1567,,2026,Single Family Residential,Active,2026-08-08,37.292059,-120.426601,https://www.redfin.com/CA/Merced/246-Nadine-St-95341/home/196422447,redfin
2026-09-20,mls:MC26168944,2462 Valverde Dr,Merced,95340,490000,4,2,2265,7797,2021,Single Family Residential,Active,2026-08-04,37.3275309,-120.4341928,https://www.redfin.com/CA/Merced/2462-Valverde-Dr-95340/home/172354535,redfin
2026-09-20,mls:1A7A12C09B01,247 Nadine St,Merced,95341,490360,4,2.5,1924,,2026,Single Family Residential,Active,2026-09-17,37.292055,-120.42714,https://www.redfin.com/CA/Merced/247-Nadine-St-95341/home/196422454,redfin
2026-09-20,mls:41142267,2481 Pineda Dr,Merced,95340,525888,6,3,2621,5255,2021,Single Family Residential,Active,2026-07-21,37.3289769,-120.4337045,https://www.redfin.com/CA/Merced/2481-Pineda-Dr-95340/home/172354416,redfin
2026-09-20,mls:DW26079389,2482 Valdes Dr,Merced,95340,489000,5,2.5,2282,6216,2021,Single Family Residential,Active,2026-04-17,37.3282178,-120.4337124,https://www.redfin.com/CA/Merced/2482-Valdes-Dr-95340/home/172354499,redfin
2026-09-20,mls:MC26131548,2499 E Gerard #140,Merced,95341,59000,2,1,768,,1977,Mobile/Manufactured Home,Active,2026-06-16,37.282603,-120.442699,https://www.redfin.com/CA/Merced/2499-E-Gerard-Ave-95341/unit-140/home/19656022,redfin
2026-09-20,mls:MC26150631,2499 E Gerard #153,Merced,95341,109000,4,2,1584,,1974,Mobile/Manufactured Home,Active,2026-07-10,37.283791,-120.44268,https://www.redfin.com/CA/Merced/2499-E-Gerard-Ave-95341/unit-153/home/19653440,redfin
2026-09-20,mls:MC25223780,2500 N Highway 59 #270,Merced,95348,65000,2,2,828,2774,1993,Mobile/Manufactured Home,Active,2025-09-23,37.31288,-120.50228,https://www.redfin.com/CA/Merced/2500-N-State-Highway-59-95348/unit-270/home/19655158,redfin
2026-09-20,mls:MC26177592,2500 N STATE HIGHWAY 59,Merced,95348,23000,2,1,720,1400,1972,Mobile/Manufactured Home,Active,2026-08-13,37.311751,-120.503155,https://www.redfin.com/CA/Merced/2500-N-State-Highway-59-95348/home/19653725,redfin
2026-09-20,mls:226100905,2500 N State Highway 59 #239,Merced,95348,59000,3,2,1440,,1973,Mobile/Manufactured Home,Active,2026-08-10,37.312075,-120.503703,https://www.redfin.com/CA/Merced/2500-N-State-Highway-59-95348/unit-239/home/19655259,redfin
2026-09-20,mls:226084553,2511 Franklin Rd,Merced,95348,9945000,2,1,,1698840,,Vacant Land,Active,2026-07-06,37.3246509,-120.5412329,https://www.redfin.com/CA/Merced/2511-Franklin-Rd-95348/home/196420034,redfin
2026-09-20,mls:MC26198267,252 S Gurr,Merced,95341,848000,,,,1286327,,Vacant Land,Active,2026-09-13,37.283567,-120.5598286,https://www.redfin.com/CA/Merced/252-S-Gurr-Rd-95341/home/168650428,redfin
2026-09-20,mls:MC25009072,2520 Mckee Rd,Merced,95340,410000,2,1,1257,17264,1946,Single Family Residential,Active,2025-01-14,37.3029949,-120.4445901,https://www.redfin.com/CA/Merced/2520-McKee-Rd-95340/home/19679429,redfin
2026-09-20,mls:MC26197299,2521 K,Merced,95340,125000,,,,7500,,Vacant Land,Active,2026-09-15,37.3093214,-120.477197,https://www.redfin.com/CA/Merced/2521-K-St-95340/home/19692139,redfin
2026-09-20,mls:MC26143143,2524 B And B,Merced,95348,649999,3,2.5,2321,39969,1988,Single Family Residential,Active,2026-07-01,37.3247897,-120.5374749,https://www.redfin.com/CA/Merced/2524-B-and-B-Blvd-95348/home/19683310,redfin
2026-09-20,mls:25AF009521C3,253 Nadine St,Merced,95341,459360,3,2.5,1777,,2026,Single Family Residential,Active,2026-09-17,37.292204,-120.427132,https://www.redfin.com/CA/Merced/253-Nadine-St-95341/home/196422455,redfin
2026-09-20,mls:MC26165503,255 Travis Ct,Merced,95341,442990,3,2.5,1777,4736,2026,Single Family Residential,Active,2026-07-29,37.292198,-120.428042,https://www.redfin.com/CA/Merced/255-Travis-Ct-95341/home/192932898,redfin
2026-09-20,mls:MC26202480,2574 Beachwood,Merced,95348,325000,3,1,1036,9690,1961,Single Family Residential,Active,2026-09-16,37.3254655,-120.5278073,https://www.redfin.com/CA/Merced/2574-Beachwood-Dr-95348/home/19683381,redfin
2026-09-20,mls:MC25044845,2577 Lobo Ave,Merced,95348,2400000,,,,1067220,,Vacant Land,Active,2025-03-01,37.3243265,-120.5329261,https://www.redfin.com/CA/Merced/2577-Lobo-Ave-95348/home/21155511,redfin
2026-09-20,mls:09F1B76C48AE,258 Nadine St,Merced,95341,489360,4,2.5,1924,,2026,Single Family Residential,Active,2026-09-17,37.29217,-120.42659,https://www.redfin.com/CA/Merced/258-Nadine-St-95341/home/196422446,redfin
2026-09-20,mls:FR26142565,2581 E Gerard,Merced,95341,359900,3,2,1065,8400,1957,Single Family Residential,Active,2026-08-14,37.280311,-120.441154,https://www.redfin.com/CA/Merced/2581-E-Gerard-Ave-95341/home/19679316,redfin
2026-09-20,mls:C80A812199D4,261 Nadine St,Merced,95341,430360,3,2,1290,,2026,Single Family Residential,Active,2026-09-17,37.292315,-120.427134,https://www.redfin.com/CA/Merced/261-Nadine-St-95341/home/196422456,redfin
2026-09-20,mls:MC26168613,2617 Agnes,Merced,95340,389000,3,2,1561,6124,1962,Single Family Residential,Active,2026-08-03,37.3040711,-120.4605559,https://www.redfin.com/CA/Merced/2617-Agnes-Way-95340/home/19689760,redfin
2026-09-20,mls:562A9715BEFE,262 Nadine St,Merced,95341,521260,4,2.5,1924,,2026,Single Family Residential,Active,2026-06-23,37.292304,-120.426592,https://www.redfin.com/CA/Merced/262-Nadine-St-95341/home/196422445,redfin
2026-09-20,mls:MC26194628,2651 1st,Merced,95340,150000,,,,12104,,Vacant Land,Active,2026-09-09,37.3080934,-120.4698823,https://www.redfin.com/CA/Merced/2651-1st-Ave-95340/home/19689677,redfin
2026-09-20,mls:MC26096382,2653 E North Bear Crk,Merced,95340,925000,5,4,3658,27634,1969,Single Family Residential,Active,2026-05-26,37.309902,-120.4383286,https://www.redfin.com/CA/Merced/2653-E-North-Bear-Creek-Dr-95340/home/19701225,redfin
2026-09-20,mls:MC26189302,2672 9th Ave,Merced,95340,309900,3,1,1168,6600,1960,Single Family Residential,Active,2026-09-16,37.305767,-120.4629463,https://www.redfin.com/CA/Merced/2672-9th-Ave-95340/home/19689558,redfin
2026-09-20,mls:225144310,2679 Lobo Ave,Merced,95348,1200000,3,2,2319,779724,1928,Single Family Residential,Active,2025-12-02,37.3236077,-120.5352663,https://www.redfin.com/CA/Merced/2679-Lobo-Ave-95348/home/196422248,redfin
2026-09-20,mls:MC26196564,268 E 10th,Merced,95341,359900,4,3,1636,5012,1989,Single Family Residential,Active,2026-09-08,37.2901023,-120.476157,https://www.redfin.com/CA/Merced/268-E-10th-St-95341/home/19687247,redfin
2026-09-20,mls:MC26126325,2698 E South Bear Crk,Merced,95340,1049000,4,3.5,3340,52272,1985,Single Family Residential,Active,2026-06-10,37.3085571,-120.4379379,https://www.redfin.com/CA/Merced/2698-E-South-Bear-Creek-Dr-95340/home/19679981,redfin
2026-09-20,mls:MC26165744,272 Travis Ct,Merced,95341,400990,3,2,1290,4723,2026,Single Family Residential,Active,2026-07-29,37.292435,-120.427468,https://www.redfin.com/CA/Merced/272-Travis-Ct-95341/home/192932887,redfin
2026-09-20,mls:MC26163311,2729 Pioneer,Merced,95341,725000,3,2,1412,653400,1975,Single Family Residential,Active,2026-08-03,37.24845,-120.398781,https://www.redfin.com/CA/Merced/2729-Pioneer-95340/home/103654057,redfin
2026-09-20,mls:D019C2C7B656,274 Nadine St,Merced,95341,437260,3,2,1290,,2026,Single Family Residential,Active,2026-06-23,37.29243,-120.426576,https://www.redfin.com/CA/Merced/274-Nadine-St-95341/home/196422444,redfin
2026-09-20,mls:226116770,2747 Saratoga Ave,Merced,95340,365000,3,2,1412,7013,1977,Single Family Residential,Active,2026-09-16,37.3049953,-120.44807,https://www.redfin.com/CA/Merced/2747-Saratoga-Ave-95340/home/19689152,redfin
2026-09-20,mls:5CF4E55D687A,277 Nadine St,Merced,95341,524260,4,2.5,1924,,2026,Single Family Residential,Active,2026-06-23,37.292439,-120.427113,https://www.redfin.com/CA/Merced/277-Nadine-St-95341/home/196422457,redfin
2026-09-20,mls:226061481,2779 Story Ave,Merced,95340,449999,4,3,2039,8934,1985,Single Family Residential,Active,2026-05-14,37.3053253,-120.4490194,https://www.redfin.com/CA/Merced/2779-Story-Ave-95340/home/19688945,redfin
2026-09-20,mls:MC26190802,2782 STORY Ave,Merced,95340,389000,3,2,1486,7318,1983,Single Family Residential,Active,2026-09-01,37.3053286,-120.4484633,https://www.redfin.com/CA/Merced/2782-Story-Ave-95340/home/19688940,redfin
2026-09-20,mls:596EB08EDC46,283 Nadine St,Merced,95341,440360,3,2,1290,,2026,Single Family Residential,Active,2026-06-23,37.29255,-120.427132,https://www.redfin.com/CA/Merced/283-Nadine-St-95341/home/196422459,redfin
2026-09-20,mls:MC26156305,2830 Dunn Rd,Merced,95340,895000,4,2,2031,43560,1973,Single Family Residential,Active,2026-08-05,37.3398907,-120.4355855,https://www.redfin.com/CA/Merced/2830-Dunn-Rd-95340/home/19680822,redfin
2026-09-20,mls:41144069,284 Zion Canyon Ct,Merced,95341,410000,4,2,1515,5000,2022,Single Family Residential,Active,2026-08-14,37.2757847,-120.4783038,https://www.redfin.com/CA/Merced/284-Zion-Canyon-Ct-95341/home/176248635,redfin
2026-09-20,mls:839C3B3E99AE,286 Nadine St,Merced,95341,488360,4,2.5,1924,,2026,Single Family Residential,Active,2026-09-17,37.292548,-120.426598,https://www.redfin.com/CA/Merced/286-Nadine-St-95341/home/196422443,redfin
2026-09-20,mls:MC26154089,2868 Beachwood,Merced,95348,317500,3,1,970,9683,1953,Single Family Residential,Active,2026-07-16,37.3297323,-120.5277546,https://www.redfin.com/CA/Merced/2868-Beachwood-Dr-95348/home/19683986,redfin
2026-09-20,mls:MC26168066,288 Travis Ct,Merced,95341,465990,4,2.5,1924,4723,2026,Single Family Residential,Active,2026-08-01,37.292559,-120.427487,https://www.redfin.com/CA/Merced/288-Travis-Ct-95341/home/192932886,redfin
2026-09-20,mls:B55EDD923106,289 Travis Ct,Merced,95341,399990,3,2,1290,,2026,Single Family Residential,Active,2026-04-05,37.292563,-120.428037,https://www.redfin.com/CA/Merced/289-Travis-Ct-95341/home/192932901,redfin
2026-09-20,mls:MC26148713,2894 Elm,Merced,95348,320000,3,1,1328,9524,1960,Single Family Residential,Active,2026-07-16,37.3299751,-120.5307807,https://www.redfin.com/CA/Merced/2894-Elm-Ave-95348/home/19684020,redfin
2026-09-20,mls:MC26143205,2924 E South Bear Crk,Merced,95348,415000,4,2,1560,26947,2003,Mobile/Manufactured Home,Active,2026-08-12,37.3082062,-120.4343361,https://www.redfin.com/CA/Merced/2924-E-South-Bear-Creek-Dr-95340/home/19679214,redfin
2026-09-20,mls:MC26172497,2943 Capella Dr,Merced,95341,559999,4,3,2420,7000,2026,Single Family Residential,Active,2026-08-06,37.282142,-120.434315,https://www.redfin.com/CA/Merced/2943-Capella-Dr-95341/home/196422467,redfin
2026-09-20,mls:ML82045002,2972 Tuxford Ct,Merced,95340,365000,3,2,1365,10173,1961,Single Family Residential,Active,2026-07-03,37.3147871,-120.451915,https://www.redfin.com/CA/Merced/2972-Tuxford-Ct-95340/home/19703141,redfin
2026-09-20,mls:MC26178287,2985 Redwood Dr,Merced,95340,494900,4,3,2388,8306,1972,Single Family Residential,Active,2026-08-18,37.315166,-120.4465798,https://www.redfin.com/CA/Merced/2985-Redwood-Dr-95340/home/19701434,redfin
2026-09-20,mls:SR26189124,2993 N Parsons,Merced,95340,253500,3,2,1008,7694,1961,Single Family Residential,Active,2026-08-28,37.3155234,-120.451559,https://www.redfin.com/CA/Merced/2993-N-Parsons-Ave-95340/home/19702218,redfin
2026-09-20,mls:MC26026481,3 W Belcher Ave,Merced,95348,275000,,,,44431,,Vacant Land,Active,2026-02-04,37.338447,-120.543574,https://www.redfin.com/CA/Merced/3-W-Belcher-Ave-95348/home/200354004,redfin
2026-09-20,mls:MC26138437,3054 Silver Elm Ct,Merced,95340,425000,4,2.5,1938,4178,1988,Single Family Residential,Active,2026-07-03,37.3171564,-120.4584988,https://www.redfin.com/CA/Merced/3054-Silver-Elm-Ct-95340/home/19703672,redfin
2026-09-20,mls:MC25270306,3056 Bedford,Merced,95340,385000,3,2,1358,6296,1974,Single Family Residential,Active,2026-01-26,37.3173625,-120.447616,https://www.redfin.com/CA/Merced/3056-Bedford-Dr-95340/home/19701345,redfin
2026-09-20,mls:MC26174015,3063 Bodie,Merced,95341,495000,4,3.5,3545,5000,2006,Single Family Residential,Active,2026-08-14,37.2931004,-120.4325597,https://www.redfin.com/CA/Merced/3063-Bodie-St-95341/home/19652898,redfin
2026-09-20,mls:226111094,3119 Dinkey Creek Ave,Merced,95341,155000,,,,6970,,Vacant Land,Active,2026-09-03,37.2843783,-120.4324245,https://www.redfin.com/CA/Merced/3119-Dinkey-Creek-Ave-95341/home/28560868,redfin
2026-09-20,mls:MC26189491,3125 N Parsons,Merced,95340,385000,4,2,1569,6699,1968,Single Family Residential,Active,2026-08-28,37.3191569,-120.4515217,https://www.redfin.com/CA/Merced/3125-N-Parsons-Ave-95340/home/19704375,redfin
2026-09-20,mls:226076083,313 Sullivan Dr,Merced,95348,419999,5,2.5,2378,2378,2022,Single Family Residential,Active,2026-07-04,37.3455019,-120.4725467,https://www.redfin.com/CA/Merced/313-Sullivan-Dr-95348/home/28949241,redfin
2026-09-20,mls:MC26031224,3216 El Capitan,Merced,95340,345000,3,2,1446,7440,1960,Single Family Residential,Active,2026-03-30,37.3211364,-120.4649618,https://www.redfin.com/CA/Merced/3216-El-Capitan-Ave-95340/home/19704773,redfin
2026-09-20,mls:MC26159955,3224 Nashville Ct,Merced,95348,485000,5,4,2287,6898,1980,Multi-Family (2-4 Unit),Active,2026-07-23,37.3220853,-120.493789,https://www.redfin.com/CA/Merced/3224-Nashville-Ct-95348/home/19682183,redfin
2026-09-20,mls:MC26168916,324 W 22nd,Merced,95340,475000,4,4,1850,7500,1935,Multi-Family (2-4 Unit),Active,2026-08-03,37.3050876,-120.4782527,https://www.redfin.com/CA/Merced/324-W-22nd-St-95340/home/200649590,redfin
2026-09-20,mls:MC26154809,3257 Juneau Ct,Merced,95348,389000,3,1,1123,6626,1972,Single Family Residential,Active,2026-07-15,37.3215246,-120.4974698,https://www.redfin.com/CA/Merced/3257-Juneau-Ct-95348/home/19682962,redfin
2026-09-20,mls:226063276,328 E 20th St,Merced,95340,285000,2,1,800,8002,1940,Single Family Residential,Active,2026-07-05,37.2993004,-120.4683459,https://www.redfin.com/CA/Merced/328-E-20th-St-95340/home/19688111,redfin
2026-09-20,mls:MC26194620,3311 Shamrock,Merced,95340,465000,4,2,1923,6683,1985,Single Family Residential,Active,2026-09-04,37.3236358,-120.4547312,https://www.redfin.com/CA/Merced/3311-Shamrock-Ave-95340/home/19704697,redfin
2026-09-20,mls:41145302,3362 San Jacinto Ct,Merced,95348,350000,3,2,1635,6356,1980,Single Family Residential,Active,2026-08-17,37.3255898,-120.4830739,https://www.redfin.com/CA/Merced/3362-San-Jacinto-Ct-95348/home/19667903,redfin
2026-09-20,mls:MC26174310,3372 Wawona Ct,Merced,95340,405000,3,2,1766,6824,1974,Single Family Residential,Active,2026-08-18,37.3256468,-120.4641113,https://www.redfin.com/CA/Merced/3372-Wawona-Ct-95340/home/19703460,redfin
2026-09-20,mls:MC26165548,3394 Banbury,Merced,95340,829000,4,3.5,2470,8741,2023,Single Family Residential,Active,2026-07-30,37.3262185,-120.4490424,https://www.redfin.com/CA/Merced/3394-Banbury-Ln-95340/home/28949845,redfin
2026-09-20,mls:226114912,34 Skylark Ct,Merced,95341,329000,3,2,1095,4256,1989,Single Family Residential,Active,2026-09-11,37.2855327,-120.4827358,https://www.redfin.com/CA/Merced/34-Skylark-Ct-95341/home/19647366,redfin
2026-09-20,mls:MC26099037,3411 Baker,Merced,95341,890000,12,6,5000,100188,1942,Multi-Family (5+ Unit),Active,2026-05-07,37.294377,-120.4260501,https://www.redfin.com/CA/Merced/3411-Baker-Dr-95341/home/19679932,redfin
2026-09-20,mls:MC26190319,3424 Mckee,Merced,95340,599000,4,2.5,2678,108900,1972,Single Family Residential,Active,2026-08-31,37.3282325,-120.4437943,https://www.redfin.com/CA/Merced/3424-McKee-Rd-95340/home/19701689,redfin
2026-09-20,mls:MC26111721,3442 Joerg Ave,Merced,95340,550000,4,2.5,2187,7754,1988,Single Family Residential,Active,2026-05-22,37.3267638,-120.4556038,https://www.redfin.com/CA/Merced/3442-Joerg-Ave-95340/home/19704871,redfin
2026-09-20,mls:MC26187696,3452 Paseo Verde,Merced,95348,575000,5,3,2243,8173,2002,Single Family Residential,Active,2026-08-28,37.3280963,-120.4873391,https://www.redfin.com/CA/Merced/3452-Paseo-Verde-Ave-95348/home/19681930,redfin
2026-09-20,mls:MC26113319,3454 G St,Merced,95340,425000,,,,28038,,Vacant Land,Active,2026-05-25,37.3294978,-120.4687811,https://www.redfin.com/CA/Merced/3454-G-St-95340/home/19704553,redfin
2026-09-20,mls:MC26019215,350 S Bermuda,Merced,95341,320000,,,,7575,,Vacant Land,Active,2026-02-13,37.283142,-120.4738245,https://www.redfin.com/CA/Merced/350-Bermuda-St-95341/home/28953795,redfin
2026-09-20,mls:MC26194375,3507 Sunstone Ct,Merced,95340,535000,3,2,2062,9307,2021,Single Family Residential,Active,2026-09-09,37.3254376,-120.4354688,https://www.redfin.com/CA/Merced/3507-Sunstone-Ct-95340/home/28949730,redfin
2026-09-20,mls:226001268,3515 E Yosemite Ave,Merced,95340,6000000,,,,2178000,,Vacant Land,Active,2026-01-06,37.331258,-120.421489,https://www.redfin.com/CA/Merced/3515-E-Yosemite-Ave-95340/home/40050563,redfin
2026-09-20,mls:MC26026650,355 E Main,Merced,95340,390000,3,2,1136,9758,1947,Single Family Residential,Active,2026-02-05,37.2967409,-120.4698506,https://www.redfin.com/CA/Merced/355-E-Main-St-95340/home/19687493,redfin
2026-09-20,mls:MC26051040,3552 Wathen Ct,Merced,95348,390000,3,2,1589,6180,1977,Single Family Residential,Active,2026-03-09,37.3315474,-120.4755399,https://www.redfin.com/CA/Merced/3552-Wathen-Ct-95348/home/19668079,redfin
2026-09-20,mls:MC26136486,3553 Beals,Merced,95348,399950,3,2,1589,6180,1977,Single Family Residential,Active,2026-06-22,37.3315473,-120.4751694,https://www.redfin.com/CA/Merced/3553-Beals-Ave-95348/home/19668503,redfin
2026-09-20,mls:FR26143684,3583 Sarasota,Merced,95348,399950,3,2,1705,5500,2006,Single Family Residential,Active,2026-07-01,37.3306482,-120.5033077,https://www.redfin.com/CA/Merced/3583-Sarasota-Ave-95348/home/19652932,redfin
2026-09-20,mls:MC26201253,360 E 19th St,Merced,95340,290000,2,1,1084,8975,1946,Single Family Residential,Active,2026-09-14,37.2983569,-120.4691015,https://www.redfin.com/CA/Merced/360-E-19th-St-95340/home/19688124,redfin
2026-09-20,mls:MC26179423,362 Rhianon,Merced,95341,395000,3,2,1475,5973,2019,Single Family Residential,Active,2026-08-18,37.2794023,-120.4771709,https://www.redfin.com/CA/Merced/362-Rhianon-Dr-95341/home/28951403,redfin
2026-09-20,mls:226000354,3622 N State Highway 59,Merced,95348,3490000,,,,467399,,Vacant Land,Active,2026-01-02,37.335149,-120.501768,https://www.redfin.com/CA/Merced/3622-N-State-Highway-59-95348/home/28947260,redfin
2026-09-20,mls:MC26123261,3629 N Lake,Merced,95340,1100000,4,2,2680,204732,1977,Single Family Residential,Active,2026-06-05,37.3359882,-120.433376,https://www.redfin.com/CA/Merced/3629-N-Lake-Rd-95340/home/19680577,redfin
2026-09-20,mls:226097306,365 E Main St,Merced,95340,359998,3,1.5,1256,9008,1947,Single Family Residential,Active,2026-08-01,37.2966338,-120.4696126,https://www.redfin.com/CA/Merced/365-E-Main-St-95340/home/19687494,redfin
2026-09-20,mls:MC26189146,3675 Quail Ave,Merced,95340,430000,3,2,1772,6501,1990,Single Family Residential,Active,2026-09-01,37.3332024,-120.4578991,https://www.redfin.com/CA/Merced/3675-Quail-Ave-95340/home/19679473,redfin
2026-09-20,mls:MC26141078,3726 Crane,Merced,95348,434900,4,2,1789,6600,2006,Single Family Residential,Active,2026-06-29,37.3345017,-120.4956177,https://www.redfin.com/CA/Merced/3726-Crane-Ave-95348/home/19656269,redfin
2026-09-20,mls:MC26141821,3774 Magellan,Merced,95340,474900,4,2.5,2282,6215,2020,Single Family Residential,Active,2026-07-01,37.3290761,-120.4408036,https://www.redfin.com/CA/Merced/3774-Magellan-95340/home/28949670,redfin
2026-09-20,mls:226105884,379 Edan Ct,Merced,95341,445000,3,2,1511,7588,2002,Single Family Residential,Active,2026-08-21,37.2831608,-120.4817525,https://www.redfin.com/CA/Merced/379-Edan-Ct-95341/home/19663940,redfin
2026-09-20,mls:MC26184740,3851 Twilight Ave,Merced,95348,459900,4,2.5,3286,6906,2005,Single Family Residential,Active,2026-08-24,37.3372152,-120.4898191,https://www.redfin.com/CA/Merced/3851-Twilight-Ave-95348/home/19645819,redfin
2026-09-20,mls:DW26039485,3880 Early Lgt,Merced,95348,400000,5,2.5,2023,4275,2005,Single Family Residential,Active,2026-03-01,37.3369528,-120.4904075,https://www.redfin.com/CA/Merced/3880-Early-Light-Ave-95348/home/19658704,redfin
2026-09-20,mls:MC26105349,3888 Solstice,Merced,95348,515000,8,4,3286,9833,2005,Single Family Residential,Active,2026-05-14,37.3390975,-120.4872439,https://www.redfin.com/CA/Merced/3888-Solstice-Ave-95348/home/19657581,redfin
2026-09-20,mls:226105372,3910 Twilight Ave,Merced,95348,459999,4,4,2352,5728,2006,Single Family Residential,Active,2026-08-20,37.3383451,-120.4900763,https://www.redfin.com/CA/Merced/3910-Twilight-Ave-95348/home/19658692,redfin
2026-09-20,mls:MC26178671,394 St. Bermuda,Merced,95341,95000,2,1,,5752,,Vacant Land,Active,2026-08-14,37.2826567,-120.4738723,https://www.redfin.com/CA/Merced/394-Bermuda-St-95341/home/19666930,redfin
2026-09-20,mls:MC26201117,3947 Finch Ct,Merced,95340,585000,4,3,1904,7497,1997,Single Family Residential,Active,2026-09-16,37.3375469,-120.4608631,https://www.redfin.com/CA/Merced/3947-Finch-Ct-95340/home/19679529,redfin
2026-09-20,mls:MC26167281,4025 St Remy Ct,Merced,95348,589000,5,3.5,3291,6710,2007,Single Family Residential,Active,2026-07-31,37.3418674,-120.4915622,https://www.redfin.com/CA/Merced/4025-St-Remy-Ct-95348/home/19651325,redfin
2026-09-20,mls:MC26082691,4089 Bayonet,Merced,95348,469000,4,3,1842,5125,2023,Single Family Residential,Active,2026-04-16,37.3425668,-120.4963347,https://www.redfin.com/CA/Merced/4089-Bayonet-Dr-95348/home/180787106,redfin
2026-09-20,mls:MC26181953,409 W 25th St,Merced,95340,225000,2,1,982,3750,1932,Single Family Residential,Active,2026-08-23,37.3091936,-120.4774598,https://www.redfin.com/CA/Merced/409-W-25th-St-95340/home/19692138,redfin
2026-09-20,mls:226089687,4100 Scarlet Ct,Merced,95348,482880,4,2.5,1924,5083,2026,Single Family Residential,Active,2026-07-15,37.343721,-120.491211,https://www.redfin.com/CA/Merced/4100-Scarlet-Ct-95348/home/186321264,redfin
2026-09-20,mls:226094076,4108 Adobe Ct,Merced,95348,449880,3,2.5,1777,4658,2026,Single Family Residential,Active,2026-07-24,37.343855,-120.493857,https://www.redfin.com/CA/Merced/4108-Adobe-Ct-95348/home/186321177,redfin
2026-09-20,mls:MC26163326,4115 Scarlet Ct,Merced,95348,459880,4,2.5,1924,4656,2026,Single Family Residential,Active,2026-07-27,37.3429784,-120.4934196,https://www.redfin.com/CA/Merced/4115-Scarlet-Ct-95348/home/186321239,redfin
2026-09-20,mls:9146B3B1C39A,4116 Scarlet Ct,Merced,95348,483250,4,2.5,1924,,2026,Single Family Residential,Active,2026-05-31,37.3429784,-120.4934196,https://www.redfin.com/CA/Merced/4116-Scarlet-Ct-95348/home/186321261,redfin
2026-09-20,mls:62D769E83AAC,4125 Adobe Ct,Merced,95348,552330,4,2.5,1924,,2026,Single Family Residential,Active,2026-08-05,37.344102,-120.494398,https://www.redfin.com/CA/Merced/4125-Adobe-Ct-95348/home/186321153,redfin
2026-09-20,mls:MC26139899,413 El Portal Ct,Merced,95348,405000,4,2,1440,6000,1993,Single Family Residential,Active,2026-06-26,37.327138,-120.4735865,https://www.redfin.com/CA/Merced/413-El-Portal-Ct-95348/home/19667718,redfin
2026-09-20,mls:ML82035268,413 Hydrangea Ct,Merced,95341,440000,4,2.5,1864,5471,2005,Single Family Residential,Active,2026-02-17,37.2819906,-120.4260934,https://www.redfin.com/CA/Merced/413-Hydrangea-Ct-95341/home/19648529,redfin
2026-09-20,mls:MC26198130,4180 Adobe Ct,Merced,95348,525000,4,2.5,1941,4527,2024,Single Family Residential,Active,2026-09-09,37.3449473,-120.4937563,https://www.redfin.com/CA/Merced/4180-Adobe-Ct-95348/home/186321168,redfin
2026-09-20,mls:41144861,4195 North Highway 59,Merced,95348,285000,,,,39340,,Vacant Land,Active,2026-08-13,37.3492155,-120.5042264,https://www.redfin.com/CA/Merced/4195-N-State-Highway-59-95348/home/19684726,redfin
2026-09-20,mls:MC26123889,42 Squaw Valley Ct,Merced,95341,463709,4,2,1969,5805,2026,Single Family Residential,Active,2026-06-07,37.2849016,-120.4302551,https://www.redfin.com/CA/Merced/42-Squaw-Valley-Dr-95341/home/202168801,redfin
2026-09-20,mls:MC26201983,420 W 19th St,Merced,95340,315000,2,1.5,1489,7500,1938,Single Family Residential,Active,2026-09-15,37.3028374,-120.4813392,https://www.redfin.com/CA/Merced/420-W-19th-St-95340/home/19690991,redfin
2026-09-20,mls:MC26140315,4208 Berryesa,Merced,95348,399000,3,2.5,1555,3837,2008,Single Family Residential,Active,2026-06-27,37.3452052,-120.4693254,https://www.redfin.com/CA/Merced/4208-Berryesa-Ave-95348/home/19651904,redfin
2026-09-20,mls:MC26158999,424 Barclay Way,Merced,95348,450000,4,2,1700,4925,2007,Single Family Residential,Active,2026-07-24,37.3553556,-120.4744038,https://www.redfin.com/CA/Merced/424-Barclay-Way-95348/home/19651643,redfin
2026-09-20,mls:MC26182055,4240 Los Olivos Rd,Merced,95340,1600000,4,2,2561,361548,1970,Single Family Residential,Active,2026-08-24,37.3500726,-120.4354813,https://www.redfin.com/CA/Merced/4240-Los-Olivos-Rd-95340/home/19679651,redfin
2026-09-20,mls:MC26178473,4265 Freemark Ave,Merced,95348,559900,5,3.5,2478,5240,2021,Single Family Residential,Active,2026-08-20,37.3448479,-120.482299,https://www.redfin.com/CA/Merced/4265-Freemark-Ave-95348/home/28949033,redfin
2026-09-20,mls:226106909,434 Occidental Ct,Merced,95348,389999,4,2,1440,6000,1993,Single Family Residential,Active,2026-08-24,37.3281127,-120.4740071,https://www.redfin.com/CA/Merced/434-Occidental-Ct-95348/home/19667652,redfin
2026-09-20,mls:MC26168529,4395 Strathmore,Merced,95348,419000,4,2,1617,4725,2018,Single Family Residential,Active,2026-08-09,37.3494562,-120.4698107,https://www.redfin.com/CA/Merced/4395-Strathmore-Pl-95348/home/28951214,redfin
2026-09-20,mls:MC26195175,4431 Andrea,Merced,95348,450000,4,3,1745,5092,2022,Single Family Residential,Active,2026-09-05,37.3507554,-120.4829035,https://www.redfin.com/CA/Merced/4431-Andrea-Dr-95348/home/172360241,redfin
2026-09-20,mls:ML82053546,4449 Lacy Ln,Merced,95348,449000,3,2,1616,5125,2022,Single Family Residential,Active,2026-07-08,37.3508779,-120.482032,https://www.redfin.com/CA/Merced/4449-Lacy-Ln-95348/home/172360257,redfin
2026-09-20,mls:225139639,446 Tyler #148 Rd,Merced,95341,299000,3,1,,57543,,Vacant Land,Active,2025-10-31,37.2816477,-120.4693583,https://www.redfin.com/CA/Merced/446-Tyler-Rd-95341/home/28953786,redfin
2026-09-20,mls:MC26094946,4465 Andrea Dr,Merced,95348,451179,3,2,1620,4583,2026,Single Family Residential,Active,2026-06-06,37.3517279,-120.4830309,https://www.redfin.com/CA/Merced/4465-Andrea-Dr-95348/home/172360248,redfin
2026-09-20,mls:226106360,454 Jacobs Dr,Merced,95348,456644,4,3,1832,4800,2007,Single Family Residential,Active,2026-08-22,37.353343,-120.4733961,https://www.redfin.com/CA/Merced/454-Jacobs-Dr-95348/home/19651725,redfin
2026-09-20,mls:MC26182077,455 Columbia,Merced,95340,364900,3,2,1175,6000,1972,Single Family Residential,Active,2026-08-19,37.32404,-120.4645496,https://www.redfin.com/CA/Merced/455-Columbia-Ave-95340/home/19703734,redfin
2026-09-20,mls:226096553,457 Buena Vista Dr,Merced,95348,399999,3,2,1440,6569,1993,Single Family Residential,Active,2026-08-15,37.3278627,-120.4742567,https://www.redfin.com/CA/Merced/457-Buena-Vista-Dr-95348/home/19668122,redfin
2026-09-20,mls:226018792,4672 Beckman Way,Merced,95348,385000,4,2.5,2116,5357,2007,Single Family Residential,Active,2026-02-18,37.3559542,-120.4725258,https://www.redfin.com/CA/Merced/4672-Beckman-Way-95348/home/19651672,redfin
2026-09-20,mls:MC26193060,475 Tulane,Merced,95348,410000,3,2,1360,6366,1999,Single Family Residential,Active,2026-09-02,37.3257095,-120.4745678,https://www.redfin.com/CA/Merced/475-Tulane-Dr-95348/home/19667400,redfin
2026-09-20,mls:MC26087411,4822 Durant,Merced,95348,599900,5,4,3265,7784,2007,Single Family Residential,Active,2026-05-05,37.3585415,-120.4691243,https://www.redfin.com/CA/Merced/4822-Durant-Way-95348/home/19650686,redfin
2026-09-20,mls:MC26177612,4836 Mari Cruz Ln,Merced,95348,453212,3,2,1620,5923,2026,Single Family Residential,Active,2026-08-13,37.358853,-120.478632,https://www.redfin.com/CA/Merced/4836-Mari-Cruz-Ln-95348/home/196426148,redfin
2026-09-20,mls:MC26094924,4842 Mari Cruz,Merced,95348,481417,3,2,1854,5923,2026,Single Family Residential,Active,2026-05-01,37.358982,-120.478524,https://www.redfin.com/CA/Merced/4842-Mari-Cruz-Ln-95348/home/196426147,redfin
2026-09-20,mls:MC26159854,4861 Langley,Merced,95348,450000,3,2,1928,8708,2015,Single Family Residential,Active,2026-07-28,37.3586468,-120.4716258,https://www.redfin.com/CA/Merced/4861-Langley-Way-95348/home/28950816,redfin
2026-09-20,mls:MC26177603,4866 Mari Cruz Ln,Merced,95348,516548,4,3,2203,5839,2026,Single Family Residential,Active,2026-08-13,37.359204,-120.478255,https://www.redfin.com/CA/Merced/4866-Mari-Cruz-Ln-95348/home/204576604,redfin
2026-09-20,mls:MC26182718,4869 Langley Way,Merced,95348,535000,5,2.5,2288,6903,2015,Single Family Residential,Active,2026-08-20,37.3590131,-120.4716565,https://www.redfin.com/CA/Merced/4869-Langley-Way-95348/home/28950822,redfin
2026-09-20,mls:MC26177584,4882 Mari Cruz Ln,Merced,95348,485789,4,3,1750,8042,2026,Single Family Residential,Active,2026-08-13,37.359382,-120.477905,https://www.redfin.com/CA/Merced/4882-Mari-Cruz-Ln-95348/home/204576504,redfin
2026-09-20,mls:MC26169759,5082 Palisade,Merced,95348,419999,4,2.5,1687,2116,2023,Single Family Residential,Active,2026-08-25,37.3625801,-120.46905,https://www.redfin.com/CA/Merced/5082-Palisade-Ave-95348/home/28952312,redfin
2026-09-20,mls:MC26150874,515 Cadiz Ct,Merced,95341,429000,4,2.5,1921,5055,2019,Single Family Residential,Active,2026-08-06,37.2770927,-120.4848762,https://www.redfin.com/CA/Merced/515-Cadiz-Ct-95341/home/28951744,redfin
2026-09-20,mls:MC26172479,52 Sedona Dr,Merced,95341,419999,4,3,1836,3200,2026,Single Family Residential,Active,2026-08-06,37.274382,-120.484204,https://www.redfin.com/CA/Merced/52-Sedona-Dr-95341/home/180787881,redfin
2026-09-20,mls:MC26190483,52 W 25th,Merced,95340,239000,2,1,830,7500,1939,Single Family Residential,Active,2026-08-31,37.3068829,-120.4725298,https://www.redfin.com/CA/Merced/52-W-25th-St-95340/home/19691446,redfin
2026-09-20,mls:MC26119524,523 Barcelona Ct,Merced,95341,396000,4,2.5,1999,3485,2023,Single Family Residential,Active,2026-06-02,37.276891,-120.4841532,https://www.redfin.com/CA/Merced/523-Barcelona-Ct-95341/home/28951740,redfin
2026-09-20,mls:MC26183832,537 Alfarata Blvd,Merced,95341,399900,4,2,1732,5970,2006,Single Family Residential,Active,2026-08-21,37.2799467,-120.4378632,https://www.redfin.com/CA/Merced/537-Alfarata-Blvd-95341/home/19652525,redfin
2026-09-20,mls:MC26202684,565 Tolman Way,Merced,95348,395000,3,2,1455,4938,2007,Single Family Residential,Active,2026-09-17,37.3537061,-120.4762962,https://www.redfin.com/CA/Merced/565-Tolman-Way-95348/home/19651075,redfin
2026-09-20,mls:MC22138199,5771 N Siena Ave,Merced,95340,265000,,,,43560,,Vacant Land,Active,2022-06-24,37.372404,-120.467821,https://www.redfin.com/CA/Merced/5771-N-Siena-Ave-95340/home/28949515,redfin
2026-09-20,mls:MC26162775,5820 N Siena Ave,Merced,95340,699000,,,,87120,,Vacant Land,Active,2026-07-25,37.372923,-120.466926,https://www.redfin.com/CA/Merced/5820-N-Siena-Ave-95340/home/28949517,redfin
2026-09-20,mls:226046872,5825 N Casa Sonada Ct,Merced,95340,285000,,,,43560,,Vacant Land,Active,2026-04-15,37.3732349,-120.4647476,https://www.redfin.com/CA/Merced/5825-N-Casa-Sonada-Ct-95340/home/168647420,redfin
2026-09-20,mls:MC26084705,5829 N Casa Sonada Ct,Merced,95340,300000,,,,43560,,Vacant Land,Active,2026-04-20,37.3737132,-120.464331,https://www.redfin.com/CA/Merced/5829-N-Casa-Sonada-Ct-95340/home/168647421,redfin
2026-09-20,mls:MC26084709,5830 N Rio Bonito Ct,Merced,95340,300000,,,,44431,,Vacant Land,Active,2026-04-20,37.373254,-120.462652,https://www.redfin.com/CA/Merced/5830-N-Rio-Bonito-Ct-95340/home/168647425,redfin
2026-09-20,mls:MC26138029,59 W 27th,Merced,95340,375000,3,2,1896,7500,1981,Single Family Residential,Active,2026-08-05,37.3093528,-120.4711085,https://www.redfin.com/CA/Merced/59-W-27th-St-95340/home/19693053,redfin
2026-09-20,mls:V1-38507,594 Granada Ct,Merced,95341,429900,4,3,1999,3671,2018,Single Family Residential,Active,2026-09-02,37.2760295,-120.4850942,https://www.redfin.com/CA/Merced/594-Granada-Ct-95341/home/28951771,redfin
2026-09-20,mls:MC26182432,60 E 12th,Merced,95341,599900,8,4,3000,7504,1977,Multi-Family (2-4 Unit),Active,2026-08-19,37.2927163,-120.4780047,https://www.redfin.com/CA/Merced/60-E-12th-St-95341/home/19687380,redfin
2026-09-20,mls:MC26202372,600 Dennis Ct,Merced,95340,329000,3,2,1718,8196,1968,Single Family Residential,Active,2026-09-16,37.3134479,-120.4641366,https://www.redfin.com/CA/Merced/600-Dennis-Ct-95340/home/19702111,redfin
2026-09-20,mls:MC26167550,603 Weslie Way,Merced,95348,359037,3,2.5,1358,2200,2026,Single Family Residential,Active,2026-07-31,37.360665,-120.478211,https://www.redfin.com/CA/Merced/603-Weslie-Way-Unknown/home/203570268,redfin
2026-09-20,mls:MC26177703,613 Weslie Way,Merced,95348,393290,3,2.5,1623,3969,2026,Single Family Residential,Active,2026-08-13,37.360675,-120.478516,https://www.redfin.com/CA/Merced/613-Weslie-Way-Unknown/home/204577766,redfin
2026-09-20,mls:MC26177694,615 Weslie Way,Merced,95348,359037,3,2.5,1358,2425,2026,Single Family Residential,Active,2026-08-13,37.360679,-120.478617,https://www.redfin.com/CA/Merced/615-Weslie-Way-Unknown/home/204577717,redfin
2026-09-20,mls:MC26177647,617 Weslie Way,Merced,95348,359037,3,2.5,1358,2473,2026,Single Family Residential,Active,2026-08-13,37.360682,-120.478693,https://www.redfin.com/CA/Merced/617-Weslie-Way-Unknown/home/204577547,redfin
2026-09-20,mls:MC26177619,621 Weslie Way,Merced,95348,393290,3,2.5,1623,4244,2026,Single Family Residential,Active,2026-08-13,37.360685,-120.478795,https://www.redfin.com/CA/Merced/621-Weslie-Way-Unknown/home/204576922,redfin
2026-09-20,mls:MC26127731,626 Heitz Ct,Merced,95348,429000,4,3,1852,5661,2020,Single Family Residential,Active,2026-07-01,37.3485926,-120.4781423,https://www.redfin.com/CA/Merced/626-Heitz-Ct-95348/home/28948826,redfin
2026-09-20,mls:226052760,627 Elizabeth Ct,Merced,95341,387500,3,2,1231,5301,2024,Single Family Residential,Active,2026-05-22,37.277912,-120.493846,https://www.redfin.com/CA/Merced/627-Elizabeth-Ct-95341/home/180787387,redfin
2026-09-20,mls:MC26163276,63 Maia Ct,Merced,95341,459000,4,2.5,1945,4595,2007,Single Family Residential,Active,2026-07-31,37.2890444,-120.4270611,https://www.redfin.com/CA/Merced/63-Maia-Ct-95341/home/19656885,redfin
2026-09-20,mls:MC26168622,630 Andrea,Merced,95348,410000,3,2,1616,4897,2020,Single Family Residential,Active,2026-08-03,37.3493336,-120.4782911,https://www.redfin.com/CA/Merced/630-Andrea-Dr-95348/home/168649010,redfin
2026-09-20,mls:MC26146533,636 W 25th,Merced,95340,330000,2,1,1056,7500,1949,Single Family Residential,Active,2026-07-06,37.3100838,-120.4811936,https://www.redfin.com/CA/Merced/636-W-25th-St-95340/home/19693007,redfin
2026-09-20,mls:MC26148395,654-- 658 W Yosemite,Merced,95348,499000,4,4,2378,6841,1984,Multi-Family (2-4 Unit),Active,2026-07-29,37.3318577,-120.4798624,https://www.redfin.com/CA/Merced/654-W-Yosemite-Ave-95348/home/19668082,redfin
2026-09-20,mls:MC26183806,670 Elizabeth Ct,Merced,95341,405000,4,2,1509,6118,2024,Single Family Residential,Active,2026-08-21,37.27745,-120.494384,https://www.redfin.com/CA/Merced/670-Elizabeth-Ct-95341/home/180787393,redfin
2026-09-20,mls:MC26163641,677 Mackenzie Ct,Merced,95341,379900,3,2,1000,4998,2024,Single Family Residential,Active,2026-07-27,37.2792618,-120.4943634,https://www.redfin.com/CA/Merced/677-Mackenzie-Ct-95341/home/180787315,redfin
2026-09-20,mls:MC26106631,684 Skyler Ln Unit 69 B2,Merced,95348,439990,4,2,1509,5830,2026,Single Family Residential,Active,2026-07-19,37.3586629,-120.4807985,https://www.redfin.com/CA/Merced/684-Skyler-Ln-95348/unit-69-B2/home/201858480,redfin
2026-09-20,mls:MC24096982,6922 G St,Merced,95340,3599999,2,3,6300,2964258,1982,Single Family Residential,Active,2024-05-16,37.3891143,-120.4663615,https://www.redfin.com/CA/Merced/6922-G-St-95340/home/187852220,redfin
2026-09-20,mls:MC26111249,693 Cadiz Ave,Merced,95341,450900,4,2.5,2182,3744,2022,Single Family Residential,Active,2026-05-22,37.274742,-120.48485,https://www.redfin.com/CA/Merced/693-Cadiz-Ave-95341/home/180787922,redfin
2026-09-20,mls:41148105,698 Keng Ct,Merced,95341,410000,3,2,1214,6838,2024,Single Family Residential,Active,2026-09-11,37.2802099,-120.494785,https://www.redfin.com/CA/Merced/698-Keng-Ct-95341/home/186321375,redfin
2026-09-20,mls:MC26183512,698 Roberts Ct,Merced,95340,475000,4,2,1900,12610,1967,Single Family Residential,Active,2026-09-01,37.3112846,-120.4628734,https://www.redfin.com/CA/Merced/698-Roberts-Ct-95340/home/19702775,redfin
2026-09-20,mls:226035968,7044 Hwy 59 & Sandy Mush Rd,Merced,95340,399000,3,1.5,,1001880,,Vacant Land,Active,2026-03-25,37.3145748,-120.4687351,https://www.redfin.com/CA/Merced/59-Sandy-Ln-95340/home/19703233,redfin
2026-09-20,mls:MC26008284,71 Tyler Rd,Merced,95341,1199000,,,,392040,,Vacant Land,Active,2026-01-13,37.2869741,-120.4703556,https://www.redfin.com/CA/Merced/71-Tyler-Rd-95341/home/194153528,redfin
2026-09-20,mls:MC26189059,713 Stone Ridge West Ave,Merced,95341,344140,3,2.5,1358,1649,2026,Single Family Residential,Active,2026-08-28,37.2768573,-120.4808773,https://www.redfin.com/CA/Merced/713-Stone-Ridge-West-Ave-95341/home/196426217,redfin
2026-09-20,mls:MC26053673,714 Dean Ct,Merced,95341,399900,3,2,1214,5200,2023,Single Family Residential,Active,2026-03-11,37.2788436,-120.4953763,https://www.redfin.com/CA/Merced/714-Dean-Ct-95341/home/180787328,redfin
2026-09-20,mls:MC26152873,714 Suzanne,Merced,95348,440000,3,2,1435,5065,2021,Single Family Residential,Active,2026-07-30,37.3512045,-120.4806199,https://www.redfin.com/CA/Merced/714-Suzanne-Dr-95348/home/172360276,redfin
2026-09-20,mls:226038701,72 E 12th St,Merced,95341,650000,6,4,3002,7505,1976,Multi-Family (5+ Unit),Active,2026-05-20,37.2926913,-120.4778409,https://www.redfin.com/CA/Merced/72-E-12th-St-95341/home/19687379,redfin
2026-09-20,mls:MC26013670,724 Robin Dr,Merced,95340,579900,5,3,2021,10109,1997,Single Family Residential,Active,2026-02-11,37.3369707,-120.4617846,https://www.redfin.com/CA/Merced/724-Robin-Dr-95340/home/19661373,redfin
2026-09-20,mls:MC26181900,725 Stone Ridge West Ave,Merced,95341,374750,3,2.5,1623,2774,2026,Single Family Residential,Active,2026-08-19,37.27672,-120.4808686,https://www.redfin.com/CA/Merced/725-Stone-Ridge-West-Ave-95341/home/196426220,redfin
2026-09-20,mls:MP26164276,726 Skyler Ct,Merced,95348,439000,3,2,1435,5269,2026,Single Family Residential,Active,2026-07-28,37.358728,-120.481646,https://www.redfin.com/CA/Merced/726-Skyler-Ln-95348/home/196426122,redfin
2026-09-20,mls:MC26094809,732 Stone Ridge East Ave,Merced,95341,328540,2,2.5,1259,1652,2026,Single Family Residential,Active,2026-09-10,37.2751972,-120.4843636,https://www.redfin.com/CA/Merced/732-Stone-Ridge-East-Ave-95341/home/196426251,redfin
2026-09-20,mls:MC26095163,733 Marshall Ct,Merced,95348,445000,3,2,1620,5611,2026,Single Family Residential,Active,2026-05-01,37.35993,-120.481585,https://www.redfin.com/CA/Merced/733-Marshall-Ct-95348/home/201673758,redfin
2026-09-20,mls:226083180,733 Newton Ct,Merced,95348,450000,5,2.5,1919,5502,2020,Single Family Residential,Active,2026-06-30,37.3481419,-120.4808294,https://www.redfin.com/CA/Merced/733-Newton-Ct-95348/home/28948811,redfin
2026-09-20,mls:MC26027458,738 Skyler Ct,Merced,95348,445000,3,2,1620,5300,2026,Single Family Residential,Active,2026-03-10,37.358728,-120.481818,https://www.redfin.com/CA/Merced/738-Skyler-Ln-95348/home/196426123,redfin
2026-09-20,mls:226092145,747 Marcus Ct,Merced,95341,385000,3,2,1443,5001,2022,Single Family Residential,Active,2026-07-24,37.2799617,-120.4959358,https://www.redfin.com/CA/Merced/747-Marcus-Ct-95341/home/179425220,redfin
2026-09-20,mls:cmpmoqogk10nys6015tvoig1e,751 Yosemite Pkwy,Merced,95340,250000,3,1,1036,,1959,Unknown,Active,2026-05-26,37.2955401,-120.4653358,https://www.redfin.com/CA/Merced/751-Yosemite-Pkwy-95340/home/19687728,redfin
2026-09-20,mls:MC26185562,756 Brianne Ct,Merced,95341,385000,3,2,1214,5175,2021,Single Family Residential,Active,2026-08-24,37.2825904,-120.4960306,https://www.redfin.com/CA/Merced/756-Brianne-Ct-95341/home/176247864,redfin
2026-09-20,mls:MC26001848,756 Crist,Merced,95341,105000,,,,14894,,Vacant Land,Active,2026-01-05,37.2936235,-120.4685564,https://www.redfin.com/CA/Merced/756-Crist-Ave-95341/home/19687412,redfin
2026-09-20,mls:MC26009493,767 Taryn Ct,Merced,95341,340000,3,2,1000,5433,2020,Single Family Residential,Active,2026-03-17,37.2843948,-120.4961734,https://www.redfin.com/CA/Merced/767-Taryn-Ct-95341/home/172356595,redfin
2026-09-20,mls:MC26073213,789 Yosemite,Merced,95340,299999,3,1,1032,7500,1953,Single Family Residential,Active,2026-05-26,37.295444,-120.4651341,https://www.redfin.com/CA/Merced/789-Yosemite-Pkwy-95340/home/19687612,redfin
2026-09-20,mls:226081813,794 Dean Ct,Merced,95341,455000,4,2,1862,7000,2023,Single Family Residential,Active,2026-06-26,37.2788084,-120.4967438,https://www.redfin.com/CA/Merced/794-Dean-Ct-95341/home/180787335,redfin
2026-09-20,mls:MC25254770,835 W 10th St,Merced,95341,145000,,,,14536,,Vacant Land,Active,2025-11-05,37.2963738,-120.4927217,https://www.redfin.com/CA/Merced/835-W-10th-St-95341/home/183226295,redfin
2026-09-20,mls:MC25202610,84 Jack Ct,Merced,95341,379000,4,2.5,1945,4595,2007,Single Family Residential,Active,2025-11-12,37.2893222,-120.4274259,https://www.redfin.com/CA/Merced/84-Jack-Ct-95341/home/19657494,redfin
2026-09-20,mls:MC26133869,86 Sedona,Merced,95341,445000,4,2.5,2182,3199,2022,Single Family Residential,Active,2026-06-19,37.2744305,-120.485051,https://www.redfin.com/CA/Merced/86-Sedona-Dr-95341/home/180787875,redfin
2026-09-20,mls:MC26148980,864 E Childs,Merced,95341,2190000,,,,871200,,Vacant Land,Active,2026-07-10,37.2875663,-120.4660284,https://www.redfin.com/CA/Merced/864-E-Childs-Ave-95341/home/188876508,redfin
2026-09-20,mls:MC26041835,890 Barney,Merced,95340,299000,2,1,1233,6075,1951,Single Family Residential,Active,2026-05-06,37.3009501,-120.4613226,https://www.redfin.com/CA/Merced/890-Barney-St-95340/home/19687980,redfin
2026-09-20,mls:MC25242208,902 W 20th St,Merced,95340,345000,2,1,1378,7368,1917,Single Family Residential,Active,2025-10-17,37.3065016,-120.4880009,https://www.redfin.com/CA/Merced/902-W-20th-St-95340/home/19691004,redfin
2026-09-20,mls:MC25252460,915 R St,Merced,95341,325000,3,1,1232,5391,1930,Single Family Residential,Active,2025-11-02,37.2968727,-120.497309,https://www.redfin.com/CA/Merced/915-R-St-95341/home/19690941,redfin
2026-09-20,mls:242694,929 W 6th St,Merced,95341,625500,5,3,2300,6200,2026,Single Family Residential,Active,2026-07-06,37.2929392,-120.4963773,https://www.redfin.com/CA/Merced/929-W-6th-St-95341/home/189156477,redfin
2026-09-20,mls:651525,929 W 6th St #2,Merced,95341,625500,5,2.75,2298,6198,2026,Multi-Family (2-4 Unit),Active,2026-07-06,37.2929392,-120.4963773,https://www.redfin.com/CA/Merced/929-W-6th-St-95341/unit-2/home/202660811,redfin
2026-09-20,mls:226004168,930 W 23rd St,Merced,95340,295000,2,1,912,7501,1940,Single Family Residential,Active,2026-01-23,37.309677,-120.4867814,https://www.redfin.com/CA/Merced/930-W-23rd-St-95340/home/19692025,redfin
2026-09-20,mls:MC25270339,965 N Bryant Ct,Merced,95341,190000,,,,47916,,Vacant Land,Active,2025-12-03,37.300171,-120.520387,https://www.redfin.com/CA/Merced/965-N-Bryant-Ct-95341/home/49858867,redfin
2026-09-20,mls:55E1FC816993,Adams Plan,Merced,95348,455490,4,2,1509,,,Single Family Residential,Active,2025-07-30,37.35757827758789,-120.47850036621094,https://www.redfin.com/CA/Merced/Merced/Adams/home/196689296,redfin
2026-09-20,mls:BEC68E49FC28,Coolidge Plan,Merced,95341,461490,4,3,1842,,,Single Family Residential,Active,2026-04-09,37.284751892089844,-120.43229675292969,https://www.redfin.com/CA/Merced/Merced/Coolidge/home/196730179,redfin
2026-09-20,mls:910CCC4449B9,Coolidge Plan,Merced,95348,482490,4,3,1842,,,Single Family Residential,Active,2025-07-30,37.35757827758789,-120.47850036621094,https://www.redfin.com/CA/Merced/Merced/Coolidge/home/196689029,redfin
2026-09-20,mls:ACB25E048A12,Grayson Plan,Merced,95341,424990,3,2,1290,,,Single Family Residential,Active,2025-08-15,37.2918983,-120.4266809,https://www.redfin.com/CA/Merced/Merced/Grayson/home/197150413,redfin
2026-09-20,mls:FDD583518435,Lanner Plan,Merced,95341,498990,4,2.5,1924,,,Single Family Residential,Active,2026-04-02,37.291656,-120.42655,https://www.redfin.com/CA/Merced/Merced/Lanner/home/201094597,redfin
2026-09-20,mls:ED6468F7B4C8,Lark Plan,Merced,95348,473490,4,2,1509,,,Single Family Residential,Active,2025-05-29,37.35757827758789,-120.47850036621094,https://www.redfin.com/CA/Merced/Merced/Lark/home/195942202,redfin
2026-09-20,mls:15061A6A2B6D,Mountain Top II Plan,Merced,95348,509000,5,3,1890,,,Single Family Residential,Active,2025-08-18,37.3615146,-120.4694483,https://www.redfin.com/CA/Merced/Merced/Mountain-Top-II/home/190509865,redfin
2026-09-20,mls:874769B64FE6,Skyview II Plan,Merced,95348,479000,4,2.5,1824,,,Single Family Residential,Active,2025-08-17,37.3615146,-120.4694483,https://www.redfin.com/CA/Merced/Merced/Skyview-II/home/190509863,redfin
2026-09-20,mls:BF6DF43CAE31,The Adelina Plan,Merced,95341,397838,3,2,1403,,,Single Family Residential,Active,2025-10-26,37.2862897,-120.4304902,https://www.redfin.com/CA/Merced/Merced/The-Adelina/home/198798410,redfin
2026-09-20,mls:AB628F81CA4C,The Ashington Plan,Merced,95348,465600,4,3,1750,,,Single Family Residential,Active,2025-11-02,37.3582045,-120.4809235,https://www.redfin.com/CA/Merced/Merced/The-Ashington/home/198836475,redfin
2026-09-20,mls:7544A213B692,The Ashington Plan,Merced,95341,438700,4,3,1750,,,Single Family Residential,Active,2025-10-26,37.2862897,-120.4304902,https://www.redfin.com/CA/Merced/Merced/The-Ashington/home/198798406,redfin
2026-09-20,mls:33109F27E8B2,The Caledonia Plan,Merced,95348,480600,4,3,1969,,,Single Family Residential,Active,2025-12-20,37.3582045,-120.4809235,https://www.redfin.com/CA/Merced/Merced/The-Caledonia/home/199743228,redfin
2026-09-20,mls:3335387E8898,The Carmelo Plan,Merced,95341,391874,3,2,1500,,,Single Family Residential,Active,2025-07-31,37.2917052,-120.4288446,https://www.redfin.com/CA/Merced/Merced/The-Carmelo/home/196756198,redfin
2026-09-20,mls:C841C396BC54,The Cascade Plan,Merced,95348,436368,3,2,1620,,,Single Family Residential,Active,2025-11-06,37.3582045,-120.4809235,https://www.redfin.com/CA/Merced/Merced/The-Cascade/home/198909838,redfin
2026-09-20,mls:2BB8EC88400D,The Cascade Plan,Merced,95341,421000,3,2,1620,,,Single Family Residential,Active,2025-10-26,37.2862897,-120.4304902,https://www.redfin.com/CA/Merced/Merced/The-Cascade/home/198798409,redfin
2026-09-20,mls:DECD7A7C0493,The Florencia Plan,Merced,95348,569600,5,3,2752,,,Single Family Residential,Active,2025-11-06,37.3582045,-120.4809235,https://www.redfin.com/CA/Merced/Merced/The-Florencia/home/198918663,redfin
2026-09-20,mls:EB4F2420027D,The Haven Plan,Merced,95341,362250,3,2.5,1623,,,Townhouse,Active,2025-10-13,37.2766279,-120.4806608,https://www.redfin.com/CA/Merced/Merced/The-Haven/home/198576924,redfin
2026-09-20,mls:C5D14AA59F41,The Kelsey Plan,Merced,95341,309900,2,2.5,1259,,,Townhouse,Active,2025-10-13,37.2766279,-120.4806608,https://www.redfin.com/CA/Merced/Merced/The-Kelsey/home/198576925,redfin
2026-09-20,mls:581E257A65CE,The Monterey Plan,Merced,95348,489600,4,2,1960,,,Single Family Residential,Active,2025-12-20,37.3582045,-120.4809235,https://www.redfin.com/CA/Merced/Merced/The-Monterey/home/199743230,redfin
2026-09-20,mls:7EE60E243966,The Monterey Plan,Merced,95341,471550,4,2,1960,,,Single Family Residential,Active,2025-10-27,37.2862897,-120.4304902,https://www.redfin.com/CA/Merced/Merced/The-Monterey/home/198798429,redfin
2026-09-20,mls:43516D609CFC,The Rainier Plan,Merced,95348,404900,3,2,1435,,,Single Family Residential,Active,2025-11-06,37.3582045,-120.4809235,https://www.redfin.com/CA/Merced/Merced/The-Rainier/home/198918611,redfin
2026-09-20,mls:C66618349959,The Santa Cruz Plan,Merced,95348,479600,4,3,1810,,,Single Family Residential,Active,2025-12-20,37.3582045,-120.4809235,https://www.redfin.com/CA/Merced/Merced/The-Santa-Cruz/home/199743229,redfin
2026-09-20,mls:35E70551F97C,The Santa Cruz Plan,Merced,95341,465200,4,3,1810,,,Single Family Residential,Active,2025-10-26,37.2862897,-120.4304902,https://www.redfin.com/CA/Merced/Merced/The-Santa-Cruz/home/198798407,redfin
2026-09-20,mls:91E012AEF7B7,The Shasta Plan,Merced,95348,479230,4,3,2207,,,Single Family Residential,Active,2025-11-02,37.3582045,-120.4809235,https://www.redfin.com/CA/Merced/Merced/The-Shasta/home/198836473,redfin
2026-09-20,mls:414BA255B8B4,The Sierra Plan,Merced,95341,325500,3,2.5,1358,,,Townhouse,Active,2025-10-13,37.2766279,-120.4806608,https://www.redfin.com/CA/Merced/Merced/The-Sierra/home/198576923,redfin
2026-09-20,mls:347EB8F16713,The Teton Plan,Merced,95348,470600,3,2,1854,,,Single Family Residential,Active,2025-11-06,37.3582045,-120.4809235,https://www.redfin.com/CA/Merced/Merced/The-Teton/home/198918058,redfin
2026-09-20,mls:DBF11679A93F,The Tolosa Plan,Merced,95341,483361,4,2,2392,,,Single Family Residential,Active,2025-10-13,37.2917052,-120.4288446,https://www.redfin.com/CA/Merced/Merced/The-Tolosa/home/198576922,redfin
2026-09-21,mls:226043198,0 Fruitland & Orchard Park Ave,Atwater,95301,1500000,,,,1337292,,Vacant Land,Active,2026-04-08,37.3626644,-120.5957832,https://www.redfin.com/CA/Atwater/0-Fruitland-Ave-95301/home/183517590,redfin
2026-09-21,mls:MC22098863,0 Green Sands Ave,Atwater,95301,720000,,,,45738,,Vacant Land,Active,2022-05-12,37.338095,-120.576147,https://www.redfin.com/CA/Atwater/Green-Sands-Ave-95301/home/179404945,redfin
2026-09-21,mls:MC26107959,1 Gurr Rd,Atwater,95301,425000,,,,213880,,Vacant Land,Active,2026-05-18,37.32537,-120.557565,https://www.redfin.com/CA/Atwater/1-Gurr-RD-95301/home/198748593,redfin
2026-09-21,mls:MC26025984,1 W Belcher Ave,Atwater,95348,290000,,,,54886,,Vacant Land,Active,2026-02-04,37.338472,-120.544579,https://www.redfin.com/CA/Atwater/1-W-Belcher-Ave-95301/home/200353831,redfin
2026-09-21,mls:226114978,101 Manzanita Dr,Atwater,95301,379900,4,2,1876,8019,1985,Single Family Residential,Active,2026-09-17,37.364388,-120.5960439,https://www.redfin.com/CA/Atwater/101-Manzanita-Dr-95301/home/19669071,redfin
2026-09-21,mls:MC26185791,1020 Prince William Ct,Atwater,95301,1250000,5,4.5,3632,43560,2026,Single Family Residential,Active,2026-08-24,37.3025539,-120.5839977,https://www.redfin.com/CA/Atwater/1020-Prince-William-Ct-95301/home/168648013,redfin
2026-09-21,mls:MC26125479,10366 Rose,Atwater,95301,813500,2,2,,1045440,,Vacant Land,Active,2026-06-09,37.324381,-120.675708,https://www.redfin.com/CA/Atwater/10366-Rose-Ave-95301/home/187905845,redfin
2026-09-21,mls:224602563,10511 White Crane Rd,Atwater,95301,1195950,,,,1751112,,Vacant Land,Active,2026-06-02,37.3160829,-120.6786226,https://www.redfin.com/CA/Atwater/10511-White-Crane-Rd-95301/home/182992353,redfin
2026-09-21,mls:MC26184825,111 Pacemaker,Atwater,95301,374999,3,2,1530,7264,1975,Single Family Residential,Active,2026-08-25,37.3532969,-120.5953379,https://www.redfin.com/CA/Atwater/111-Pacemaker-Dr-95301/home/19706647,redfin
2026-09-21,mls:ML82057518,1170 Spruce,Atwater,95301,370000,3,2,1481,6240,1957,Single Family Residential,Active,2026-08-12,37.3589015,-120.6042608,https://www.redfin.com/CA/Atwater/1170-Spruce-Ave-95301/home/19709053,redfin
2026-09-21,mls:MC26203442,1291 Spruce,Atwater,95301,375000,3,2,1226,7475,1955,Single Family Residential,Active,2026-09-16,37.3590269,-120.6058987,https://www.redfin.com/CA/Atwater/1291-Spruce-Ave-95301/home/19708693,redfin
2026-09-21,mls:MC26115028,1319 3rd St,Atwater,95301,349900,3,1,1356,7321,1920,Single Family Residential,Active,2026-07-07,37.3485144,-120.608288,https://www.redfin.com/CA/Atwater/1319-3rd-St-95301/home/19708365,redfin
2026-09-21,mls:MC26198555,134 E Fir,Atwater,95301,295000,3,2,1425,10969,1959,Single Family Residential,Active,2026-09-10,37.3457031,-120.5946928,https://www.redfin.com/CA/Atwater/134-E-Fir-Ave-95301/home/19706101,redfin
2026-09-21,mls:MC26087176,136 Seville Ct,Atwater,95301,58000,2,1,672,,1980,Mobile/Manufactured Home,Active,2026-04-22,37.3413116,-120.5881367,https://www.redfin.com/CA/Atwater/136-Seville-Ct-95301/home/19655417,redfin
2026-09-21,mls:MC26186737,1371 Shady Cove Ave,Atwater,95301,265000,,,,43655,,Vacant Land,Active,2026-08-25,37.3074557,-120.5915332,https://www.redfin.com/CA/Atwater/1371-Shady-Cove-Ave-95301/home/168647928,redfin
2026-09-21,mls:ML82058659,1405 Tamarack Ave,Atwater,95301,325000,3,2,1386,8075,1955,Single Family Residential,Active,2026-08-21,37.3595332,-120.6073025,https://www.redfin.com/CA/Atwater/1405-Tamarack-Ave-95301/home/19708185,redfin
2026-09-21,mls:MC26183256,1428 Vine Cir,Atwater,95301,330000,3,1.5,1216,2880,1990,Single Family Residential,Active,2026-09-02,37.3539283,-120.6210143,https://www.redfin.com/CA/Atwater/1428-Vine-Cir-95301/home/19659569,redfin
2026-09-21,mls:MC26196306,1453 Augusta,Atwater,95301,495000,4,2,1964,7492,2001,Single Family Residential,Active,2026-09-10,37.3418612,-120.5792132,https://www.redfin.com/CA/Atwater/1453-Augusta-Ln-95301/home/19665042,redfin
2026-09-21,mls:MC26191754,1463 Juniper Ave,Atwater,95301,319000,3,1,1306,8724,1951,Single Family Residential,Active,2026-09-11,37.3544585,-120.6076816,https://www.redfin.com/CA/Atwater/1463-Juniper-Ave-95301/home/19709001,redfin
2026-09-21,mls:MC26136421,1501 Drakeley,Atwater,95301,297699,2,1,757,7116,1928,Single Family Residential,Active,2026-06-22,37.349514,-120.6110231,https://www.redfin.com/CA/Atwater/1501-Drakeley-Ave-95301/home/21887227,redfin
2026-09-21,mls:226107316,1505 Jorgensen St,Atwater,95301,389000,3,2,1333,6878,1956,Single Family Residential,Active,2026-08-26,37.3460862,-120.5935394,https://www.redfin.com/CA/Atwater/1505-Jorgensen-St-95301/home/19707009,redfin
2026-09-21,mls:226084471,1522 Vine Cir,Atwater,95301,349900,3,1.5,1216,2879,1990,Single Family Residential,Active,2026-07-07,37.3538377,-120.6212607,https://www.redfin.com/CA/Atwater/1522-Vine-Cir-95301/home/19650770,redfin
2026-09-21,mls:MC26178733,1527 Underwood,Atwater,95301,399000,3,2,1543,9005,1957,Single Family Residential,Active,2026-08-14,37.3598418,-120.6095756,https://www.redfin.com/CA/Atwater/1527-Underwood-Ave-95301/home/19708162,redfin
2026-09-21,mls:MC26176577,1536 Fir Ave,Atwater,95301,299999,3,2,1002,7232,1954,Single Family Residential,Active,2026-08-13,37.3509088,-120.6104503,https://www.redfin.com/CA/Atwater/1536-Fir-Ave-95301/home/19707972,redfin
2026-09-21,mls:MC26172461,160 Jeanna Ct,Atwater,95301,694999,4,3,2678,11325,2026,Single Family Residential,Active,2026-08-06,37.372538,-120.5937848,https://www.redfin.com/CA/Atwater/160-Jeanna-Ct-95301/home/28952238,redfin
2026-09-21,mls:MC26161061,1625 Osborn Ter,Atwater,95301,392000,3,2,1346,6628,1960,Single Family Residential,Active,2026-08-09,37.3476363,-120.5929879,https://www.redfin.com/CA/Atwater/1625-Osborn-Ter-95301/home/19707368,redfin
2026-09-21,mls:226109198,1694 Elm Ave,Atwater,95301,340000,2,2,806,6765,1938,Single Family Residential,Active,2026-08-28,37.350644,-120.6124198,https://www.redfin.com/CA/Atwater/1694-Elm-Ave-95301/home/19708326,redfin
2026-09-21,mls:CV26135510,171 ATWATER #29,Atwater,95301,120000,3,2,1390,,1989,Mobile/Manufactured Home,Active,2026-06-21,37.341906,-120.596759,https://www.redfin.com/CA/Atwater/171-Atwater-Blvd-95301/unit-29/home/19654911,redfin
2026-09-21,mls:MC26093531,1800 2nd,Atwater,95301,549900,3,2,1802,15153,1951,Single Family Residential,Active,2026-05-05,37.3519828,-120.6042363,https://www.redfin.com/CA/Atwater/1800-2nd-St-95301/home/161299203,redfin
2026-09-21,mls:FR26204431,1814 White Pines Ct,Atwater,95301,495000,3,2,1705,6956,2001,Single Family Residential,Active,2026-09-18,37.3413279,-120.5781118,https://www.redfin.com/CA/Atwater/1814-White-Pines-Ct-95301/home/19665151,redfin
2026-09-21,mls:MC25219261,1831 Olive Ave,Atwater,95301,325000,1,1,280,13778,1940,Single Family Residential,Active,2025-10-29,37.3493071,-120.6148542,https://www.redfin.com/CA/Atwater/1831-Olive-Ave-95301/home/19709352,redfin
2026-09-21,mls:MC26202224,1873 Grove Ave,Atwater,95301,995000,70,7,4642,14496,1979,Multi-Family (5+ Unit),Active,2026-09-15,37.3536168,-120.613139,https://www.redfin.com/CA/Atwater/1873-Grove-Ave-95301/home/19708355,redfin
2026-09-21,mls:MC24152023,1883 Sycamore Ave,Atwater,95301,650000,,,,52272,,Vacant Land,Active,2024-07-24,37.3469,-120.617299,https://www.redfin.com/CA/Atwater/1883-Sycamore-Ave-95301/home/21156099,redfin
2026-09-21,mls:MC26184580,190 Kadota,Atwater,95301,450000,3,2,1709,7350,1979,Single Family Residential,Active,2026-08-22,37.350776,-120.59799,https://www.redfin.com/CA/Atwater/190-Kadota-Ave-95301/home/19706882,redfin
2026-09-21,mls:MC26147011,1917 Shasta,Atwater,95301,475000,4,2,1841,6397,2007,Single Family Residential,Active,2026-07-07,37.3467111,-120.6242317,https://www.redfin.com/CA/Atwater/1917-Shasta-Dr-95301/home/19652770,redfin
2026-09-21,mls:MC26136462,1971 Mitchell,Atwater,95301,240000,1,1,576,4262,1947,Single Family Residential,Active,2026-06-22,37.3530587,-120.6152921,https://www.redfin.com/CA/Atwater/1971-Mitchell-St-95301/home/19709243,redfin
2026-09-21,mls:MC26089924,2 Rancho Grande Cir,Atwater,95301,132000,2,2,864,,2019,Mobile/Manufactured Home,Active,2026-04-25,37.340844,-120.588071,https://www.redfin.com/CA/Atwater/2-Rancho-Grande-Cir-95301/home/185794860,redfin
2026-09-21,mls:MC26025317,2 W Belcher Ave Ave,Atwater,95348,275000,,,,44431,,Vacant Land,Active,2026-02-04,37.338379,-120.543985,https://www.redfin.com/CA/Atwater/2-W-Belcher-Ave-95301/home/200350163,redfin
2026-09-21,mls:cmrzhhmi800u1s601lhzf835k,2001 Eucalyptus St,Atwater,95301,300000,3,2,1263,,1970,Unknown,Active,2026-07-24,37.3525738,-120.6015444,https://www.redfin.com/CA/Atwater/2001-Eucalyptus-St-95301/home/19707873,redfin
2026-09-21,mls:MC26141326,2024 De La Vina Ct,Atwater,95301,489000,3,2,1728,6540,2024,Single Family Residential,Active,2026-06-29,37.3482248,-120.5689736,https://www.redfin.com/CA/Atwater/2024-De-la-Vina-Ct-95301/home/28947790,redfin
2026-09-21,mls:226092977,2039 Cambridge Dr,Atwater,95301,924950,4,2.5,2011,43560,1979,Single Family Residential,Active,2026-07-23,37.3172155,-120.5852308,https://www.redfin.com/CA/Atwater/2039-Cambridge-Dr-95301/home/19706483,redfin
2026-09-21,mls:226068921,2275 5th St,Atwater,95301,449000,3,2.5,1981,9561,1955,Single Family Residential,Active,2026-06-03,37.3566224,-120.6062774,https://www.redfin.com/CA/Atwater/2275-5th-St-95301/home/19709061,redfin
2026-09-21,mls:MC25147391,2294 Olive Ave,Atwater,95301,55000,8,4,,13966,,Vacant Land,Active,2025-07-01,37.3514598,-120.6208716,https://www.redfin.com/CA/Atwater/2294-Olive-Ave-95301/home/19709111,redfin
2026-09-21,mls:MC26114023,2350 Angelus Ct,Atwater,95301,439900,3,2,1609,12070,1976,Single Family Residential,Active,2026-06-09,37.3576477,-120.614814,https://www.redfin.com/CA/Atwater/2350-Angelus-Ct-95301/home/19708819,redfin
2026-09-21,mls:MC26051388,2355 Atwater Blvd Spc 22,Atwater,95301,55000,3,2,840,,2016,Mobile/Manufactured Home,Active,2026-03-11,37.3507817,-120.6214714,https://www.redfin.com/CA/Atwater/2355-Atwater-Blvd-95301/unit-22/home/172361410,redfin
2026-09-21,mls:cmtj7o0m6031rs6013ev0ioz8,2412 Brodalski St,Atwater,95301,410000,3,2,1840,,1981,Unknown,Active,2026-09-01,37.3606617,-120.6193387,https://www.redfin.com/CA/Atwater/2412-Brodalski-St-95301/home/19669346,redfin
2026-09-21,mls:MC26183608,2480 Boulder Dr,Atwater,95301,529900,4,2,2060,8472,2008,Single Family Residential,Active,2026-08-21,37.3573351,-120.5866815,https://www.redfin.com/CA/Atwater/2480-Boulder-Dr-95301/home/19651866,redfin
2026-09-21,mls:MC26204586,2484 Sierra Springs Ct,Atwater,95301,275000,,,,43560,,Vacant Land,Active,2026-09-18,37.3237013,-120.5916941,https://www.redfin.com/CA/Atwater/2484-Sierra-Springs-Ct-95301/home/28946843,redfin
2026-09-21,mls:MC26163242,249 Live Oak,Atwater,95301,465000,4,2,1876,10445,1989,Single Family Residential,Active,2026-07-27,37.3674341,-120.5979875,https://www.redfin.com/CA/Atwater/249-Live-Oak-Dr-95301/home/19669122,redfin
2026-09-21,mls:226095283,2755 Atwater Blvd Unit G,Atwater,95301,59000,2,1,601,,1977,Mobile/Manufactured Home,Active,2026-07-29,37.3530085,-120.6278709,https://www.redfin.com/CA/Atwater/2755-Atwater-Blvd-95301/unit-G/home/191959108,redfin
2026-09-21,mls:MC26152667,2850 Woodbury Ct,Atwater,95301,799901,3,2,1863,47916,1989,Single Family Residential,Active,2026-07-17,37.3292323,-120.5823632,https://www.redfin.com/CA/Atwater/2850-Woodbury-Ct-95301/home/19705301,redfin
2026-09-21,mls:MC26118530,2869 Hillcrest St,Atwater,95301,439000,3,2,1623,6819,1974,Single Family Residential,Active,2026-07-02,37.3620778,-120.6103928,https://www.redfin.com/CA/Atwater/2869-Hillcrest-St-95301/home/19669067,redfin
2026-09-21,mls:226085476,290 E Grove,Atwater,95301,359900,4,2,1367,7932,1961,Single Family Residential,Active,2026-09-19,37.3464944,-120.5919392,https://www.redfin.com/CA/Atwater/290-E-Grove-Ave-95301/home/19706119,redfin
2026-09-21,mls:226115010,2914 Winners Cir,Atwater,95301,364988,3,2,1400,7431,1981,Single Family Residential,Active,2026-09-18,37.362913,-120.5795607,https://www.redfin.com/CA/Atwater/2914-Winners-Cir-95301/home/19668485,redfin
2026-09-21,mls:226040410,3196 Heather Glen Ln,Atwater,95301,200000,,,,52272,,Vacant Land,Active,2026-09-12,37.3672231,-120.6019773,https://www.redfin.com/CA/Atwater/3196-Heather-Glen-Ln-95301/home/28947254,redfin
2026-09-21,mls:MC26202908,3207 Manzanita,Atwater,95301,479000,4,2,1876,6000,1989,Single Family Residential,Active,2026-09-17,37.3672547,-120.600526,https://www.redfin.com/CA/Atwater/3207-Manzanita-Dr-95301/home/19668930,redfin
2026-09-21,mls:MC26122925,3347 Stacey Ct,Atwater,95301,350000,4,2,1559,7446,1980,Single Family Residential,Active,2026-06-15,37.3672189,-120.6235651,https://www.redfin.com/CA/Atwater/3347-Stacey-Ct-95301/home/19670102,redfin
2026-09-21,mls:MC26200202,3369 Lighthouse Ct,Atwater,95301,525000,4,3,2442,7187,1991,Single Family Residential,Active,2026-09-12,37.3690061,-120.5986042,https://www.redfin.com/CA/Atwater/3369-Lighthouse-Ct-95301/home/19668649,redfin
2026-09-21,mls:MC26187134,3370 Harness Dr,Atwater,95301,539900,4,2.5,2375,6800,2006,Single Family Residential,Active,2026-08-27,37.3697202,-120.6002666,https://www.redfin.com/CA/Atwater/3370-Harness-Dr-95301/home/19658536,redfin
2026-09-21,mls:MC26061429,3379 Lighthouse Ct,Atwater,95301,249900,,,,7790,,Vacant Land,Active,2026-03-20,37.3691893,-120.5986279,https://www.redfin.com/CA/Atwater/3379-Lighthouse-Ct-95301/home/200957298,redfin
2026-09-21,mls:MC26102154,3650 Santa Fe,Atwater,95301,399000,,,,121968,,Vacant Land,Active,2026-05-11,37.3415852,-120.5414649,https://www.redfin.com/CA/Atwater/3650-N-Santa-Fe-Ave-95301/home/19655352,redfin
2026-09-21,mls:226111837,456 Elm,Atwater,95301,320000,3,1,1299,7649,1952,Single Family Residential,Active,2026-09-04,37.3457724,-120.5996582,https://www.redfin.com/CA/Atwater/456-Elm-Ave-95301/home/19707284,redfin
2026-09-21,mls:MC25260738,474 Aaron Ct,Atwater,95301,699900,4,3,2412,11000,2025,Single Family Residential,Active,2025-11-14,37.373416,-120.6014311,https://www.redfin.com/CA/Atwater/474-Aaron-Ct-95301/home/28947469,redfin
2026-09-21,mls:MC26146741,485 Windmill Ct,Atwater,95301,565000,4,2.5,2297,7079,2017,Single Family Residential,Active,2026-07-06,37.3703282,-120.6015627,https://www.redfin.com/CA/Atwater/485-Windmill-Ct-95301/home/28947233,redfin
2026-09-21,mls:MC25225932,4910-4910 Clover Ave,Atwater,95301,1100000,,,,125463,,Vacant Land,Active,2025-09-25,37.336971,-120.5754416,https://www.redfin.com/CA/Atwater/4910-Clover-Ave-95301/home/21627334,redfin
2026-09-21,mls:226108306,5200 Crest #49,Atwater,95301,109990,3,2,900,,2026,Mobile/Manufactured Home,Active,2026-08-27,37.3628637,-120.585355,https://www.redfin.com/CA/Atwater/5200-Crest-Rd-95301/unit-49/home/19655596,redfin
2026-09-21,mls:MC26154508,5200 Crest Rd #91,Atwater,95301,72999,3,1,828,,1979,Mobile/Manufactured Home,Active,2026-07-15,37.3628637,-120.585355,https://www.redfin.com/CA/Atwater/5200-Crest-Rd-95301/unit-91/home/168650464,redfin
2026-09-21,mls:226113413,6176 Fleming Rd,Atwater,95301,750000,7,6,1628,33572,2006,Multi-Family (2-4 Unit),Active,2026-09-18,37.3337342,-120.5989235,https://www.redfin.com/CA/Atwater/6176-Fleming-Rd-95301/home/19684469,redfin
2026-09-21,mls:226112186,701 Palmer Pl,Atwater,95301,409900,3,2,1553,6172,1999,Single Family Residential,Active,2026-09-07,37.3385783,-120.5847579,https://www.redfin.com/CA/Atwater/701-Palmer-Pl-95301/home/19705383,redfin
2026-09-21,mls:MC26096434,729 Mulberry Ave,Atwater,95301,395000,3,2,1692,7800,1957,Single Family Residential,Active,2026-05-04,37.353723,-120.5996942,https://www.redfin.com/CA/Atwater/729-Mulberry-Ave-95301/home/19707210,redfin
2026-09-21,mls:MC26190598,730 Juniper,Atwater,95301,317500,3,2,1344,7793,1959,Single Family Residential,Active,2026-09-13,37.351102,-120.6011293,https://www.redfin.com/CA/Atwater/730-Juniper-Ave-95301/home/19707780,redfin
2026-09-21,mls:MC26187985,75 Rancho Grande Cir,Atwater,95301,90000,3,2,1080,,1986,Mobile/Manufactured Home,Active,2026-08-29,37.3432533,-120.5869225,https://www.redfin.com/CA/Atwater/75-Rancho-Grande-Cir-95301/home/19655409,redfin
2026-09-21,mls:MC26180099,8191 Sunset,Atwater,95301,689000,3,2.5,2236,47916,1967,Single Family Residential,Active,2026-08-17,37.3381526,-120.636439,https://www.redfin.com/CA/Atwater/8191-Sunset-Dr-95301/home/19684176,redfin
2026-09-21,mls:MC26197829,8753 Rose Ave,Atwater,95301,78000,4,2,1452,1000,1998,Mobile/Manufactured Home,Active,2026-09-15,37.3220994,-120.6458582,https://www.redfin.com/CA/Atwater/8753-Rose-Ave-95301/home/172361425,redfin
2026-09-21,mls:226116132,8766 Longview Rd,Atwater,95301,1250000,3,2,1901,548856,1978,Single Family Residential,Active,2026-09-16,37.3534837,-120.6469987,https://www.redfin.com/CA/Atwater/8766-Longview-Rd-95301/home/196422114,redfin
2026-09-21,mls:653895,920 Travertine Way,Atwater,95301,505000,4,3,2310,6298,2017,Single Family Residential,Active,2026-08-31,37.356139,-120.5850406,https://www.redfin.com/CA/Atwater/920-Travertine-Way-95301/home/28947812,redfin
2026-09-21,mls:225082922,0 - 1/2 E Mission Ave,Merced,95341,2812500,,,,980100,,Vacant Land,Active,2025-06-21,37.273919,-120.4849237,https://www.redfin.com/CA/Merced/1-E-Mission-Ave-95341/home/196148474,redfin
2026-09-21,mls:MC26188109,0 Cabot Ave,Merced,95348,105000,,,,7440,,Vacant Land,Active,2026-08-27,37.31748,-120.524582,https://www.redfin.com/CA/Merced/Cabot-Ave-95348/home/205219350,redfin
2026-09-21,mls:MC26156234,0 Dunn Rd,Merced,95340,185000,,,,68824,,Vacant Land,Active,2026-07-31,37.34006,-120.435579,https://www.redfin.com/CA/Merced/Dunn-Rd-95340/home/104256713,redfin
2026-09-21,mls:MC25255724,0 E North Bear Creek Dr,Merced,95340,2280000,,,,162043,,Vacant Land,Active,2025-11-07,37.3098622,-120.4690825,https://www.redfin.com/CA/Merced/0-E-North-Bear-Creek-Dr-95340/home/198946738,redfin
2026-09-21,mls:MC26187045,0 Franklin Rd,Merced,95348,749900,,,,20817,,Vacant Land,Active,2026-08-26,37.323221,-120.540449,https://www.redfin.com/CA/Merced/Franklin-Rd-95348/home/104246777,redfin
2026-09-21,mls:MC25135004,0 Henry St,Merced,95341,1870000,,,,651657,,Vacant Land,Active,2025-06-17,37.270386,-120.450522,https://www.redfin.com/CA/Merced/Henry-St-95341/home/196428748,redfin
2026-09-21,mls:MC25253995,0 Kibby,Merced,95340,222000,,,,43560,,Vacant Land,Active,2025-11-05,37.3052,-120.414692,https://www.redfin.com/CA/Merced/Kibby-Rd-95340/home/198874981,redfin
2026-09-21,mls:MC26181963,0 Massasso,Merced,95348,125000,,,,13860,,Vacant Land,Active,2026-08-23,37.323691,-120.478797,https://www.redfin.com/CA/Merced/Massasso-St-95341/home/40000091,redfin
2026-09-21,mls:MC25134922,0 Mission Ave,Merced,95341,2812500,,,,980100,,Vacant Land,Active,2025-06-17,37.2732983,-120.4858775,https://www.redfin.com/CA/Merced/0-E-Mission-Ave-95341/home/196428730,redfin
2026-09-21,mls:MC26182133,0 S P St,Merced,95340,150000,,,,74052,,Vacant Land,Active,2026-08-19,37.2881933,-120.498403,https://www.redfin.com/CA/Merced/0-S-P-St-95341/home/204651464,redfin
2026-09-21,mls:MC21265605,0 Stretch St,Merced,95340,2650000,,,,1785960,,Vacant Land,Active,2022-01-19,37.298527,-120.444069,https://www.redfin.com/CA/Merced/Stretch-Rd-95340/home/40000310,redfin
2026-09-21,mls:648773,0 Thorton Rd,Merced,95341,920000,0,,,1001880,,Ranch,Active,2026-05-13,37.288299,-120.5235747,https://www.redfin.com/CA/Merced/0-Thornton-Rd-95341/home/201832321,redfin
2026-09-21,mls:MC25117690,0 Vassar Ave,Merced,95341,1488000,,,,864230,,Vacant Land,Active,2025-06-13,37.2659362,-120.487877,https://www.redfin.com/CA/Merced/0-Vassar-Ave-95341/home/179519741,redfin
2026-09-21,mls:MC25117743,0-1/2 Henry St,Merced,95341,1473000,,,,855518,,Vacant Land,Active,2025-06-13,37.267067,-120.450494,https://www.redfin.com/CA/Merced/0-1-2-Henry-St-95341/home/196428747,redfin
2026-09-21,mls:MC25259914,1 E N Bear Creek Dr,Merced,95340,3875000,,,,281398,,Vacant Land,Active,2025-11-13,37.3098622,-120.4690825,https://www.redfin.com/CA/Merced/1-E-North-Bear-Creek-Dr-95340/home/199064423,redfin
2026-09-21,mls:MC26115943,1004 W 13th,Merced,95341,250000,,,,7500,,Vacant Land,Active,2026-05-29,37.2996949,-120.4937475,https://www.redfin.com/CA/Merced/1004-W-13th-St-95341/home/28952923,redfin
2026-09-21,mls:226081831,1011 Oregon Dr,Merced,95340,540000,3,2,2028,14066,1968,Single Family Residential,Active,2026-06-26,37.3138592,-120.4591668,https://www.redfin.com/CA/Merced/1011-Oregon-Dr-95340/home/19703043,redfin
2026-09-21,mls:MC26187904,1012 Wyoming,Merced,95340,690000,4,3,3121,16250,1961,Single Family Residential,Active,2026-08-29,37.3103318,-120.4591887,https://www.redfin.com/CA/Merced/1012-Wyoming-Dr-95340/home/19702940,redfin
2026-09-21,mls:226113579,1013 - 1017 W Santa Fe Ave,Merced,95340,449900,2,1,720,6499,1960,Multi-Family (2-4 Unit),Active,2026-09-10,37.3116755,-120.4870991,https://www.redfin.com/CA/Merced/1017-W-Santa-Fe-Ave-95340/home/19693027,redfin
2026-09-21,mls:MC26180949,1052 Northwood,Merced,95348,428000,4,2,1534,8628,1972,Single Family Residential,Active,2026-08-19,37.3159149,-120.4856132,https://www.redfin.com/CA/Merced/1052-Northwood-Dr-95348/home/19701776,redfin
2026-09-21,mls:MC26117150,1055 Lees Ct,Merced,95340,434991,3,2,1656,9077,1972,Single Family Residential,Active,2026-05-29,37.3203274,-120.4585027,https://www.redfin.com/CA/Merced/1055-Lees-Ct-95340/home/19704425,redfin
2026-09-21,mls:MC26188514,1065 Mallard,Merced,95340,459999,3,2,1824,5998,2002,Single Family Residential,Active,2026-08-27,37.3367597,-120.4589052,https://www.redfin.com/CA/Merced/1065-Mallard-Dr-95340/home/19661701,redfin
2026-09-21,mls:MC26198295,1068 Kiwi Ct,Merced,95340,475000,3,2,1591,6001,2002,Single Family Residential,Active,2026-09-10,37.3370358,-120.4590921,https://www.redfin.com/CA/Merced/1068-Kiwi-Ct-95340/home/19661176,redfin
2026-09-21,mls:MC26173032,1075 Martin Luther King Jr,Merced,95341,649000,,,,37622,,Vacant Land,Active,2026-08-10,37.2939687,-120.484676,https://www.redfin.com/CA/Merced/1075-Martin-Luther-King-Junior-Way-95341/home/196040546,redfin
2026-09-21,mls:MC26199692,1076 E Estancia Dr,Merced,95348,285000,,,,43560,,Vacant Land,Active,2026-09-11,37.3736192,-120.4669637,https://www.redfin.com/CA/Merced/1076-E-Estancia-Dr-95340/home/168647417,redfin
2026-09-21,mls:MC26174826,1111 E Donna Dr,Merced,95340,499900,3,2,1752,6909,1989,Single Family Residential,Active,2026-08-10,37.3287346,-120.457712,https://www.redfin.com/CA/Merced/1111-E-Donna-Dr-95340/home/19703890,redfin
2026-09-21,mls:MC26050732,1134 Puerto Vallarta Ct,Merced,95348,450000,5,3,2250,5401,2002,Single Family Residential,Active,2026-03-08,37.32734,-120.4877533,https://www.redfin.com/CA/Merced/1134-Puerto-Vallarta-Ct-95348/home/19681832,redfin
2026-09-21,mls:MC26133604,115 W 19th,Merced,95340,299999,2,1,1014,7500,1915,Single Family Residential,Active,2026-06-18,37.3015764,-120.4764496,https://www.redfin.com/CA/Merced/115-W-19th-St-95340/home/19691911,redfin
2026-09-21,mls:MC26171548,1163 W 25th,Merced,95340,399999,3,2,1772,9409,1956,Single Family Residential,Active,2026-08-05,37.3134377,-120.4891296,https://www.redfin.com/CA/Merced/1163-W-25th-St-95340/home/19692191,redfin
2026-09-21,mls:MC26116262,1175 Evening Star,Merced,95348,454000,4,2.5,2023,6720,2005,Single Family Residential,Active,2026-06-10,37.3390078,-120.4899652,https://www.redfin.com/CA/Merced/1175-Evening-Star-Dr-95348/home/19658721,redfin
2026-09-21,mls:226098023,1179 Crescent Dr,Merced,95348,459000,4,4,3545,6704,2005,Single Family Residential,Active,2026-08-04,37.3379097,-120.4894157,https://www.redfin.com/CA/Merced/1179-Crescent-Dr-95348/home/19657584,redfin
2026-09-21,mls:226072996,118 Mcgregor,Merced,95341,295000,3,1,1064,3585,1947,Single Family Residential,Active,2026-06-15,37.2868171,-120.502523,https://www.redfin.com/CA/Merced/118-McGregor-St-95341/home/19681662,redfin
2026-09-21,mls:226076514,12 E San Clemente Dr,Merced,95341,365000,3,2,1313,6325,2003,Single Family Residential,Active,2026-07-22,37.2794952,-120.4818857,https://www.redfin.com/CA/Merced/12-E-San-Clemente-Dr-95341/home/19659458,redfin
2026-09-21,mls:MC26125121,1210 G St,Merced,95341,125000,,,,5010,,Vacant Land,Active,2026-06-08,37.2934266,-120.4784941,https://www.redfin.com/CA/Merced/1210-G-St-95341/home/40001457,redfin
2026-09-21,mls:226107490,1216 Brookdale Dr,Merced,95340,399000,3,2,1813,7701,1976,Single Family Residential,Active,2026-08-26,37.3214384,-120.4579621,https://www.redfin.com/CA/Merced/1216-Brookdale-Dr-95340/home/19703487,redfin
2026-09-21,mls:41148492,1223 W Santa Fe Ave,Merced,95340,289000,3,1,1044,7800,1956,Single Family Residential,Active,2026-09-16,37.3128635,-120.4902929,https://www.redfin.com/CA/Merced/1223-W-Santa-Fe-Ave-95340/home/19691310,redfin
2026-09-21,mls:MC26183039,1228 Wildcat Dr,Merced,95348,429000,4,2,1727,5000,2018,Single Family Residential,Active,2026-08-21,37.3379631,-120.4923012,https://www.redfin.com/CA/Merced/1228-Wildcat-Dr-95348/home/28947278,redfin
2026-09-21,mls:MC26084287,1247 Aspen,Merced,95340,305000,3,2.5,1293,2778,1989,Townhouse,Active,2026-05-29,37.3182302,-120.4570592,https://www.redfin.com/CA/Merced/1247-Aspen-St-95340/home/19703625,redfin
2026-09-21,mls:MC26165216,1248 W 9th,Merced,95341,399999,,,,15000,,Vacant Land,Active,2026-07-31,37.2970535,-120.4997506,https://www.redfin.com/CA/Merced/1248-W-9th-St-95341/home/161268254,redfin
2026-09-21,mls:MC26158013,125 N Parsons,Merced,95341,600000,,,,95832,,Vacant Land,Active,2026-07-24,37.289108,-120.452237,https://www.redfin.com/CA/Merced/125-N-Parsons-Ave-95341/home/19686748,redfin
2026-09-21,mls:MC26118642,1254 Lurs Ct,Merced,95348,557500,4,3,2943,7797,2006,Single Family Residential,Active,2026-06-01,37.3395893,-120.4934844,https://www.redfin.com/CA/Merced/1254-Lurs-Ct-95348/home/19651737,redfin
2026-09-21,mls:SR26155316,1255 Carol,Merced,95341,212520,2,1,878,10659,1945,Single Family Residential,Active,2026-07-16,37.2911539,-120.4547374,https://www.redfin.com/CA/Merced/1255-Carol-Ave-95341/home/19687416,redfin
2026-09-21,mls:8595DE3FC6C7,126 Sugar Creek Ln,Merced,95341,399990,3,2,1230,,2026,Single Family Residential,Active,2026-06-25,37.286017,-120.430897,https://www.redfin.com/CA/Merced/126-Sugar-Creek-Ln-95341/home/196422602,redfin
2026-09-21,mls:MC26147340,126 Sugar Creek Ln Unit 144 S2,Merced,95341,409490,3,2,1230,5237,2026,Single Family Residential,Active,2026-07-07,37.286017,-120.430897,https://www.redfin.com/CA/Merced/126-Sugar-Creek-Ln-95341/unit-144-S2/home/202672067,redfin
2026-09-21,mls:41146671,1280 Dodd Ct,Merced,95341,390000,3,2,1136,9854,1958,Single Family Residential,Active,2026-08-30,37.2940166,-120.4596405,https://www.redfin.com/CA/Merced/1280-Dodd-Ct-95341/home/19687216,redfin
2026-09-21,mls:MC26184070,1300 Kensington,Merced,95340,399000,4,2,2177,6989,1971,Single Family Residential,Active,2026-08-23,37.3190089,-120.4562675,https://www.redfin.com/CA/Merced/1300-Kensington-Dr-95340/home/19704619,redfin
2026-09-21,mls:MC26157505,1338 Christopher,Merced,95340,519000,4,3,1926,6991,2003,Single Family Residential,Active,2026-07-29,37.3370659,-120.4558575,https://www.redfin.com/CA/Merced/1338-Christopher-Dr-95340/home/19661258,redfin
2026-09-21,mls:MC26154596,1338 Hermosa,Merced,95348,420000,4,2.5,1637,2500,2022,Single Family Residential,Active,2026-07-25,37.3330789,-120.4964879,https://www.redfin.com/CA/Merced/1338-Hermosa-Dr-95348/home/28947375,redfin
2026-09-21,mls:MC26189958,134 Wonderland Trail Ln,Merced,95341,320000,2,2.5,1259,1649,2025,Townhouse,Active,2026-08-30,37.2759829,-120.480413,https://www.redfin.com/CA/Merced/134-Wonderland-Trail-Ln-95341/home/196426234,redfin
2026-09-21,mls:MC26169820,1370 Belmont,Merced,95348,399000,4,2.5,1793,3894,2007,Single Family Residential,Active,2026-08-10,37.3322996,-120.4978172,https://www.redfin.com/CA/Merced/1370-Belmont-Dr-95348/home/19654301,redfin
2026-09-21,mls:MC25269518,1375 Loughborough,Merced,95348,339000,3,2,1335,6015,1977,Single Family Residential,Active,2025-12-04,37.3236212,-120.4923658,https://www.redfin.com/CA/Merced/1375-Loughborough-Dr-95348/home/19682673,redfin
2026-09-21,mls:A8CD137BE674,139 Sugar Creek Ln,Merced,95341,389990,3,2,1230,,2026,Single Family Residential,Active,2026-06-04,37.285879,-120.431452,https://www.redfin.com/CA/Merced/139-Sugar-Creek-Ln-95341/home/196422619,redfin
2026-09-21,mls:MC26147392,139 Sugar Creek Ln Unit 158 S2,Merced,95341,402990,3,2,1230,5000,2026,Single Family Residential,Active,2026-07-07,37.285879,-120.431452,https://www.redfin.com/CA/Merced/139-Sugar-Creek-Ln-95341/unit-158-S2/home/202672361,redfin
2026-09-21,mls:MC26131391,1396 Belmont,Merced,95348,450000,4,2.5,2044,8244,2007,Single Family Residential,Active,2026-08-06,37.3322877,-120.4986726,https://www.redfin.com/CA/Merced/1396-Belmont-Dr-95348/home/19656137,redfin
2026-09-21,mls:226107956,1405 E 22nd St,Merced,95340,275000,3,2,1570,10624,1948,Single Family Residential,Active,2026-08-26,37.2980334,-120.45711,https://www.redfin.com/CA/Merced/1405-E-22nd-St-95340/home/19688065,redfin
2026-09-21,mls:MC26152644,1420 Q,Merced,95340,359000,2,1,739,3300,1888,Single Family Residential,Active,2026-07-19,37.3011937,-120.4924052,https://www.redfin.com/CA/Merced/1420-Q-St-95340/home/19691845,redfin
2026-09-21,mls:MC26194119,1430 Jackson Ct,Merced,95340,440000,4,2,1743,8109,1983,Single Family Residential,Active,2026-09-04,37.3069701,-120.4552671,https://www.redfin.com/CA/Merced/1430-Jackson-Ct-95340/home/19688693,redfin
2026-09-21,mls:4F1114110B6D,144 Sugar Creek Ln,Merced,95341,402990,3,2,1230,,2026,Single Family Residential,Active,2026-08-02,37.285743,-120.430897,https://www.redfin.com/CA/Merced/144-Sugar-Creek-Ln-95341/home/196422605,redfin
2026-09-21,mls:MC26169778,144 Sugar Creek Ln Unit 146 S2,Merced,95341,411490,3,2,1230,5237,2026,Single Family Residential,Active,2026-08-04,37.285743,-120.430897,https://www.redfin.com/CA/Merced/144-Sugar-Creek-Ln-95341/unit-146-S2/home/204345514,redfin
2026-09-21,mls:PW26187649,1445 San Simeon Ct,Merced,95348,550000,5,2.5,2374,8712,2003,Single Family Residential,Active,2026-09-12,37.3293642,-120.5020601,https://www.redfin.com/CA/Merced/1445-San-Simeon-Ct-95348/home/19657788,redfin
2026-09-21,mls:MC26187679,145 E 20th,Merced,95340,365000,3,2,1387,10500,1937,Single Family Residential,Active,2026-08-26,37.3009629,-120.4714669,https://www.redfin.com/CA/Merced/145-E-20th-St-95340/home/19688370,redfin
2026-09-21,mls:MC26139057,1456 Cameron Unit 1-4,Merced,95340,895500,6,4,2420,60984,1950,Multi-Family (2-4 Unit),Active,2026-06-29,37.3062067,-120.455665,https://www.redfin.com/CA/Merced/1456-Cameron-Ln-95340/unit-1-4/home/195049604,redfin
2026-09-21,mls:PTP2606984,1490 Cameron Ln,Merced,95340,225000,2,1,1008,85813,1920,Single Family Residential,Active,2026-09-15,37.306095,-120.4550565,https://www.redfin.com/CA/Merced/1490-Cameron-Ln-95340/home/19689404,redfin
2026-09-21,mls:MC26182786,1495 Davenport,Merced,95340,565000,5,2.5,2447,10670,2004,Single Family Residential,Active,2026-09-01,37.3391653,-120.4514234,https://www.redfin.com/CA/Merced/1495-Davenport-Dr-95340/home/19662192,redfin
2026-09-21,mls:MC26021538,15 E 22nd,Merced,95340,389999,3,2,1275,7500,1928,Single Family Residential,Active,2026-01-29,37.3036766,-120.4723446,https://www.redfin.com/CA/Merced/15-E-22nd-St-95340/home/19688184,redfin
2026-09-21,mls:MC26020247,1515 E Mission,Merced,95341,25000000,,,,100188,,Vacant Land,Active,2026-01-28,37.2736919,-120.4556914,https://www.redfin.com/CA/Merced/1515-E-Mission-Ave-95341/home/28953789,redfin
2026-09-21,mls:MC26053870,1525 La Sierra St,Merced,95348,380000,3,2,1482,4564,2007,Single Family Residential,Active,2026-03-11,37.3361477,-120.5021372,https://www.redfin.com/CA/Merced/1525-La-Sierra-St-95348/home/19650533,redfin
2026-09-21,mls:226109516,1528 W 9th St,Merced,95341,299999,3,1,1022,7501,1953,Single Family Residential,Active,2026-08-30,37.2987079,-120.5039731,https://www.redfin.com/CA/Merced/1528-W-9th-St-95341/home/19690419,redfin
2026-09-21,mls:MC26179416,1560 W 23rd,Merced,95340,485000,3,2,1184,8643,1953,Single Family Residential,Active,2026-08-17,37.3132768,-120.4966458,https://www.redfin.com/CA/Merced/1560-W-23rd-St-95340/home/19692739,redfin
2026-09-21,mls:MC26093833,1567-- 1573 Ellen Ct,Merced,95341,630000,32,16,3360,8077,1980,Multi-Family (2-4 Unit),Active,2026-05-19,37.2905282,-120.4537923,https://www.redfin.com/CA/Merced/1567-Ellen-Ct-95341/home/19686231,redfin
2026-09-21,mls:5682D2EA5AD7,157 Sugar Creek Ln,Merced,95341,404990,3,2,1230,,2026,Single Family Residential,Active,2026-07-02,37.285605,-120.431451,https://www.redfin.com/CA/Merced/157-Sugar-Creek-Ln-95341/home/196422617,redfin
2026-09-21,mls:MC26147358,157 Sugar Creek Ln Unit 156 S2,Merced,95341,414490,3,2,1230,5000,2026,Single Family Residential,Active,2026-07-07,37.285605,-120.431451,https://www.redfin.com/CA/Merced/157-Sugar-Creek-Ln-95341/unit-156-S2/home/202672141,redfin
2026-09-21,mls:226115574,1645 Rose Ave,Merced,95341,310000,3,1.5,986,5998,1951,Single Family Residential,Active,2026-09-15,37.2926887,-120.4609236,https://www.redfin.com/CA/Merced/1645-Rose-Ave-95341/home/19687580,redfin
2026-09-21,mls:225113378,1650 Bette St,Merced,95341,399000,3,1,1182,6800,1955,Multi-Family (2-4 Unit),Active,2025-09-25,37.2927086,-120.4563639,https://www.redfin.com/CA/Merced/1650-Bette-St-95341/home/19687274,redfin
2026-09-21,mls:653237,1657 Cypress Way,Merced,95341,425000,4,3,2546,2543,,Multi-Family (2-4 Unit),Active,2026-08-05,37.2938798,-120.4643555,https://www.redfin.com/CA/Merced/1657-Cypress-Way-95341/home/19687242,redfin
2026-09-21,mls:MC26098101,1670 W North Bear Crk,Merced,95348,230000,2,1.5,972,508,1984,Condo/Co-op,Active,2026-05-06,37.3095386,-120.5036708,https://www.redfin.com/CA/Merced/1670-W-North-Bear-Creek-Dr-95348/home/19682008,redfin
2026-09-21,mls:B5633E295B15,168 Sugar Creek Ln,Merced,95341,517490,5,3.5,2554,,2026,Single Family Residential,Active,2026-08-14,37.285468,-120.430896,https://www.redfin.com/CA/Merced/168-Sugar-Creek-Ln-95341/home/196422607,redfin
2026-09-21,mls:C63C6043A679,169 Sugar Creek Ln,Merced,95341,422990,4,2,1509,,2026,Single Family Residential,Active,2026-08-02,37.285467,-120.431451,https://www.redfin.com/CA/Merced/169-Sugar-Creek-Ln-95341/home/196422616,redfin
2026-09-21,mls:MC26169808,169 Sugar Creek Ln Unit 155 S2,Merced,95341,434490,4,2,1509,5000,2026,Single Family Residential,Active,2026-08-04,37.285467,-120.431451,https://www.redfin.com/CA/Merced/169-Sugar-Creek-Ln-95341/unit-155-S2/home/204345666,redfin
2026-09-21,mls:709A300631F6,172 Sugar Creek Ln,Merced,95341,467490,4,3,1842,,2026,Single Family Residential,Active,2026-08-14,37.285331,-120.430896,https://www.redfin.com/CA/Merced/172-Sugar-Creek-Ln-95341/home/196422608,redfin
2026-09-21,mls:MC26177022,1720 E 26th,Merced,95340,260000,3,2,1617,8712,1956,Single Family Residential,Active,2026-09-14,37.3014793,-120.4515503,https://www.redfin.com/CA/Merced/1720-E-26th-St-95340/home/19690030,redfin
2026-09-21,mls:466936FB0DD2,173 Sugar Creek Ln,Merced,95341,402990,3,2,1230,,2026,Single Family Residential,Active,2026-08-02,37.28533,-120.431451,https://www.redfin.com/CA/Merced/173-Sugar-Creek-Ln-95341/home/196422615,redfin
2026-09-21,mls:MC26169793,173 Sugar Creek Ln Unit 154 S2,Merced,95341,411490,3,2,1230,5237,2026,Single Family Residential,Active,2026-08-04,37.28533,-120.431451,https://www.redfin.com/CA/Merced/173-Sugar-Creek-Ln-95341/unit-154-S2/home/204345595,redfin
2026-09-21,mls:MC26125253,1744 Wildwood Ct,Merced,95340,479000,4,2,1920,6200,1977,Single Family Residential,Active,2026-06-09,37.31414,-120.4499462,https://www.redfin.com/CA/Merced/1744-Wildwood-Ct-95340/home/19701174,redfin
2026-09-21,mls:MC26026210,1754 Merced,Merced,95341,229900,2,2,1004,1011,1988,Condo/Co-op,Active,2026-02-04,37.2910389,-120.4557599,https://www.redfin.com/CA/Merced/1754-Merced-Ave-95341/home/19686738,redfin
2026-09-21,mls:MC26167368,178 La Purisima Ct,Merced,95341,365000,4,2,1511,5094,2003,Single Family Residential,Active,2026-07-31,37.2780743,-120.4849678,https://www.redfin.com/CA/Merced/178-La-Purisima-Ct-95341/home/19661588,redfin
2026-09-21,mls:MC26179624,1780 W 8th,Merced,95341,415000,4,2,1099,9384,1960,Single Family Residential,Active,2026-08-17,37.2979996,-120.5065563,https://www.redfin.com/CA/Merced/1780-W-8th-St-95341/home/19681858,redfin
2026-09-21,mls:226069650,179 Sullivan Dr,Merced,95348,395000,4,2.5,1737,2452,2021,Single Family Residential,Active,2026-06-02,37.345954,-120.4708116,https://www.redfin.com/CA/Merced/179-Sullivan-Dr-95348/home/28949071,redfin
2026-09-21,mls:MC26123870,18 Squaw Valley Ct,Merced,95341,456100,4,3,1750,6432,2026,Single Family Residential,Active,2026-06-07,37.2849016,-120.4302551,https://www.redfin.com/CA/Merced/18-Squaw-Valley-Dr-95341/home/202168592,redfin
2026-09-21,mls:MC26085666,1800 E South Bear Creek Dr,Merced,95340,1850000,,,,165528,,Vacant Land,Active,2026-04-20,37.3084271,-120.4505241,https://www.redfin.com/CA/Merced/1800-E-South-Bear-Creek-Dr-95340/home/201469166,redfin
2026-09-21,mls:B34D6784F381,184 Sugar Creek Ln,Merced,95341,411490,3,2,1230,,2026,Single Family Residential,Active,2026-09-17,37.285194,-120.430896,https://www.redfin.com/CA/Merced/184-Sugar-Creek-Ln-95341/home/196422610,redfin
2026-09-21,mls:226095261,1843 Brookside Dr,Merced,95348,439999,3,2,1300,5998,1993,Single Family Residential,Active,2026-07-29,37.3107607,-120.5000968,https://www.redfin.com/CA/Merced/1843-Brookside-Dr-95348/home/19681785,redfin
2026-09-21,mls:226086370,1848 Ashby Rd #46,Merced,95348,35000,1,1,550,,1963,Mobile/Manufactured Home,Active,2026-07-09,37.3160299,-120.5246712,https://www.redfin.com/CA/Merced/1848-Ashby-Rd-95348/unit-46/home/202691800,redfin
2026-09-21,mls:226116786,1903 Belcher Ave,Merced,95348,335000,4,2,1344,10006,1942,Single Family Residential,Active,2026-09-18,37.3388978,-120.5165499,https://www.redfin.com/CA/Merced/1903-Belcher-Ave-95348/home/19684069,redfin
2026-09-21,mls:MC26185027,1921 Fultz Ct,Merced,95341,369000,3,2,1623,6870,1994,Single Family Residential,Active,2026-08-24,37.3036484,-120.5108838,https://www.redfin.com/CA/Merced/1921-Fultz-Ct-95341/home/19680273,redfin
2026-09-21,mls:226108604,1927 I St,Merced,95340,229900,2,1,1067,4251,1920,Single Family Residential,Active,2026-08-28,37.3024475,-120.4775801,https://www.redfin.com/CA/Merced/1927-I-St-95340/home/19691592,redfin
2026-09-21,mls:4B0A11C7BE34,193 Squaw Valley Dr,Merced,95341,440840,4,2,1509,,2026,Single Family Residential,Active,2026-09-17,37.285045,-120.430547,https://www.redfin.com/CA/Merced/193-Squaw-Valley-Dr-95341/home/196422599,redfin
2026-09-21,mls:MC26158152,1949 Sierra Ct,Merced,95340,475000,4,2,1981,6966,1972,Single Family Residential,Active,2026-07-23,37.3152907,-120.4483733,https://www.redfin.com/CA/Merced/1949-Sierra-Ct-95340/home/19701573,redfin
2026-09-21,mls:22A3827BD3CD,196 Sugar Creek Ln,Merced,95341,518490,5,3.5,2554,,2026,Single Family Residential,Active,2026-09-17,37.285044,-120.430892,https://www.redfin.com/CA/Merced/196-Sugar-Creek-Ln-95341/home/196422611,redfin
2026-09-21,mls:MC26182916,1961 Heather Ct,Merced,95340,450000,4,2.5,2142,11499,1968,Single Family Residential,Active,2026-09-09,37.3217927,-120.4478115,https://www.redfin.com/CA/Merced/1961-Heather-Ct-95340/home/19701510,redfin
2026-09-21,mls:MC26201033,1962-1976 Edwards,Merced,95340,1099000,16,8,6800,16203,1979,Multi-Family (5+ Unit),Active,2026-09-14,37.2960443,-120.4497828,https://www.redfin.com/CA/Merced/1976-Edwards-Ave-95340/home/194349022,redfin
2026-09-21,mls:45DECE2E6E03,198 Squaw Valley Dr,Merced,95341,524390,5,3.5,2554,,2026,Single Family Residential,Active,2026-09-17,37.285044,-120.429985,https://www.redfin.com/CA/Merced/198-Squaw-Valley-Dr-95341/home/196422598,redfin
2026-09-21,mls:MC26104173,2020 Ashby #37,Merced,95348,45000,2,1,784,,1990,Mobile/Manufactured Home,Active,2026-05-26,37.319875,-120.531759,https://www.redfin.com/CA/Merced/2020-Ashby-Rd-95348/unit-37/home/19655033,redfin
2026-09-21,mls:MC26111129,2021 W,Merced,95340,975000,2,2,2609,15762,1952,Single Family Residential,Active,2026-05-21,37.3109651,-120.4982227,https://www.redfin.com/CA/Merced/2021-W-St-95340/home/19691996,redfin
2026-09-21,mls:MC26033812,203 W 20th,Merced,95340,549000,3,3,3551,15000,1950,Single Family Residential,Active,2026-04-23,37.303043,-120.4771877,https://www.redfin.com/CA/Merced/203-W-20th-St-95340/home/21856884,redfin
2026-09-21,mls:226109168,2030 Calimyrna Ave,Merced,95340,299900,3,1,1502,5942,1923,Single Family Residential,Active,2026-09-02,37.2994439,-120.4668591,https://www.redfin.com/CA/Merced/2030-Calimyrna-Ave-95340/home/19688270,redfin
2026-09-21,mls:MC26174063,2033 Highland,Merced,95340,264900,2,1,898,5508,1940,Single Family Residential,Active,2026-08-10,37.2964825,-120.4592823,https://www.redfin.com/CA/Merced/2033-Highland-Dr-95340/home/19687669,redfin
2026-09-21,mls:MC26138430,2035 Highland,Merced,95340,287750,2,1,900,5508,1940,Single Family Residential,Active,2026-06-24,37.2966447,-120.4591808,https://www.redfin.com/CA/Merced/2035-Highland-Dr-95340/home/19687670,redfin
2026-09-21,mls:MC25255358,2051 Wardrobe,Merced,95341,1200000,,,,217800,,Vacant Land,Active,2025-11-06,37.2965338,-120.5135744,https://www.redfin.com/CA/Merced/2051-Wardrobe-Ave-95341/home/198908746,redfin
2026-09-21,mls:MC25183712,2052 W Solis St,Merced,95348,425000,4,2,1757,6096,2006,Single Family Residential,Active,2025-08-14,37.3226855,-120.5238217,https://www.redfin.com/CA/Merced/2052-W-Solis-St-95348/home/19652571,redfin
2026-09-21,mls:226116217,207 Yorktown,Merced,95341,335000,3,2,1086,7566,1996,Single Family Residential,Active,2026-09-16,37.284626,-120.4469835,https://www.redfin.com/CA/Merced/207-Yorktown-Sq-95341/home/19679090,redfin
2026-09-21,mls:MC26187494,2085 Cabot Ave,Merced,95348,400000,3,2,1520,7469,1960,Single Family Residential,Active,2026-08-27,37.3174702,-120.5243999,https://www.redfin.com/CA/Merced/2085-Cabot-Ave-95348/home/19684261,redfin
2026-09-21,mls:MC26192421,209 E 18th,Merced,95340,300000,2,1,950,6000,1940,Single Family Residential,Active,2026-09-02,37.298438,-120.4712615,https://www.redfin.com/CA/Merced/209-E-18th-St-95340/home/19687645,redfin
2026-09-21,mls:D5617070EC44,209 Nadine St,Merced,95341,422360,3,2,1396,,2026,Single Family Residential,Active,2026-07-30,37.291664,-120.427126,https://www.redfin.com/CA/Merced/209-Nadine-St-95341/home/203517328,redfin
2026-09-21,mls:MC25022775,2094 W Pincay St,Merced,95348,399000,4,2,1527,5000,2017,Single Family Residential,Active,2025-05-25,37.3219899,-120.5245414,https://www.redfin.com/CA/Merced/2094-W-Pincay-St-95348/home/28948293,redfin
2026-09-21,mls:226094443,2103 W Solis St,Merced,95348,340000,3,2,1381,5001,2006,Single Family Residential,Active,2026-07-30,37.3222475,-120.5247113,https://www.redfin.com/CA/Merced/2103-W-Solis-St-95348/home/19652558,redfin
2026-09-21,mls:MC26205621,2129 Balboa,Merced,95348,365000,3,2,1176,7799,1973,Single Family Residential,Active,2026-09-20,37.3193005,-120.5251999,https://www.redfin.com/CA/Merced/2129-Balboa-Ave-95348/home/19683694,redfin
2026-09-21,mls:MC26191646,2142 Coronado,Merced,95348,349900,3,2,1200,9180,1975,Single Family Residential,Active,2026-09-01,37.3206102,-120.5253783,https://www.redfin.com/CA/Merced/2142-Coronado-Ave-95348/home/19683760,redfin
2026-09-21,mls:MC26009630,2148 Keely,Merced,95340,179900,3,1,1120,9975,1944,Single Family Residential,Active,2026-02-09,37.2959326,-120.4539261,https://www.redfin.com/CA/Merced/2148-Keely-Ave-95340/home/19688454,redfin
2026-09-21,mls:226093612,2151 Martin Luther King Jr Way,Merced,95340,499900,4,3,2004,7501,1968,Multi-Family (2-4 Unit),Active,2026-07-23,37.3051118,-120.4778688,https://www.redfin.com/CA/Merced/2151-Martin-Luther-King-Jr-Way-95340/home/19691728,redfin
2026-09-21,mls:MC26125038,2201 Leeward Ct,Merced,95340,279000,,,,43560,,Vacant Land,Active,2026-06-12,37.3622349,-120.4462804,https://www.redfin.com/CA/Merced/2201-Leeward-Ct-95340/home/168647664,redfin
2026-09-21,mls:MC26196327,2205 O,Merced,95340,475000,6,3,1470,7500,1961,Multi-Family (2-4 Unit),Active,2026-09-16,37.3083803,-120.4851105,https://www.redfin.com/CA/Merced/2205-O-St-95340/home/19691167,redfin
2026-09-21,mls:CC0C964D4B95,222 Nadine St,Merced,95341,458360,3,2.5,1777,,2026,Single Family Residential,Active,2026-09-17,37.291803,-120.426595,https://www.redfin.com/CA/Merced/222-Nadine-St-95341/home/196422449,redfin
2026-09-21,mls:403B01679356,223 Nadine St,Merced,95341,482360,4,2.5,1924,,2026,Single Family Residential,Active,2026-09-17,37.291811,-120.427129,https://www.redfin.com/CA/Merced/223-Nadine-St-95341/home/196422452,redfin
2026-09-21,mls:MC25117734,2230 Vassar Ave,Merced,95341,1484250,,,,862052,,Vacant Land,Active,2025-06-13,37.2658466,-120.4474761,https://www.redfin.com/CA/Merced/2230-Vassar-Ave-95341/home/196078103,redfin
2026-09-21,mls:MC26187159,2235 Dunn,Merced,95340,750000,4,3.5,3140,69696,1977,Single Family Residential,Active,2026-08-31,37.3391724,-120.4435818,https://www.redfin.com/CA/Merced/2235-Dunn-Rd-95340/home/19657222,redfin
2026-09-21,mls:MC26071153,2240 Golden Oak #119,Merced,95341,89500,2,2,1150,,1976,Mobile/Manufactured Home,Active,2026-04-02,37.292158,-120.446125,https://www.redfin.com/CA/Merced/2240-Golden-Oak-Ln-95341/unit-119/home/19655756,redfin
2026-09-21,mls:MC26170275,2240 Golden Oak #3,Merced,95341,99900,2,2,1750,,1976,Mobile/Manufactured Home,Active,2026-08-04,37.29489,-120.446153,https://www.redfin.com/CA/Merced/2240-Golden-Oak-Ln-95341/unit-3/home/19654936,redfin
2026-09-21,mls:MC26173824,2240 Golden Oak #78,Merced,95341,49999,2,2,1040,,1990,Mobile/Manufactured Home,Active,2026-08-11,37.292974,-120.445599,https://www.redfin.com/CA/Merced/2240-Golden-Oak-Ln-95341/unit-78/home/19655047,redfin
2026-09-21,mls:MC26109234,2240 Golden Oak #88,Merced,95341,54900,2,2,1322,,1976,Mobile/Manufactured Home,Active,2026-05-19,37.294494,-120.445842,https://www.redfin.com/CA/Merced/2240-Golden-Oak-Ln-95341/unit-88/home/19654807,redfin
2026-09-21,mls:226086303,2240 Golden Oak Ln #103,Merced,95341,39000,2,2,1200,,1988,Mobile/Manufactured Home,Active,2026-07-08,37.291986,-120.445836,https://www.redfin.com/CA/Merced/2240-Golden-Oak-Ln-95341/unit-103/home/19655095,redfin
2026-09-21,mls:MC26123784,2240 Golden Oak Ln #11,Merced,95341,84500,2,2,,,1975,Mobile/Manufactured Home,Active,2026-06-06,37.29463,-120.444902,https://www.redfin.com/CA/Merced/2240-Golden-Oak-Ln-95341/unit-11/home/19654395,redfin
2026-09-21,mls:MC25186079,2240 Golden Oak Ln #117,Merced,95341,124900,3,2,,,2023,Mobile/Manufactured Home,Active,2025-08-18,37.2931187,-120.4458279,https://www.redfin.com/CA/Merced/2240-Golden-Oak-Ln-95341/unit-117/home/19654948,redfin
2026-09-21,mls:226111087,2240 Golden Oak Ln #131,Merced,95340,34900,2,2,856,,1977,Mobile/Manufactured Home,Active,2026-09-03,37.292229,-120.44648,https://www.redfin.com/CA/Merced/2240-Golden-Oak-Ln-95341/unit-131/home/19653889,redfin
2026-09-21,mls:226091001,2240 Golden Oak Ln #134,Merced,95341,89900,2,2,1440,,1973,Mobile/Manufactured Home,Active,2026-07-17,37.3015976,-120.4808915,https://www.redfin.com/CA/Merced/2240-Golden-Oak-Ln-95341/unit-134/home/196130863,redfin
2026-09-21,mls:MC26142503,2240 Golden Oak Ln #28,Merced,95341,73000,2,1,,,1976,Mobile/Manufactured Home,Active,2026-06-30,37.292482,-120.444925,https://www.redfin.com/CA/Merced/2240-Golden-Oak-Ln-95341/unit-28/home/19654671,redfin
2026-09-21,mls:MC26050607,2240 Golden Oak Ln #47,Merced,95341,99999,2,2,,,1976,Mobile/Manufactured Home,Active,2026-03-07,37.294003,-120.445243,https://www.redfin.com/CA/Merced/2240-Golden-Oak-Ln-95341/unit-47/home/19655135,redfin
2026-09-21,mls:226056493,2240 Golden Oak Ln #73,Merced,95341,48000,1,1,672,,1969,Mobile/Manufactured Home,Active,2026-05-07,37.293636,-120.44562,https://www.redfin.com/CA/Merced/2240-Golden-Oak-Ln-95341/unit-73/home/19655777,redfin
2026-09-21,mls:226093239,2240 Golden Oak Ln #94,Merced,95341,80000,2,2,1248,1248,1978,Mobile/Manufactured Home,Active,2026-07-27,37.293678,-120.445909,https://www.redfin.com/CA/Merced/2240-Golden-Oak-Ln-95341/unit-94/home/19654824,redfin
2026-09-21,mls:226012270,2240 Golden Oak Ln #98,Merced,95341,75000,2,1.5,720,,1977,Mobile/Manufactured Home,Active,2026-02-03,37.292737,-120.445858,https://www.redfin.com/CA/Merced/2240-Golden-Oak-Ln-95341/unit-98/home/19655775,redfin
2026-09-21,mls:MC25134955,2246 E Mission Ave,Merced,95341,2812500,3,2,,980100,,Vacant Land,Active,2025-06-17,37.2728692,-120.447396,https://www.redfin.com/CA/Merced/2246-E-Mission-Ave-95341/home/148012696,redfin
2026-09-21,mls:MC25117715,2260 Vassar Ave,Merced,95341,1484250,,,,862052,,Vacant Land,Active,2025-06-13,37.2661175,-120.4465739,https://www.redfin.com/CA/Merced/2260-Vassar-Ave-95341/home/196077950,redfin
2026-09-21,mls:226036725,230 W 25th St,Merced,95340,310000,2,1,1151,7501,1940,Single Family Residential,Active,2026-03-26,37.307796,-120.4750627,https://www.redfin.com/CA/Merced/230-W-25th-St-95340/home/19692754,redfin
2026-09-21,mls:FE2960DBDF13,231 Nadine St,Merced,95341,433360,3,2,1567,,2026,Single Family Residential,Active,2026-09-17,37.291933,-120.427126,https://www.redfin.com/CA/Merced/231-Nadine-St-95341/home/196422453,redfin
2026-09-21,mls:MC26201787,2318 Beachwood,Merced,95348,170000,,,,10131,,Vacant Land,Active,2026-09-15,37.3218577,-120.5277841,https://www.redfin.com/CA/Merced/2318-Beachwood-Dr-95348/home/19683786,redfin
2026-09-21,mls:226115232,2324 Q St,Merced,95340,379600,2,2,960,5001,1945,Multi-Family (2-4 Unit),Active,2026-09-14,37.3105252,-120.486923,https://www.redfin.com/CA/Merced/2324-Q-St-95340/home/19692696,redfin
2026-09-21,mls:MC26058771,2330 Meadowbrook,Merced,95348,299900,3,1,796,10131,1955,Single Family Residential,Active,2026-03-18,37.3219624,-120.5265673,https://www.redfin.com/CA/Merced/2330-Meadowbrook-Ave-95348/home/19683370,redfin
2026-09-21,mls:8B5C5ABDB3A3,234 Nadine St,Merced,95341,483360,4,2.5,1924,,2026,Single Family Residential,Active,2026-09-17,37.291933,-120.426587,https://www.redfin.com/CA/Merced/234-Nadine-St-95341/home/196422448,redfin
2026-09-21,mls:MC26090199,236 Montage Dr,Merced,95348,439000,5,4,1890,2100,2025,Single Family Residential,Active,2026-06-09,37.3613588,-120.4704396,https://www.redfin.com/CA/Merced/236-Montage-Dr-95348/home/28952194,redfin
2026-09-21,mls:MC26198886,2382 Explorador,Merced,95340,449900,4,3,2111,5198,2020,Single Family Residential,Active,2026-09-10,37.3314996,-120.4391447,https://www.redfin.com/CA/Merced/2382-Explorador-Dr-95340/home/28949993,redfin
2026-09-21,mls:MC26136816,2400 K,Merced,95340,1900000,34,14,10800,43560,1950,Multi-Family (5+ Unit),Active,2026-06-23,37.3079833,-120.4774917,https://www.redfin.com/CA/Merced/2400-K-St-95340/home/19692168,redfin
2026-09-21,mls:MC26130264,242 Torino Ct,Merced,95341,379000,4,2,1617,5369,2006,Single Family Residential,Active,2026-06-30,37.2846754,-120.4436122,https://www.redfin.com/CA/Merced/242-Torino-Ct-95341/home/19658046,redfin
2026-09-21,mls:652381,2429 Explorador,Merced,95348,526900,6,3,2621,9082,2022,Single Family Residential,Active,2026-07-21,37.3311588,-120.4362697,https://www.redfin.com/CA/Merced/2429-Explorador-Dr-95340/home/172354337,redfin
2026-09-21,mls:MC26165208,2446 Valverde,Merced,95340,489000,4,2,2265,7797,2020,Single Family Residential,Active,2026-08-18,37.3275318,-120.4351416,https://www.redfin.com/CA/Merced/2446-Valverde-Dr-95340/home/172354531,redfin
2026-09-21,mls:994DC9242AC9,246 Nadine St,Merced,95341,430360,3,2,1567,,2026,Single Family Residential,Active,2026-08-08,37.292059,-120.426601,https://www.redfin.com/CA/Merced/246-Nadine-St-95341/home/196422447,redfin
2026-09-21,mls:MC26168944,2462 Valverde Dr,Merced,95340,490000,4,2,2265,7797,2021,Single Family Residential,Active,2026-08-04,37.3275309,-120.4341928,https://www.redfin.com/CA/Merced/2462-Valverde-Dr-95340/home/172354535,redfin
2026-09-21,mls:1A7A12C09B01,247 Nadine St,Merced,95341,490360,4,2.5,1924,,2026,Single Family Residential,Active,2026-09-17,37.292055,-120.42714,https://www.redfin.com/CA/Merced/247-Nadine-St-95341/home/196422454,redfin
2026-09-21,mls:41142267,2481 Pineda Dr,Merced,95340,525888,6,3,2621,5255,2021,Single Family Residential,Active,2026-07-21,37.3289769,-120.4337045,https://www.redfin.com/CA/Merced/2481-Pineda-Dr-95340/home/172354416,redfin
2026-09-21,mls:DW26079389,2482 Valdes Dr,Merced,95340,489000,5,2.5,2282,6216,2021,Single Family Residential,Active,2026-04-17,37.3282178,-120.4337124,https://www.redfin.com/CA/Merced/2482-Valdes-Dr-95340/home/172354499,redfin
2026-09-21,mls:MC26131548,2499 E Gerard #140,Merced,95341,59000,2,1,768,,1977,Mobile/Manufactured Home,Active,2026-06-16,37.282603,-120.442699,https://www.redfin.com/CA/Merced/2499-E-Gerard-Ave-95341/unit-140/home/19656022,redfin
2026-09-21,mls:MC26150631,2499 E Gerard #153,Merced,95341,109000,4,2,1584,,1974,Mobile/Manufactured Home,Active,2026-07-10,37.283791,-120.44268,https://www.redfin.com/CA/Merced/2499-E-Gerard-Ave-95341/unit-153/home/19653440,redfin
2026-09-21,mls:MC25223780,2500 N Highway 59 #270,Merced,95348,65000,2,2,828,2774,1993,Mobile/Manufactured Home,Active,2025-09-23,37.31288,-120.50228,https://www.redfin.com/CA/Merced/2500-N-State-Highway-59-95348/unit-270/home/19655158,redfin
2026-09-21,mls:MC26177592,2500 N STATE HIGHWAY 59,Merced,95348,23000,2,1,720,1400,1972,Mobile/Manufactured Home,Active,2026-08-13,37.311751,-120.503155,https://www.redfin.com/CA/Merced/2500-N-State-Highway-59-95348/home/19653725,redfin
2026-09-21,mls:226100905,2500 N State Highway 59 #239,Merced,95348,59000,3,2,1440,,1973,Mobile/Manufactured Home,Active,2026-08-10,37.312075,-120.503703,https://www.redfin.com/CA/Merced/2500-N-State-Highway-59-95348/unit-239/home/19655259,redfin
2026-09-21,mls:226084553,2511 Franklin Rd,Merced,95348,9945000,2,1,,1698840,,Vacant Land,Active,2026-07-06,37.3246509,-120.5412329,https://www.redfin.com/CA/Merced/2511-Franklin-Rd-95348/home/196420034,redfin
2026-09-21,mls:MC26198267,252 S Gurr,Merced,95341,848000,,,,1286327,,Vacant Land,Active,2026-09-13,37.283567,-120.5598286,https://www.redfin.com/CA/Merced/252-S-Gurr-Rd-95341/home/168650428,redfin
2026-09-21,mls:MC25009072,2520 Mckee Rd,Merced,95340,410000,2,1,1257,17264,1946,Single Family Residential,Active,2025-01-14,37.3029949,-120.4445901,https://www.redfin.com/CA/Merced/2520-McKee-Rd-95340/home/19679429,redfin
2026-09-21,mls:MC26197299,2521 K,Merced,95340,125000,,,,7500,,Vacant Land,Active,2026-09-15,37.3093214,-120.477197,https://www.redfin.com/CA/Merced/2521-K-St-95340/home/19692139,redfin
2026-09-21,mls:MC26143143,2524 B And B,Merced,95348,649999,3,2.5,2321,39969,1988,Single Family Residential,Active,2026-07-01,37.3247897,-120.5374749,https://www.redfin.com/CA/Merced/2524-B-and-B-Blvd-95348/home/19683310,redfin
2026-09-21,mls:25AF009521C3,253 Nadine St,Merced,95341,459360,3,2.5,1777,,2026,Single Family Residential,Active,2026-09-17,37.292204,-120.427132,https://www.redfin.com/CA/Merced/253-Nadine-St-95341/home/196422455,redfin
2026-09-21,mls:MC26165503,255 Travis Ct,Merced,95341,442990,3,2.5,1777,4736,2026,Single Family Residential,Active,2026-07-29,37.292198,-120.428042,https://www.redfin.com/CA/Merced/255-Travis-Ct-95341/home/192932898,redfin
2026-09-21,mls:MC26202480,2574 Beachwood,Merced,95348,325000,3,1,1036,9690,1961,Single Family Residential,Active,2026-09-16,37.3254655,-120.5278073,https://www.redfin.com/CA/Merced/2574-Beachwood-Dr-95348/home/19683381,redfin
2026-09-21,mls:MC25044845,2577 Lobo Ave,Merced,95348,2400000,,,,1067220,,Vacant Land,Active,2025-03-01,37.3243265,-120.5329261,https://www.redfin.com/CA/Merced/2577-Lobo-Ave-95348/home/21155511,redfin
2026-09-21,mls:09F1B76C48AE,258 Nadine St,Merced,95341,489360,4,2.5,1924,,2026,Single Family Residential,Active,2026-09-17,37.29217,-120.42659,https://www.redfin.com/CA/Merced/258-Nadine-St-95341/home/196422446,redfin
2026-09-21,mls:FR26142565,2581 E Gerard,Merced,95341,359900,3,2,1065,8400,1957,Single Family Residential,Active,2026-08-14,37.280311,-120.441154,https://www.redfin.com/CA/Merced/2581-E-Gerard-Ave-95341/home/19679316,redfin
2026-09-21,mls:C80A812199D4,261 Nadine St,Merced,95341,430360,3,2,1290,,2026,Single Family Residential,Active,2026-09-17,37.292315,-120.427134,https://www.redfin.com/CA/Merced/261-Nadine-St-95341/home/196422456,redfin
2026-09-21,mls:MC26168613,2617 Agnes,Merced,95340,389000,3,2,1561,6124,1962,Single Family Residential,Active,2026-08-03,37.3040711,-120.4605559,https://www.redfin.com/CA/Merced/2617-Agnes-Way-95340/home/19689760,redfin
2026-09-21,mls:562A9715BEFE,262 Nadine St,Merced,95341,521260,4,2.5,1924,,2026,Single Family Residential,Active,2026-06-23,37.292304,-120.426592,https://www.redfin.com/CA/Merced/262-Nadine-St-95341/home/196422445,redfin
2026-09-21,mls:MC26194628,2651 1st,Merced,95340,150000,,,,12104,,Vacant Land,Active,2026-09-09,37.3080934,-120.4698823,https://www.redfin.com/CA/Merced/2651-1st-Ave-95340/home/19689677,redfin
2026-09-21,mls:MC26096382,2653 E North Bear Crk,Merced,95340,925000,5,4,3658,27634,1969,Single Family Residential,Active,2026-05-26,37.309902,-120.4383286,https://www.redfin.com/CA/Merced/2653-E-North-Bear-Creek-Dr-95340/home/19701225,redfin
2026-09-21,mls:MC26189302,2672 9th Ave,Merced,95340,309900,3,1,1168,6600,1960,Single Family Residential,Active,2026-09-16,37.305767,-120.4629463,https://www.redfin.com/CA/Merced/2672-9th-Ave-95340/home/19689558,redfin
2026-09-21,mls:225144310,2679 Lobo Ave,Merced,95348,1200000,3,2,2319,779724,1928,Single Family Residential,Active,2025-12-02,37.3236077,-120.5352663,https://www.redfin.com/CA/Merced/2679-Lobo-Ave-95348/home/196422248,redfin
2026-09-21,mls:MC26196564,268 E 10th,Merced,95341,359900,4,3,1636,5012,1989,Single Family Residential,Active,2026-09-08,37.2901023,-120.476157,https://www.redfin.com/CA/Merced/268-E-10th-St-95341/home/19687247,redfin
2026-09-21,mls:MC26126325,2698 E South Bear Crk,Merced,95340,1049000,4,3.5,3340,52272,1985,Single Family Residential,Active,2026-06-10,37.3085571,-120.4379379,https://www.redfin.com/CA/Merced/2698-E-South-Bear-Creek-Dr-95340/home/19679981,redfin
2026-09-21,mls:MC26165744,272 Travis Ct,Merced,95341,400990,3,2,1290,4723,2026,Single Family Residential,Active,2026-07-29,37.292435,-120.427468,https://www.redfin.com/CA/Merced/272-Travis-Ct-95341/home/192932887,redfin
2026-09-21,mls:MC26163311,2729 Pioneer,Merced,95341,725000,3,2,1412,653400,1975,Single Family Residential,Active,2026-08-03,37.24845,-120.398781,https://www.redfin.com/CA/Merced/2729-Pioneer-95340/home/103654057,redfin
2026-09-21,mls:D019C2C7B656,274 Nadine St,Merced,95341,437260,3,2,1290,,2026,Single Family Residential,Active,2026-06-23,37.29243,-120.426576,https://www.redfin.com/CA/Merced/274-Nadine-St-95341/home/196422444,redfin
2026-09-21,mls:226116770,2747 Saratoga Ave,Merced,95340,365000,3,2,1412,7013,1977,Single Family Residential,Active,2026-09-16,37.3049953,-120.44807,https://www.redfin.com/CA/Merced/2747-Saratoga-Ave-95340/home/19689152,redfin
2026-09-21,mls:5CF4E55D687A,277 Nadine St,Merced,95341,524260,4,2.5,1924,,2026,Single Family Residential,Active,2026-06-23,37.292439,-120.427113,https://www.redfin.com/CA/Merced/277-Nadine-St-95341/home/196422457,redfin
2026-09-21,mls:226061481,2779 Story Ave,Merced,95340,449999,4,3,2039,8934,1985,Single Family Residential,Active,2026-05-14,37.3053253,-120.4490194,https://www.redfin.com/CA/Merced/2779-Story-Ave-95340/home/19688945,redfin
2026-09-21,mls:MC26190802,2782 STORY Ave,Merced,95340,389000,3,2,1486,7318,1983,Single Family Residential,Active,2026-09-01,37.3053286,-120.4484633,https://www.redfin.com/CA/Merced/2782-Story-Ave-95340/home/19688940,redfin
2026-09-21,mls:596EB08EDC46,283 Nadine St,Merced,95341,440360,3,2,1290,,2026,Single Family Residential,Active,2026-06-23,37.29255,-120.427132,https://www.redfin.com/CA/Merced/283-Nadine-St-95341/home/196422459,redfin
2026-09-21,mls:MC26156305,2830 Dunn Rd,Merced,95340,895000,4,2,2031,43560,1973,Single Family Residential,Active,2026-08-05,37.3398907,-120.4355855,https://www.redfin.com/CA/Merced/2830-Dunn-Rd-95340/home/19680822,redfin
2026-09-21,mls:41144069,284 Zion Canyon Ct,Merced,95341,410000,4,2,1515,5000,2022,Single Family Residential,Active,2026-08-14,37.2757847,-120.4783038,https://www.redfin.com/CA/Merced/284-Zion-Canyon-Ct-95341/home/176248635,redfin
2026-09-21,mls:839C3B3E99AE,286 Nadine St,Merced,95341,488360,4,2.5,1924,,2026,Single Family Residential,Active,2026-09-17,37.292548,-120.426598,https://www.redfin.com/CA/Merced/286-Nadine-St-95341/home/196422443,redfin
2026-09-21,mls:MC26154089,2868 Beachwood,Merced,95348,317500,3,1,970,9683,1953,Single Family Residential,Active,2026-07-16,37.3297323,-120.5277546,https://www.redfin.com/CA/Merced/2868-Beachwood-Dr-95348/home/19683986,redfin
2026-09-21,mls:MC26168066,288 Travis Ct,Merced,95341,465990,4,2.5,1924,4723,2026,Single Family Residential,Active,2026-08-01,37.292559,-120.427487,https://www.redfin.com/CA/Merced/288-Travis-Ct-95341/home/192932886,redfin
2026-09-21,mls:B55EDD923106,289 Travis Ct,Merced,95341,399990,3,2,1290,,2026,Single Family Residential,Active,2026-04-05,37.292563,-120.428037,https://www.redfin.com/CA/Merced/289-Travis-Ct-95341/home/192932901,redfin
2026-09-21,mls:MC26148713,2894 Elm,Merced,95348,320000,3,1,1328,9524,1960,Single Family Residential,Active,2026-07-16,37.3299751,-120.5307807,https://www.redfin.com/CA/Merced/2894-Elm-Ave-95348/home/19684020,redfin
2026-09-21,mls:MC26143205,2924 E South Bear Crk,Merced,95348,415000,4,2,1560,26947,2003,Mobile/Manufactured Home,Active,2026-08-12,37.3082062,-120.4343361,https://www.redfin.com/CA/Merced/2924-E-South-Bear-Creek-Dr-95340/home/19679214,redfin
2026-09-21,mls:MC26172497,2943 Capella Dr,Merced,95341,559999,4,3,2420,7000,2026,Single Family Residential,Active,2026-08-06,37.282142,-120.434315,https://www.redfin.com/CA/Merced/2943-Capella-Dr-95341/home/196422467,redfin
2026-09-21,mls:ML82045002,2972 Tuxford Ct,Merced,95340,365000,3,2,1365,10173,1961,Single Family Residential,Active,2026-07-03,37.3147871,-120.451915,https://www.redfin.com/CA/Merced/2972-Tuxford-Ct-95340/home/19703141,redfin
2026-09-21,mls:MC26178287,2985 Redwood Dr,Merced,95340,494900,4,3,2388,8306,1972,Single Family Residential,Active,2026-08-18,37.315166,-120.4465798,https://www.redfin.com/CA/Merced/2985-Redwood-Dr-95340/home/19701434,redfin
2026-09-21,mls:SR26189124,2993 N Parsons,Merced,95340,253500,3,2,1008,7694,1961,Single Family Residential,Active,2026-08-28,37.3155234,-120.451559,https://www.redfin.com/CA/Merced/2993-N-Parsons-Ave-95340/home/19702218,redfin
2026-09-21,mls:MC26026481,3 W Belcher Ave,Merced,95348,275000,,,,44431,,Vacant Land,Active,2026-02-04,37.338447,-120.543574,https://www.redfin.com/CA/Merced/3-W-Belcher-Ave-95348/home/200354004,redfin
2026-09-21,mls:MC26138437,3054 Silver Elm Ct,Merced,95340,425000,4,2.5,1938,4178,1988,Single Family Residential,Active,2026-07-03,37.3171564,-120.4584988,https://www.redfin.com/CA/Merced/3054-Silver-Elm-Ct-95340/home/19703672,redfin
2026-09-21,mls:MC25270306,3056 Bedford,Merced,95340,385000,3,2,1358,6296,1974,Single Family Residential,Active,2026-01-26,37.3173625,-120.447616,https://www.redfin.com/CA/Merced/3056-Bedford-Dr-95340/home/19701345,redfin
2026-09-21,mls:MC26174015,3063 Bodie,Merced,95341,495000,4,3.5,3545,5000,2006,Single Family Residential,Active,2026-08-14,37.2931004,-120.4325597,https://www.redfin.com/CA/Merced/3063-Bodie-St-95341/home/19652898,redfin
2026-09-21,mls:226111094,3119 Dinkey Creek Ave,Merced,95341,155000,,,,6970,,Vacant Land,Active,2026-09-03,37.2843783,-120.4324245,https://www.redfin.com/CA/Merced/3119-Dinkey-Creek-Ave-95341/home/28560868,redfin
2026-09-21,mls:MC26189491,3125 N Parsons,Merced,95340,385000,4,2,1569,6699,1968,Single Family Residential,Active,2026-08-28,37.3191569,-120.4515217,https://www.redfin.com/CA/Merced/3125-N-Parsons-Ave-95340/home/19704375,redfin
2026-09-21,mls:226076083,313 Sullivan Dr,Merced,95348,419999,5,2.5,2378,2378,2022,Single Family Residential,Active,2026-07-04,37.3455019,-120.4725467,https://www.redfin.com/CA/Merced/313-Sullivan-Dr-95348/home/28949241,redfin
2026-09-21,mls:MC26031224,3216 El Capitan,Merced,95340,345000,3,2,1446,7440,1960,Single Family Residential,Active,2026-03-30,37.3211364,-120.4649618,https://www.redfin.com/CA/Merced/3216-El-Capitan-Ave-95340/home/19704773,redfin
2026-09-21,mls:MC26159955,3224 Nashville Ct,Merced,95348,485000,5,4,2287,6898,1980,Multi-Family (2-4 Unit),Active,2026-07-23,37.3220853,-120.493789,https://www.redfin.com/CA/Merced/3224-Nashville-Ct-95348/home/19682183,redfin
2026-09-21,mls:MC26168916,324 W 22nd,Merced,95340,475000,4,4,1850,7500,1935,Multi-Family (2-4 Unit),Active,2026-08-03,37.3050876,-120.4782527,https://www.redfin.com/CA/Merced/324-W-22nd-St-95340/home/200649590,redfin
2026-09-21,mls:MC26154809,3257 Juneau Ct,Merced,95348,389000,3,1,1123,6626,1972,Single Family Residential,Active,2026-07-15,37.3215246,-120.4974698,https://www.redfin.com/CA/Merced/3257-Juneau-Ct-95348/home/19682962,redfin
2026-09-21,mls:226063276,328 E 20th St,Merced,95340,285000,2,1,800,8002,1940,Single Family Residential,Active,2026-07-05,37.2993004,-120.4683459,https://www.redfin.com/CA/Merced/328-E-20th-St-95340/home/19688111,redfin
2026-09-21,mls:MC26194620,3311 Shamrock,Merced,95340,465000,4,2,1923,6683,1985,Single Family Residential,Active,2026-09-04,37.3236358,-120.4547312,https://www.redfin.com/CA/Merced/3311-Shamrock-Ave-95340/home/19704697,redfin
2026-09-21,mls:41145302,3362 San Jacinto Ct,Merced,95348,350000,3,2,1635,6356,1980,Single Family Residential,Active,2026-08-17,37.3255898,-120.4830739,https://www.redfin.com/CA/Merced/3362-San-Jacinto-Ct-95348/home/19667903,redfin
2026-09-21,mls:MC26174310,3372 Wawona Ct,Merced,95340,405000,3,2,1766,6824,1974,Single Family Residential,Active,2026-08-18,37.3256468,-120.4641113,https://www.redfin.com/CA/Merced/3372-Wawona-Ct-95340/home/19703460,redfin
2026-09-21,mls:MC26165548,3394 Banbury,Merced,95340,829000,4,3.5,2470,8741,2023,Single Family Residential,Active,2026-07-30,37.3262185,-120.4490424,https://www.redfin.com/CA/Merced/3394-Banbury-Ln-95340/home/28949845,redfin
2026-09-21,mls:226114912,34 Skylark Ct,Merced,95341,329000,3,2,1095,4256,1989,Single Family Residential,Active,2026-09-11,37.2855327,-120.4827358,https://www.redfin.com/CA/Merced/34-Skylark-Ct-95341/home/19647366,redfin
2026-09-21,mls:MC26099037,3411 Baker,Merced,95341,890000,12,6,5000,100188,1942,Multi-Family (5+ Unit),Active,2026-05-07,37.294377,-120.4260501,https://www.redfin.com/CA/Merced/3411-Baker-Dr-95341/home/19679932,redfin
2026-09-21,mls:MC26190319,3424 Mckee,Merced,95340,599000,4,2.5,2678,108900,1972,Single Family Residential,Active,2026-08-31,37.3282325,-120.4437943,https://www.redfin.com/CA/Merced/3424-McKee-Rd-95340/home/19701689,redfin
2026-09-21,mls:MC26111721,3442 Joerg Ave,Merced,95340,550000,4,2.5,2187,7754,1988,Single Family Residential,Active,2026-05-22,37.3267638,-120.4556038,https://www.redfin.com/CA/Merced/3442-Joerg-Ave-95340/home/19704871,redfin
2026-09-21,mls:MC26187696,3452 Paseo Verde,Merced,95348,575000,5,3,2243,8173,2002,Single Family Residential,Active,2026-08-28,37.3280963,-120.4873391,https://www.redfin.com/CA/Merced/3452-Paseo-Verde-Ave-95348/home/19681930,redfin
2026-09-21,mls:MC26113319,3454 G St,Merced,95340,425000,,,,28038,,Vacant Land,Active,2026-05-25,37.3294978,-120.4687811,https://www.redfin.com/CA/Merced/3454-G-St-95340/home/19704553,redfin
2026-09-21,mls:MC26019215,350 S Bermuda,Merced,95341,320000,,,,7575,,Vacant Land,Active,2026-02-13,37.283142,-120.4738245,https://www.redfin.com/CA/Merced/350-Bermuda-St-95341/home/28953795,redfin
2026-09-21,mls:MC26194375,3507 Sunstone Ct,Merced,95340,535000,3,2,2062,9307,2021,Single Family Residential,Active,2026-09-09,37.3254376,-120.4354688,https://www.redfin.com/CA/Merced/3507-Sunstone-Ct-95340/home/28949730,redfin
2026-09-21,mls:226001268,3515 E Yosemite Ave,Merced,95340,6000000,,,,2178000,,Vacant Land,Active,2026-01-06,37.331258,-120.421489,https://www.redfin.com/CA/Merced/3515-E-Yosemite-Ave-95340/home/40050563,redfin
2026-09-21,mls:MC26026650,355 E Main,Merced,95340,390000,3,2,1136,9758,1947,Single Family Residential,Active,2026-02-05,37.2967409,-120.4698506,https://www.redfin.com/CA/Merced/355-E-Main-St-95340/home/19687493,redfin
2026-09-21,mls:MC26051040,3552 Wathen Ct,Merced,95348,390000,3,2,1589,6180,1977,Single Family Residential,Active,2026-03-09,37.3315474,-120.4755399,https://www.redfin.com/CA/Merced/3552-Wathen-Ct-95348/home/19668079,redfin
2026-09-21,mls:MC26136486,3553 Beals,Merced,95348,399950,3,2,1589,6180,1977,Single Family Residential,Active,2026-06-22,37.3315473,-120.4751694,https://www.redfin.com/CA/Merced/3553-Beals-Ave-95348/home/19668503,redfin
2026-09-21,mls:FR26143684,3583 Sarasota,Merced,95348,399950,3,2,1705,5500,2006,Single Family Residential,Active,2026-07-01,37.3306482,-120.5033077,https://www.redfin.com/CA/Merced/3583-Sarasota-Ave-95348/home/19652932,redfin
2026-09-21,mls:MC26201253,360 E 19th St,Merced,95340,290000,2,1,1084,8975,1946,Single Family Residential,Active,2026-09-14,37.2983569,-120.4691015,https://www.redfin.com/CA/Merced/360-E-19th-St-95340/home/19688124,redfin
2026-09-21,mls:MC26179423,362 Rhianon,Merced,95341,395000,3,2,1475,5973,2019,Single Family Residential,Active,2026-08-18,37.2794023,-120.4771709,https://www.redfin.com/CA/Merced/362-Rhianon-Dr-95341/home/28951403,redfin
2026-09-21,mls:226000354,3622 N State Highway 59,Merced,95348,3490000,,,,467399,,Vacant Land,Active,2026-01-02,37.335149,-120.501768,https://www.redfin.com/CA/Merced/3622-N-State-Highway-59-95348/home/28947260,redfin
2026-09-21,mls:MC26123261,3629 N Lake,Merced,95340,1100000,4,2,2680,204732,1977,Single Family Residential,Active,2026-06-05,37.3359882,-120.433376,https://www.redfin.com/CA/Merced/3629-N-Lake-Rd-95340/home/19680577,redfin
2026-09-21,mls:226097306,365 E Main St,Merced,95340,359998,3,1.5,1256,9008,1947,Single Family Residential,Active,2026-08-01,37.2966338,-120.4696126,https://www.redfin.com/CA/Merced/365-E-Main-St-95340/home/19687494,redfin
2026-09-21,mls:MC26189146,3675 Quail Ave,Merced,95340,430000,3,2,1772,6501,1990,Single Family Residential,Active,2026-09-01,37.3332024,-120.4578991,https://www.redfin.com/CA/Merced/3675-Quail-Ave-95340/home/19679473,redfin
2026-09-21,mls:MC26141078,3726 Crane,Merced,95348,434900,4,2,1789,6600,2006,Single Family Residential,Active,2026-06-29,37.3345017,-120.4956177,https://www.redfin.com/CA/Merced/3726-Crane-Ave-95348/home/19656269,redfin
2026-09-21,mls:MC26141821,3774 Magellan,Merced,95340,474900,4,2.5,2282,6215,2020,Single Family Residential,Active,2026-07-01,37.3290761,-120.4408036,https://www.redfin.com/CA/Merced/3774-Magellan-95340/home/28949670,redfin
2026-09-21,mls:226105884,379 Edan Ct,Merced,95341,445000,3,2,1511,7588,2002,Single Family Residential,Active,2026-08-21,37.2831608,-120.4817525,https://www.redfin.com/CA/Merced/379-Edan-Ct-95341/home/19663940,redfin
2026-09-21,mls:MC26184740,3851 Twilight Ave,Merced,95348,459900,4,2.5,3286,6906,2005,Single Family Residential,Active,2026-08-24,37.3372152,-120.4898191,https://www.redfin.com/CA/Merced/3851-Twilight-Ave-95348/home/19645819,redfin
2026-09-21,mls:DW26039485,3880 Early Lgt,Merced,95348,400000,5,2.5,2023,4275,2005,Single Family Residential,Active,2026-03-01,37.3369528,-120.4904075,https://www.redfin.com/CA/Merced/3880-Early-Light-Ave-95348/home/19658704,redfin
2026-09-21,mls:MC26105349,3888 Solstice,Merced,95348,515000,8,4,3286,9833,2005,Single Family Residential,Active,2026-05-14,37.3390975,-120.4872439,https://www.redfin.com/CA/Merced/3888-Solstice-Ave-95348/home/19657581,redfin
2026-09-21,mls:226105372,3910 Twilight Ave,Merced,95348,459999,4,4,2352,5728,2006,Single Family Residential,Active,2026-08-20,37.3383451,-120.4900763,https://www.redfin.com/CA/Merced/3910-Twilight-Ave-95348/home/19658692,redfin
2026-09-21,mls:MC26178671,394 St. Bermuda,Merced,95341,95000,2,1,,5752,,Vacant Land,Active,2026-08-14,37.2826567,-120.4738723,https://www.redfin.com/CA/Merced/394-Bermuda-St-95341/home/19666930,redfin
2026-09-21,mls:MC26201117,3947 Finch Ct,Merced,95340,585000,4,3,1904,7497,1997,Single Family Residential,Active,2026-09-16,37.3375469,-120.4608631,https://www.redfin.com/CA/Merced/3947-Finch-Ct-95340/home/19679529,redfin
2026-09-21,mls:MC26167281,4025 St Remy Ct,Merced,95348,589000,5,3.5,3291,6710,2007,Single Family Residential,Active,2026-07-31,37.3418674,-120.4915622,https://www.redfin.com/CA/Merced/4025-St-Remy-Ct-95348/home/19651325,redfin
2026-09-21,mls:MC26082691,4089 Bayonet,Merced,95348,469000,4,3,1842,5125,2023,Single Family Residential,Active,2026-04-16,37.3425668,-120.4963347,https://www.redfin.com/CA/Merced/4089-Bayonet-Dr-95348/home/180787106,redfin
2026-09-21,mls:MC26181953,409 W 25th St,Merced,95340,225000,2,1,982,3750,1932,Single Family Residential,Active,2026-08-23,37.3091936,-120.4774598,https://www.redfin.com/CA/Merced/409-W-25th-St-95340/home/19692138,redfin
2026-09-21,mls:226089687,4100 Scarlet Ct,Merced,95348,482880,4,2.5,1924,5083,2026,Single Family Residential,Active,2026-07-15,37.343721,-120.491211,https://www.redfin.com/CA/Merced/4100-Scarlet-Ct-95348/home/186321264,redfin
2026-09-21,mls:226094076,4108 Adobe Ct,Merced,95348,449880,3,2.5,1777,4658,2026,Single Family Residential,Active,2026-07-24,37.343855,-120.493857,https://www.redfin.com/CA/Merced/4108-Adobe-Ct-95348/home/186321177,redfin
2026-09-21,mls:MC26163326,4115 Scarlet Ct,Merced,95348,459880,4,2.5,1924,4656,2026,Single Family Residential,Active,2026-07-27,37.3429784,-120.4934196,https://www.redfin.com/CA/Merced/4115-Scarlet-Ct-95348/home/186321239,redfin
2026-09-21,mls:9146B3B1C39A,4116 Scarlet Ct,Merced,95348,483250,4,2.5,1924,,2026,Single Family Residential,Active,2026-05-31,37.3429784,-120.4934196,https://www.redfin.com/CA/Merced/4116-Scarlet-Ct-95348/home/186321261,redfin
2026-09-21,mls:62D769E83AAC,4125 Adobe Ct,Merced,95348,552330,4,2.5,1924,,2026,Single Family Residential,Active,2026-08-05,37.344102,-120.494398,https://www.redfin.com/CA/Merced/4125-Adobe-Ct-95348/home/186321153,redfin
2026-09-21,mls:MC26139899,413 El Portal Ct,Merced,95348,405000,4,2,1440,6000,1993,Single Family Residential,Active,2026-06-26,37.327138,-120.4735865,https://www.redfin.com/CA/Merced/413-El-Portal-Ct-95348/home/19667718,redfin
2026-09-21,mls:ML82035268,413 Hydrangea Ct,Merced,95341,440000,4,2.5,1864,5471,2005,Single Family Residential,Active,2026-02-17,37.2819906,-120.4260934,https://www.redfin.com/CA/Merced/413-Hydrangea-Ct-95341/home/19648529,redfin
2026-09-21,mls:MC26198130,4180 Adobe Ct,Merced,95348,515000,4,2.5,1941,4527,2024,Single Family Residential,Active,2026-09-09,37.3449473,-120.4937563,https://www.redfin.com/CA/Merced/4180-Adobe-Ct-95348/home/186321168,redfin
2026-09-21,mls:41144861,4195 North Highway 59,Merced,95348,285000,,,,39340,,Vacant Land,Active,2026-08-13,37.3492155,-120.5042264,https://www.redfin.com/CA/Merced/4195-N-State-Highway-59-95348/home/19684726,redfin
2026-09-21,mls:MC26123889,42 Squaw Valley Ct,Merced,95341,463709,4,2,1969,5805,2026,Single Family Residential,Active,2026-06-07,37.2849016,-120.4302551,https://www.redfin.com/CA/Merced/42-Squaw-Valley-Dr-95341/home/202168801,redfin
2026-09-21,mls:MC26201983,420 W 19th St,Merced,95340,315000,2,1.5,1489,7500,1938,Single Family Residential,Active,2026-09-15,37.3028374,-120.4813392,https://www.redfin.com/CA/Merced/420-W-19th-St-95340/home/19690991,redfin
2026-09-21,mls:MC26140315,4208 Berryesa,Merced,95348,399000,3,2.5,1555,3837,2008,Single Family Residential,Active,2026-06-27,37.3452052,-120.4693254,https://www.redfin.com/CA/Merced/4208-Berryesa-Ave-95348/home/19651904,redfin
2026-09-21,mls:MC26158999,424 Barclay Way,Merced,95348,450000,4,2,1700,4925,2007,Single Family Residential,Active,2026-07-24,37.3553556,-120.4744038,https://www.redfin.com/CA/Merced/424-Barclay-Way-95348/home/19651643,redfin
2026-09-21,mls:MC26182055,4240 Los Olivos Rd,Merced,95340,1600000,4,2,2561,361548,1970,Single Family Residential,Active,2026-08-24,37.3500726,-120.4354813,https://www.redfin.com/CA/Merced/4240-Los-Olivos-Rd-95340/home/19679651,redfin
2026-09-21,mls:MC26178473,4265 Freemark Ave,Merced,95348,559900,5,3.5,2478,5240,2021,Single Family Residential,Active,2026-08-20,37.3448479,-120.482299,https://www.redfin.com/CA/Merced/4265-Freemark-Ave-95348/home/28949033,redfin
2026-09-21,mls:226106909,434 Occidental Ct,Merced,95348,389999,4,2,1440,6000,1993,Single Family Residential,Active,2026-08-24,37.3281127,-120.4740071,https://www.redfin.com/CA/Merced/434-Occidental-Ct-95348/home/19667652,redfin
2026-09-21,mls:MC26168529,4395 Strathmore,Merced,95348,419000,4,2,1617,4725,2018,Single Family Residential,Active,2026-08-09,37.3494562,-120.4698107,https://www.redfin.com/CA/Merced/4395-Strathmore-Pl-95348/home/28951214,redfin
2026-09-21,mls:MC26195175,4431 Andrea,Merced,95348,450000,4,3,1745,5092,2022,Single Family Residential,Active,2026-09-05,37.3507554,-120.4829035,https://www.redfin.com/CA/Merced/4431-Andrea-Dr-95348/home/172360241,redfin
2026-09-21,mls:ML82053546,4449 Lacy Ln,Merced,95348,449000,3,2,1616,5125,2022,Single Family Residential,Active,2026-07-08,37.3508779,-120.482032,https://www.redfin.com/CA/Merced/4449-Lacy-Ln-95348/home/172360257,redfin
2026-09-21,mls:225139639,446 Tyler #148 Rd,Merced,95341,299000,3,1,,57543,,Vacant Land,Active,2025-10-31,37.2816477,-120.4693583,https://www.redfin.com/CA/Merced/446-Tyler-Rd-95341/home/28953786,redfin
2026-09-21,mls:MC26094946,4465 Andrea Dr,Merced,95348,451179,3,2,1620,4583,2026,Single Family Residential,Active,2026-06-06,37.3517279,-120.4830309,https://www.redfin.com/CA/Merced/4465-Andrea-Dr-95348/home/172360248,redfin
2026-09-21,mls:226106360,454 Jacobs Dr,Merced,95348,456644,4,3,1832,4800,2007,Single Family Residential,Active,2026-08-22,37.353343,-120.4733961,https://www.redfin.com/CA/Merced/454-Jacobs-Dr-95348/home/19651725,redfin
2026-09-21,mls:MC26182077,455 Columbia,Merced,95340,364900,3,2,1175,6000,1972,Single Family Residential,Active,2026-08-19,37.32404,-120.4645496,https://www.redfin.com/CA/Merced/455-Columbia-Ave-95340/home/19703734,redfin
2026-09-21,mls:226096553,457 Buena Vista Dr,Merced,95348,399999,3,2,1440,6569,1993,Single Family Residential,Active,2026-08-15,37.3278627,-120.4742567,https://www.redfin.com/CA/Merced/457-Buena-Vista-Dr-95348/home/19668122,redfin
2026-09-21,mls:226018792,4672 Beckman Way,Merced,95348,385000,4,2.5,2116,5357,2007,Single Family Residential,Active,2026-02-18,37.3559542,-120.4725258,https://www.redfin.com/CA/Merced/4672-Beckman-Way-95348/home/19651672,redfin
2026-09-21,mls:MC26193060,475 Tulane,Merced,95348,410000,3,2,1360,6366,1999,Single Family Residential,Active,2026-09-02,37.3257095,-120.4745678,https://www.redfin.com/CA/Merced/475-Tulane-Dr-95348/home/19667400,redfin
2026-09-21,mls:MC26087411,4822 Durant,Merced,95348,599900,5,4,3265,7784,2007,Single Family Residential,Active,2026-05-05,37.3585415,-120.4691243,https://www.redfin.com/CA/Merced/4822-Durant-Way-95348/home/19650686,redfin
2026-09-21,mls:MC26177612,4836 Mari Cruz Ln,Merced,95348,453212,3,2,1620,5923,2026,Single Family Residential,Active,2026-08-13,37.358853,-120.478632,https://www.redfin.com/CA/Merced/4836-Mari-Cruz-Ln-95348/home/196426148,redfin
2026-09-21,mls:MC26094924,4842 Mari Cruz,Merced,95348,481417,3,2,1854,5923,2026,Single Family Residential,Active,2026-05-01,37.358982,-120.478524,https://www.redfin.com/CA/Merced/4842-Mari-Cruz-Ln-95348/home/196426147,redfin
2026-09-21,mls:MC26159854,4861 Langley,Merced,95348,450000,3,2,1928,8708,2015,Single Family Residential,Active,2026-07-28,37.3586468,-120.4716258,https://www.redfin.com/CA/Merced/4861-Langley-Way-95348/home/28950816,redfin
2026-09-21,mls:MC26177603,4866 Mari Cruz Ln,Merced,95348,516548,4,3,2203,5839,2026,Single Family Residential,Active,2026-08-13,37.359204,-120.478255,https://www.redfin.com/CA/Merced/4866-Mari-Cruz-Ln-95348/home/204576604,redfin
2026-09-21,mls:MC26182718,4869 Langley Way,Merced,95348,535000,5,2.5,2288,6903,2015,Single Family Residential,Active,2026-08-20,37.3590131,-120.4716565,https://www.redfin.com/CA/Merced/4869-Langley-Way-95348/home/28950822,redfin
2026-09-21,mls:MC26177584,4882 Mari Cruz Ln,Merced,95348,485789,4,3,1750,8042,2026,Single Family Residential,Active,2026-08-13,37.359382,-120.477905,https://www.redfin.com/CA/Merced/4882-Mari-Cruz-Ln-95348/home/204576504,redfin
2026-09-21,mls:MC26169759,5082 Palisade,Merced,95348,419999,4,2.5,1687,2116,2023,Single Family Residential,Active,2026-08-25,37.3625801,-120.46905,https://www.redfin.com/CA/Merced/5082-Palisade-Ave-95348/home/28952312,redfin
2026-09-21,mls:MC26150874,515 Cadiz Ct,Merced,95341,429000,4,2.5,1921,5055,2019,Single Family Residential,Active,2026-08-06,37.2770927,-120.4848762,https://www.redfin.com/CA/Merced/515-Cadiz-Ct-95341/home/28951744,redfin
2026-09-21,mls:MC26172479,52 Sedona Dr,Merced,95341,440000,4,3,1836,3200,2026,Single Family Residential,Active,2026-08-06,37.274382,-120.484204,https://www.redfin.com/CA/Merced/52-Sedona-Dr-95341/home/180787881,redfin
2026-09-21,mls:MC26190483,52 W 25th,Merced,95340,239000,2,1,830,7500,1939,Single Family Residential,Active,2026-08-31,37.3068829,-120.4725298,https://www.redfin.com/CA/Merced/52-W-25th-St-95340/home/19691446,redfin
2026-09-21,mls:MC26119524,523 Barcelona Ct,Merced,95341,396000,4,2.5,1999,3485,2023,Single Family Residential,Active,2026-06-02,37.276891,-120.4841532,https://www.redfin.com/CA/Merced/523-Barcelona-Ct-95341/home/28951740,redfin
2026-09-21,mls:MC26183832,537 Alfarata Blvd,Merced,95341,399900,4,2,1732,5970,2006,Single Family Residential,Active,2026-08-21,37.2799467,-120.4378632,https://www.redfin.com/CA/Merced/537-Alfarata-Blvd-95341/home/19652525,redfin
2026-09-21,mls:MC26202684,565 Tolman Way,Merced,95348,395000,3,2,1455,4938,2007,Single Family Residential,Active,2026-09-17,37.3537061,-120.4762962,https://www.redfin.com/CA/Merced/565-Tolman-Way-95348/home/19651075,redfin
2026-09-21,mls:MC22138199,5771 N Siena Ave,Merced,95340,265000,,,,43560,,Vacant Land,Active,2022-06-24,37.372404,-120.467821,https://www.redfin.com/CA/Merced/5771-N-Siena-Ave-95340/home/28949515,redfin
2026-09-21,mls:MC26162775,5820 N Siena Ave,Merced,95340,699000,,,,87120,,Vacant Land,Active,2026-07-25,37.372923,-120.466926,https://www.redfin.com/CA/Merced/5820-N-Siena-Ave-95340/home/28949517,redfin
2026-09-21,mls:226046872,5825 N Casa Sonada Ct,Merced,95340,285000,,,,43560,,Vacant Land,Active,2026-04-15,37.3732349,-120.4647476,https://www.redfin.com/CA/Merced/5825-N-Casa-Sonada-Ct-95340/home/168647420,redfin
2026-09-21,mls:MC26084705,5829 N Casa Sonada Ct,Merced,95340,300000,,,,43560,,Vacant Land,Active,2026-04-20,37.3737132,-120.464331,https://www.redfin.com/CA/Merced/5829-N-Casa-Sonada-Ct-95340/home/168647421,redfin
2026-09-21,mls:MC26084709,5830 N Rio Bonito Ct,Merced,95340,300000,,,,44431,,Vacant Land,Active,2026-04-20,37.373254,-120.462652,https://www.redfin.com/CA/Merced/5830-N-Rio-Bonito-Ct-95340/home/168647425,redfin
2026-09-21,mls:MC26138029,59 W 27th,Merced,95340,375000,3,2,1896,7500,1981,Single Family Residential,Active,2026-08-05,37.3093528,-120.4711085,https://www.redfin.com/CA/Merced/59-W-27th-St-95340/home/19693053,redfin
2026-09-21,mls:V1-38507,594 Granada Ct,Merced,95341,429900,4,3,1999,3671,2018,Single Family Residential,Active,2026-09-02,37.2760295,-120.4850942,https://www.redfin.com/CA/Merced/594-Granada-Ct-95341/home/28951771,redfin
2026-09-21,mls:MC26182432,60 E 12th,Merced,95341,599900,8,4,3000,7504,1977,Multi-Family (2-4 Unit),Active,2026-08-19,37.2927163,-120.4780047,https://www.redfin.com/CA/Merced/60-E-12th-St-95341/home/19687380,redfin
2026-09-21,mls:MC26202372,600 Dennis Ct,Merced,95340,329000,3,2,1718,8196,1968,Single Family Residential,Active,2026-09-16,37.3134479,-120.4641366,https://www.redfin.com/CA/Merced/600-Dennis-Ct-95340/home/19702111,redfin
2026-09-21,mls:MC26167550,603 Weslie Way,Merced,95348,359037,3,2.5,1358,2200,2026,Single Family Residential,Active,2026-07-31,37.360665,-120.478211,https://www.redfin.com/CA/Merced/603-Weslie-Way-Unknown/home/203570268,redfin
2026-09-21,mls:MC26177703,613 Weslie Way,Merced,95348,393290,3,2.5,1623,3969,2026,Single Family Residential,Active,2026-08-13,37.360675,-120.478516,https://www.redfin.com/CA/Merced/613-Weslie-Way-Unknown/home/204577766,redfin
2026-09-21,mls:MC26177694,615 Weslie Way,Merced,95348,359037,3,2.5,1358,2425,2026,Single Family Residential,Active,2026-08-13,37.360679,-120.478617,https://www.redfin.com/CA/Merced/615-Weslie-Way-Unknown/home/204577717,redfin
2026-09-21,mls:MC26177647,617 Weslie Way,Merced,95348,359037,3,2.5,1358,2473,2026,Single Family Residential,Active,2026-08-13,37.360682,-120.478693,https://www.redfin.com/CA/Merced/617-Weslie-Way-Unknown/home/204577547,redfin
2026-09-21,mls:MC26177619,621 Weslie Way,Merced,95348,393290,3,2.5,1623,4244,2026,Single Family Residential,Active,2026-08-13,37.360685,-120.478795,https://www.redfin.com/CA/Merced/621-Weslie-Way-Unknown/home/204576922,redfin
2026-09-21,mls:MC26127731,626 Heitz Ct,Merced,95348,429000,4,3,1852,5661,2020,Single Family Residential,Active,2026-07-01,37.3485926,-120.4781423,https://www.redfin.com/CA/Merced/626-Heitz-Ct-95348/home/28948826,redfin
2026-09-21,mls:226052760,627 Elizabeth Ct,Merced,95341,387500,3,2,1231,5301,2024,Single Family Residential,Active,2026-05-22,37.277912,-120.493846,https://www.redfin.com/CA/Merced/627-Elizabeth-Ct-95341/home/180787387,redfin
2026-09-21,mls:MC26163276,63 Maia Ct,Merced,95341,459000,4,2.5,1945,4595,2007,Single Family Residential,Active,2026-07-31,37.2890444,-120.4270611,https://www.redfin.com/CA/Merced/63-Maia-Ct-95341/home/19656885,redfin
2026-09-21,mls:MC26168622,630 Andrea,Merced,95348,410000,3,2,1616,4897,2020,Single Family Residential,Active,2026-08-03,37.3493336,-120.4782911,https://www.redfin.com/CA/Merced/630-Andrea-Dr-95348/home/168649010,redfin
2026-09-21,mls:MC26146533,636 W 25th,Merced,95340,330000,2,1,1056,7500,1949,Single Family Residential,Active,2026-07-06,37.3100838,-120.4811936,https://www.redfin.com/CA/Merced/636-W-25th-St-95340/home/19693007,redfin
2026-09-21,mls:MC26148395,654-- 658 W Yosemite,Merced,95348,499000,4,4,2378,6841,1984,Multi-Family (2-4 Unit),Active,2026-07-29,37.3318577,-120.4798624,https://www.redfin.com/CA/Merced/654-W-Yosemite-Ave-95348/home/19668082,redfin
2026-09-21,mls:MC26183806,670 Elizabeth Ct,Merced,95341,405000,4,2,1509,6118,2024,Single Family Residential,Active,2026-08-21,37.27745,-120.494384,https://www.redfin.com/CA/Merced/670-Elizabeth-Ct-95341/home/180787393,redfin
2026-09-21,mls:MC26163641,677 Mackenzie Ct,Merced,95341,379900,3,2,1000,4998,2024,Single Family Residential,Active,2026-07-27,37.2792618,-120.4943634,https://www.redfin.com/CA/Merced/677-Mackenzie-Ct-95341/home/180787315,redfin
2026-09-21,mls:MC26106631,684 Skyler Ln Unit 69 B2,Merced,95348,439990,4,2,1509,5830,2026,Single Family Residential,Active,2026-07-19,37.3586629,-120.4807985,https://www.redfin.com/CA/Merced/684-Skyler-Ln-95348/unit-69-B2/home/201858480,redfin
2026-09-21,mls:MC24096982,6922 G St,Merced,95340,3599999,2,3,6300,2964258,1982,Single Family Residential,Active,2024-05-16,37.3891143,-120.4663615,https://www.redfin.com/CA/Merced/6922-G-St-95340/home/187852220,redfin
2026-09-21,mls:MC26111249,693 Cadiz Ave,Merced,95341,450900,4,2.5,2182,3744,2022,Single Family Residential,Active,2026-05-22,37.274742,-120.48485,https://www.redfin.com/CA/Merced/693-Cadiz-Ave-95341/home/180787922,redfin
2026-09-21,mls:41148105,698 Keng Ct,Merced,95341,410000,3,2,1214,6838,2024,Single Family Residential,Active,2026-09-11,37.2802099,-120.494785,https://www.redfin.com/CA/Merced/698-Keng-Ct-95341/home/186321375,redfin
2026-09-21,mls:MC26183512,698 Roberts Ct,Merced,95340,475000,4,2,1900,12610,1967,Single Family Residential,Active,2026-09-01,37.3112846,-120.4628734,https://www.redfin.com/CA/Merced/698-Roberts-Ct-95340/home/19702775,redfin
2026-09-21,mls:226035968,7044 Hwy 59 & Sandy Mush Rd,Merced,95340,399000,3,1.5,,1001880,,Vacant Land,Active,2026-03-25,37.3145748,-120.4687351,https://www.redfin.com/CA/Merced/59-Sandy-Ln-95340/home/19703233,redfin
2026-09-21,mls:MC26008284,71 Tyler Rd,Merced,95341,1199000,,,,392040,,Vacant Land,Active,2026-01-13,37.2869741,-120.4703556,https://www.redfin.com/CA/Merced/71-Tyler-Rd-95341/home/194153528,redfin
2026-09-21,mls:MC26189059,713 Stone Ridge West Ave,Merced,95341,344140,3,2.5,1358,1649,2026,Single Family Residential,Active,2026-08-28,37.2768573,-120.4808773,https://www.redfin.com/CA/Merced/713-Stone-Ridge-West-Ave-95341/home/196426217,redfin
2026-09-21,mls:MC26053673,714 Dean Ct,Merced,95341,399900,3,2,1214,5200,2023,Single Family Residential,Active,2026-03-11,37.2788436,-120.4953763,https://www.redfin.com/CA/Merced/714-Dean-Ct-95341/home/180787328,redfin
2026-09-21,mls:MC26152873,714 Suzanne,Merced,95348,440000,3,2,1435,5065,2021,Single Family Residential,Active,2026-07-30,37.3512045,-120.4806199,https://www.redfin.com/CA/Merced/714-Suzanne-Dr-95348/home/172360276,redfin
2026-09-21,mls:226038701,72 E 12th St,Merced,95341,650000,6,4,3002,7505,1976,Multi-Family (5+ Unit),Active,2026-05-20,37.2926913,-120.4778409,https://www.redfin.com/CA/Merced/72-E-12th-St-95341/home/19687379,redfin
2026-09-21,mls:MC26013670,724 Robin Dr,Merced,95340,579900,5,3,2021,10109,1997,Single Family Residential,Active,2026-02-11,37.3369707,-120.4617846,https://www.redfin.com/CA/Merced/724-Robin-Dr-95340/home/19661373,redfin
2026-09-21,mls:MC26181900,725 Stone Ridge West Ave,Merced,95341,374750,3,2.5,1623,2774,2026,Single Family Residential,Active,2026-08-19,37.27672,-120.4808686,https://www.redfin.com/CA/Merced/725-Stone-Ridge-West-Ave-95341/home/196426220,redfin
2026-09-21,mls:MP26164276,726 Skyler Ct,Merced,95348,439000,3,2,1435,5269,2026,Single Family Residential,Active,2026-07-28,37.358728,-120.481646,https://www.redfin.com/CA/Merced/726-Skyler-Ln-95348/home/196426122,redfin
2026-09-21,mls:MC26094809,732 Stone Ridge East Ave,Merced,95341,328540,2,2.5,1259,1652,2026,Single Family Residential,Active,2026-09-10,37.2751972,-120.4843636,https://www.redfin.com/CA/Merced/732-Stone-Ridge-East-Ave-95341/home/196426251,redfin
2026-09-21,mls:MC26095163,733 Marshall Ct,Merced,95348,445000,3,2,1620,5611,2026,Single Family Residential,Active,2026-05-01,37.35993,-120.481585,https://www.redfin.com/CA/Merced/733-Marshall-Ct-95348/home/201673758,redfin
2026-09-21,mls:226083180,733 Newton Ct,Merced,95348,450000,5,2.5,1919,5502,2020,Single Family Residential,Active,2026-06-30,37.3481419,-120.4808294,https://www.redfin.com/CA/Merced/733-Newton-Ct-95348/home/28948811,redfin
2026-09-21,mls:MC26027458,738 Skyler Ct,Merced,95348,445000,3,2,1620,5300,2026,Single Family Residential,Active,2026-03-10,37.358728,-120.481818,https://www.redfin.com/CA/Merced/738-Skyler-Ln-95348/home/196426123,redfin
2026-09-21,mls:226092145,747 Marcus Ct,Merced,95341,385000,3,2,1443,5001,2022,Single Family Residential,Active,2026-07-24,37.2799617,-120.4959358,https://www.redfin.com/CA/Merced/747-Marcus-Ct-95341/home/179425220,redfin
2026-09-21,mls:cmpmoqogk10nys6015tvoig1e,751 Yosemite Pkwy,Merced,95340,250000,3,1,1036,,1959,Unknown,Active,2026-05-26,37.2955401,-120.4653358,https://www.redfin.com/CA/Merced/751-Yosemite-Pkwy-95340/home/19687728,redfin
2026-09-21,mls:MC26185562,756 Brianne Ct,Merced,95341,385000,3,2,1214,5175,2021,Single Family Residential,Active,2026-08-24,37.2825904,-120.4960306,https://www.redfin.com/CA/Merced/756-Brianne-Ct-95341/home/176247864,redfin
2026-09-21,mls:MC26001848,756 Crist,Merced,95341,105000,,,,14894,,Vacant Land,Active,2026-01-05,37.2936235,-120.4685564,https://www.redfin.com/CA/Merced/756-Crist-Ave-95341/home/19687412,redfin
2026-09-21,mls:MC26009493,767 Taryn Ct,Merced,95341,340000,3,2,1000,5433,2020,Single Family Residential,Active,2026-03-17,37.2843948,-120.4961734,https://www.redfin.com/CA/Merced/767-Taryn-Ct-95341/home/172356595,redfin
2026-09-21,mls:MC26073213,789 Yosemite,Merced,95340,299999,3,1,1032,7500,1953,Single Family Residential,Active,2026-05-26,37.295444,-120.4651341,https://www.redfin.com/CA/Merced/789-Yosemite-Pkwy-95340/home/19687612,redfin
2026-09-21,mls:226081813,794 Dean Ct,Merced,95341,455000,4,2,1862,7000,2023,Single Family Residential,Active,2026-06-26,37.2788084,-120.4967438,https://www.redfin.com/CA/Merced/794-Dean-Ct-95341/home/180787335,redfin
2026-09-21,mls:MC25254770,835 W 10th St,Merced,95341,145000,,,,14536,,Vacant Land,Active,2025-11-05,37.2963738,-120.4927217,https://www.redfin.com/CA/Merced/835-W-10th-St-95341/home/183226295,redfin
2026-09-21,mls:MC25202610,84 Jack Ct,Merced,95341,379000,4,2.5,1945,4595,2007,Single Family Residential,Active,2025-11-12,37.2893222,-120.4274259,https://www.redfin.com/CA/Merced/84-Jack-Ct-95341/home/19657494,redfin
2026-09-21,mls:MC26133869,86 Sedona,Merced,95341,445000,4,2.5,2182,3199,2022,Single Family Residential,Active,2026-06-19,37.2744305,-120.485051,https://www.redfin.com/CA/Merced/86-Sedona-Dr-95341/home/180787875,redfin
2026-09-21,mls:MC26148980,864 E Childs,Merced,95341,2190000,,,,871200,,Vacant Land,Active,2026-07-10,37.2875663,-120.4660284,https://www.redfin.com/CA/Merced/864-E-Childs-Ave-95341/home/188876508,redfin
2026-09-21,mls:MC26041835,890 Barney,Merced,95340,299000,2,1,1233,6075,1951,Single Family Residential,Active,2026-05-06,37.3009501,-120.4613226,https://www.redfin.com/CA/Merced/890-Barney-St-95340/home/19687980,redfin
2026-09-21,mls:MC25242208,902 W 20th St,Merced,95340,345000,2,1,1378,7368,1917,Single Family Residential,Active,2025-10-17,37.3065016,-120.4880009,https://www.redfin.com/CA/Merced/902-W-20th-St-95340/home/19691004,redfin
2026-09-21,mls:MC25252460,915 R St,Merced,95341,325000,3,1,1232,5391,1930,Single Family Residential,Active,2025-11-02,37.2968727,-120.497309,https://www.redfin.com/CA/Merced/915-R-St-95341/home/19690941,redfin
2026-09-21,mls:242694,929 W 6th St,Merced,95341,625500,5,3,2300,6200,2026,Single Family Residential,Active,2026-07-06,37.2929392,-120.4963773,https://www.redfin.com/CA/Merced/929-W-6th-St-95341/home/189156477,redfin
2026-09-21,mls:651525,929 W 6th St #2,Merced,95341,625500,5,2.75,2298,6198,2026,Multi-Family (2-4 Unit),Active,2026-07-06,37.2929392,-120.4963773,https://www.redfin.com/CA/Merced/929-W-6th-St-95341/unit-2/home/202660811,redfin
2026-09-21,mls:226004168,930 W 23rd St,Merced,95340,295000,2,1,912,7501,1940,Single Family Residential,Active,2026-01-23,37.309677,-120.4867814,https://www.redfin.com/CA/Merced/930-W-23rd-St-95340/home/19692025,redfin
2026-09-21,mls:MC25270339,965 N Bryant Ct,Merced,95341,190000,,,,47916,,Vacant Land,Active,2025-12-03,37.300171,-120.520387,https://www.redfin.com/CA/Merced/965-N-Bryant-Ct-95341/home/49858867,redfin
2026-09-21,mls:55E1FC816993,Adams Plan,Merced,95348,455490,4,2,1509,,,Single Family Residential,Active,2025-07-30,37.35757827758789,-120.47850036621094,https://www.redfin.com/CA/Merced/Merced/Adams/home/196689296,redfin
2026-09-21,mls:BEC68E49FC28,Coolidge Plan,Merced,95341,461490,4,3,1842,,,Single Family Residential,Active,2026-04-09,37.284751892089844,-120.43229675292969,https://www.redfin.com/CA/Merced/Merced/Coolidge/home/196730179,redfin
2026-09-21,mls:910CCC4449B9,Coolidge Plan,Merced,95348,482490,4,3,1842,,,Single Family Residential,Active,2025-07-30,37.35757827758789,-120.47850036621094,https://www.redfin.com/CA/Merced/Merced/Coolidge/home/196689029,redfin
2026-09-21,mls:ACB25E048A12,Grayson Plan,Merced,95341,424990,3,2,1290,,,Single Family Residential,Active,2025-08-15,37.2918983,-120.4266809,https://www.redfin.com/CA/Merced/Merced/Grayson/home/197150413,redfin
2026-09-21,mls:FDD583518435,Lanner Plan,Merced,95341,498990,4,2.5,1924,,,Single Family Residential,Active,2026-04-02,37.291656,-120.42655,https://www.redfin.com/CA/Merced/Merced/Lanner/home/201094597,redfin
2026-09-21,mls:ED6468F7B4C8,Lark Plan,Merced,95348,473490,4,2,1509,,,Single Family Residential,Active,2025-05-29,37.35757827758789,-120.47850036621094,https://www.redfin.com/CA/Merced/Merced/Lark/home/195942202,redfin
2026-09-21,mls:15061A6A2B6D,Mountain Top II Plan,Merced,95348,509000,5,3,1890,,,Single Family Residential,Active,2025-08-18,37.3615146,-120.4694483,https://www.redfin.com/CA/Merced/Merced/Mountain-Top-II/home/190509865,redfin
2026-09-21,mls:874769B64FE6,Skyview II Plan,Merced,95348,479000,4,2.5,1824,,,Single Family Residential,Active,2025-08-17,37.3615146,-120.4694483,https://www.redfin.com/CA/Merced/Merced/Skyview-II/home/190509863,redfin
2026-09-21,mls:BF6DF43CAE31,The Adelina Plan,Merced,95341,397838,3,2,1403,,,Single Family Residential,Active,2025-10-26,37.2862897,-120.4304902,https://www.redfin.com/CA/Merced/Merced/The-Adelina/home/198798410,redfin
2026-09-21,mls:AB628F81CA4C,The Ashington Plan,Merced,95348,465600,4,3,1750,,,Single Family Residential,Active,2025-11-02,37.3582045,-120.4809235,https://www.redfin.com/CA/Merced/Merced/The-Ashington/home/198836475,redfin
2026-09-21,mls:7544A213B692,The Ashington Plan,Merced,95341,438700,4,3,1750,,,Single Family Residential,Active,2025-10-26,37.2862897,-120.4304902,https://www.redfin.com/CA/Merced/Merced/The-Ashington/home/198798406,redfin
2026-09-21,mls:33109F27E8B2,The Caledonia Plan,Merced,95348,480600,4,3,1969,,,Single Family Residential,Active,2025-12-20,37.3582045,-120.4809235,https://www.redfin.com/CA/Merced/Merced/The-Caledonia/home/199743228,redfin
2026-09-21,mls:3335387E8898,The Carmelo Plan,Merced,95341,391874,3,2,1500,,,Single Family Residential,Active,2025-07-31,37.2917052,-120.4288446,https://www.redfin.com/CA/Merced/Merced/The-Carmelo/home/196756198,redfin
2026-09-21,mls:C841C396BC54,The Cascade Plan,Merced,95348,436368,3,2,1620,,,Single Family Residential,Active,2025-11-06,37.3582045,-120.4809235,https://www.redfin.com/CA/Merced/Merced/The-Cascade/home/198909838,redfin
2026-09-21,mls:2BB8EC88400D,The Cascade Plan,Merced,95341,421000,3,2,1620,,,Single Family Residential,Active,2025-10-26,37.2862897,-120.4304902,https://www.redfin.com/CA/Merced/Merced/The-Cascade/home/198798409,redfin
2026-09-21,mls:DECD7A7C0493,The Florencia Plan,Merced,95348,569600,5,3,2752,,,Single Family Residential,Active,2025-11-06,37.3582045,-120.4809235,https://www.redfin.com/CA/Merced/Merced/The-Florencia/home/198918663,redfin
2026-09-21,mls:EB4F2420027D,The Haven Plan,Merced,95341,362250,3,2.5,1623,,,Townhouse,Active,2025-10-13,37.2766279,-120.4806608,https://www.redfin.com/CA/Merced/Merced/The-Haven/home/198576924,redfin
2026-09-21,mls:C5D14AA59F41,The Kelsey Plan,Merced,95341,309900,2,2.5,1259,,,Townhouse,Active,2025-10-13,37.2766279,-120.4806608,https://www.redfin.com/CA/Merced/Merced/The-Kelsey/home/198576925,redfin
2026-09-21,mls:581E257A65CE,The Monterey Plan,Merced,95348,489600,4,2,1960,,,Single Family Residential,Active,2025-12-20,37.3582045,-120.4809235,https://www.redfin.com/CA/Merced/Merced/The-Monterey/home/199743230,redfin
2026-09-21,mls:7EE60E243966,The Monterey Plan,Merced,95341,471550,4,2,1960,,,Single Family Residential,Active,2025-10-27,37.2862897,-120.4304902,https://www.redfin.com/CA/Merced/Merced/The-Monterey/home/198798429,redfin
2026-09-21,mls:43516D609CFC,The Rainier Plan,Merced,95348,404900,3,2,1435,,,Single Family Residential,Active,2025-11-06,37.3582045,-120.4809235,https://www.redfin.com/CA/Merced/Merced/The-Rainier/home/198918611,redfin
2026-09-21,mls:C66618349959,The Santa Cruz Plan,Merced,95348,479600,4,3,1810,,,Single Family Residential,Active,2025-12-20,37.3582045,-120.4809235,https://www.redfin.com/CA/Merced/Merced/The-Santa-Cruz/home/199743229,redfin
2026-09-21,mls:35E70551F97C,The Santa Cruz Plan,Merced,95341,465200,4,3,1810,,,Single Family Residential,Active,2025-10-26,37.2862897,-120.4304902,https://www.redfin.com/CA/Merced/Merced/The-Santa-Cruz/home/198798407,redfin
2026-09-21,mls:91E012AEF7B7,The Shasta Plan,Merced,95348,479230,4,3,2207,,,Single Family Residential,Active,2025-11-02,37.3582045,-120.4809235,https://www.redfin.com/CA/Merced/Merced/The-Shasta/home/198836473,redfin
2026-09-21,mls:414BA255B8B4,The Sierra Plan,Merced,95341,325500,3,2.5,1358,,,Townhouse,Active,2025-10-13,37.2766279,-120.4806608,https://www.redfin.com/CA/Merced/Merced/The-Sierra/home/198576923,redfin
2026-09-21,mls:347EB8F16713,The Teton Plan,Merced,95348,470600,3,2,1854,,,Single Family Residential,Active,2025-11-06,37.3582045,-120.4809235,https://www.redfin.com/CA/Merced/Merced/The-Teton/home/198918058,redfin
2026-09-21,mls:DBF11679A93F,The Tolosa Plan,Merced,95341,483361,4,2,2392,,,Single Family Residential,Active,2025-10-13,37.2917052,-120.4288446,https://www.redfin.com/CA/Merced/Merced/The-Tolosa/home/198576922,redfin
2026-09-22,mls:226043198,0 Fruitland & Orchard Park Ave,Atwater,95301,1500000,,,,1337292,,Vacant Land,Active,2026-04-08,37.3626644,-120.5957832,https://www.redfin.com/CA/Atwater/0-Fruitland-Ave-95301/home/183517590,redfin
2026-09-22,mls:MC22098863,0 Green Sands Ave,Atwater,95301,720000,,,,45738,,Vacant Land,Active,2022-05-12,37.338095,-120.576147,https://www.redfin.com/CA/Atwater/Green-Sands-Ave-95301/home/179404945,redfin
2026-09-22,mls:MC26107959,1 Gurr Rd,Atwater,95301,425000,,,,213880,,Vacant Land,Active,2026-05-18,37.32537,-120.557565,https://www.redfin.com/CA/Atwater/1-Gurr-RD-95301/home/198748593,redfin
2026-09-22,mls:MC26025984,1 W Belcher Ave,Atwater,95348,290000,,,,54886,,Vacant Land,Active,2026-02-04,37.338472,-120.544579,https://www.redfin.com/CA/Atwater/1-W-Belcher-Ave-95301/home/200353831,redfin
2026-09-22,mls:226114978,101 Manzanita Dr,Atwater,95301,379900,4,2,1876,8019,1985,Single Family Residential,Active,2026-09-17,37.364388,-120.5960439,https://www.redfin.com/CA/Atwater/101-Manzanita-Dr-95301/home/19669071,redfin
2026-09-22,mls:MC26185791,1020 Prince William Ct,Atwater,95301,1250000,5,4.5,3632,43560,2026,Single Family Residential,Active,2026-08-24,37.3025539,-120.5839977,https://www.redfin.com/CA/Atwater/1020-Prince-William-Ct-95301/home/168648013,redfin
2026-09-22,mls:MC26125479,10366 Rose,Atwater,95301,813500,2,2,,1045440,,Vacant Land,Active,2026-06-09,37.324381,-120.675708,https://www.redfin.com/CA/Atwater/10366-Rose-Ave-95301/home/187905845,redfin
2026-09-22,mls:224602563,10511 White Crane Rd,Atwater,95301,1195950,,,,1751112,,Vacant Land,Active,2026-06-02,37.3160829,-120.6786226,https://www.redfin.com/CA/Atwater/10511-White-Crane-Rd-95301/home/182992353,redfin
2026-09-22,mls:MC26184825,111 Pacemaker,Atwater,95301,374999,3,2,1530,7264,1975,Single Family Residential,Active,2026-08-25,37.3532969,-120.5953379,https://www.redfin.com/CA/Atwater/111-Pacemaker-Dr-95301/home/19706647,redfin
2026-09-22,mls:ML82057518,1170 Spruce,Atwater,95301,370000,3,2,1481,6240,1957,Single Family Residential,Active,2026-08-12,37.3589015,-120.6042608,https://www.redfin.com/CA/Atwater/1170-Spruce-Ave-95301/home/19709053,redfin
2026-09-22,mls:MC26203442,1291 Spruce,Atwater,95301,375000,3,2,1226,7475,1955,Single Family Residential,Active,2026-09-16,37.3590269,-120.6058987,https://www.redfin.com/CA/Atwater/1291-Spruce-Ave-95301/home/19708693,redfin
2026-09-22,mls:MC26115028,1319 3rd St,Atwater,95301,349900,3,1,1356,7321,1920,Single Family Residential,Active,2026-07-07,37.3485144,-120.608288,https://www.redfin.com/CA/Atwater/1319-3rd-St-95301/home/19708365,redfin
2026-09-22,mls:MC26198555,134 E Fir,Atwater,95301,295000,3,2,1425,10969,1959,Single Family Residential,Active,2026-09-10,37.3457031,-120.5946928,https://www.redfin.com/CA/Atwater/134-E-Fir-Ave-95301/home/19706101,redfin
2026-09-22,mls:MC26087176,136 Seville Ct,Atwater,95301,58000,2,1,672,,1980,Mobile/Manufactured Home,Active,2026-04-22,37.3413116,-120.5881367,https://www.redfin.com/CA/Atwater/136-Seville-Ct-95301/home/19655417,redfin
2026-09-22,mls:MC26186737,1371 Shady Cove Ave,Atwater,95301,265000,,,,43655,,Vacant Land,Active,2026-08-25,37.3074557,-120.5915332,https://www.redfin.com/CA/Atwater/1371-Shady-Cove-Ave-95301/home/168647928,redfin
2026-09-22,mls:ML82058659,1405 Tamarack Ave,Atwater,95301,325000,3,2,1386,8075,1955,Single Family Residential,Active,2026-08-21,37.3595332,-120.6073025,https://www.redfin.com/CA/Atwater/1405-Tamarack-Ave-95301/home/19708185,redfin
2026-09-22,mls:MC26183256,1428 Vine Cir,Atwater,95301,330000,3,1.5,1216,2880,1990,Single Family Residential,Active,2026-09-02,37.3539283,-120.6210143,https://www.redfin.com/CA/Atwater/1428-Vine-Cir-95301/home/19659569,redfin
2026-09-22,mls:MC26196306,1453 Augusta,Atwater,95301,495000,4,2,1964,7492,2001,Single Family Residential,Active,2026-09-10,37.3418612,-120.5792132,https://www.redfin.com/CA/Atwater/1453-Augusta-Ln-95301/home/19665042,redfin
2026-09-22,mls:MC26191754,1463 Juniper Ave,Atwater,95301,319000,3,1,1306,8724,1951,Single Family Residential,Active,2026-09-11,37.3544585,-120.6076816,https://www.redfin.com/CA/Atwater/1463-Juniper-Ave-95301/home/19709001,redfin
2026-09-22,mls:MC26206077,149 E Clinton Ave,Atwater,95301,305000,3,1,1157,7125,1960,Single Family Residential,Active,2026-09-21,37.3454409,-120.594331,https://www.redfin.com/CA/Atwater/149-E-Clinton-Ave-95301/home/19706097,redfin
2026-09-22,mls:MC26136421,1501 Drakeley,Atwater,95301,297699,2,1,757,7116,1928,Single Family Residential,Active,2026-06-22,37.349514,-120.6110231,https://www.redfin.com/CA/Atwater/1501-Drakeley-Ave-95301/home/21887227,redfin
2026-09-22,mls:226107316,1505 Jorgensen St,Atwater,95301,389000,3,2,1333,6878,1956,Single Family Residential,Active,2026-08-26,37.3460862,-120.5935394,https://www.redfin.com/CA/Atwater/1505-Jorgensen-St-95301/home/19707009,redfin
2026-09-22,mls:226084471,1522 Vine Cir,Atwater,95301,349900,3,1.5,1216,2879,1990,Single Family Residential,Active,2026-07-07,37.3538377,-120.6212607,https://www.redfin.com/CA/Atwater/1522-Vine-Cir-95301/home/19650770,redfin
2026-09-22,mls:MC26178733,1527 Underwood,Atwater,95301,399000,3,2,1543,9005,1957,Single Family Residential,Active,2026-08-14,37.3598418,-120.6095756,https://www.redfin.com/CA/Atwater/1527-Underwood-Ave-95301/home/19708162,redfin
2026-09-22,mls:MC26176577,1536 Fir Ave,Atwater,95301,299999,3,2,1002,7232,1954,Single Family Residential,Active,2026-08-13,37.3509088,-120.6104503,https://www.redfin.com/CA/Atwater/1536-Fir-Ave-95301/home/19707972,redfin
2026-09-22,mls:MC26172461,160 Jeanna Ct,Atwater,95301,694999,4,3,2678,11325,2026,Single Family Residential,Active,2026-08-06,37.372538,-120.5937848,https://www.redfin.com/CA/Atwater/160-Jeanna-Ct-95301/home/28952238,redfin
2026-09-22,mls:MC26161061,1625 Osborn Ter,Atwater,95301,392000,3,2,1346,6628,1960,Single Family Residential,Active,2026-08-09,37.3476363,-120.5929879,https://www.redfin.com/CA/Atwater/1625-Osborn-Ter-95301/home/19707368,redfin
2026-09-22,mls:226109198,1694 Elm Ave,Atwater,95301,340000,2,2,806,6765,1938,Single Family Residential,Active,2026-08-28,37.350644,-120.6124198,https://www.redfin.com/CA/Atwater/1694-Elm-Ave-95301/home/19708326,redfin
2026-09-22,mls:CV26135510,171 ATWATER #29,Atwater,95301,120000,3,2,1390,,1989,Mobile/Manufactured Home,Active,2026-06-21,37.341906,-120.596759,https://www.redfin.com/CA/Atwater/171-Atwater-Blvd-95301/unit-29/home/19654911,redfin
2026-09-22,mls:MC26093531,1800 2nd,Atwater,95301,549900,3,2,1802,15153,1951,Single Family Residential,Active,2026-05-05,37.3519828,-120.6042363,https://www.redfin.com/CA/Atwater/1800-2nd-St-95301/home/161299203,redfin
2026-09-22,mls:FR26204431,1814 White Pines Ct,Atwater,95301,495000,3,2,1705,6956,2001,Single Family Residential,Active,2026-09-18,37.3413279,-120.5781118,https://www.redfin.com/CA/Atwater/1814-White-Pines-Ct-95301/home/19665151,redfin
2026-09-22,mls:MC25219261,1831 Olive Ave,Atwater,95301,325000,1,1,280,13778,1940,Single Family Residential,Active,2025-10-29,37.3493071,-120.6148542,https://www.redfin.com/CA/Atwater/1831-Olive-Ave-95301/home/19709352,redfin
2026-09-22,mls:MC26202224,1873 Grove Ave,Atwater,95301,995000,70,7,4642,14496,1979,Multi-Family (5+ Unit),Active,2026-09-15,37.3536168,-120.613139,https://www.redfin.com/CA/Atwater/1873-Grove-Ave-95301/home/19708355,redfin
2026-09-22,mls:MC24152023,1883 Sycamore Ave,Atwater,95301,650000,,,,52272,,Vacant Land,Active,2024-07-24,37.3469,-120.617299,https://www.redfin.com/CA/Atwater/1883-Sycamore-Ave-95301/home/21156099,redfin
2026-09-22,mls:MC26184580,190 Kadota,Atwater,95301,450000,3,2,1709,7350,1979,Single Family Residential,Active,2026-08-22,37.350776,-120.59799,https://www.redfin.com/CA/Atwater/190-Kadota-Ave-95301/home/19706882,redfin
2026-09-22,mls:MC26147011,1917 Shasta,Atwater,95301,475000,4,2,1841,6397,2007,Single Family Residential,Active,2026-07-07,37.3467111,-120.6242317,https://www.redfin.com/CA/Atwater/1917-Shasta-Dr-95301/home/19652770,redfin
2026-09-22,mls:MC26201134,1923 Joeys Ct,Atwater,95301,995000,4,3,2947,44431,2014,Single Family Residential,Active,2026-09-21,37.3159576,-120.6025602,https://www.redfin.com/CA/Atwater/1923-Joeys-Ct-95301/home/168648205,redfin
2026-09-22,mls:MC26136462,1971 Mitchell,Atwater,95301,240000,1,1,576,4262,1947,Single Family Residential,Active,2026-06-22,37.3530587,-120.6152921,https://www.redfin.com/CA/Atwater/1971-Mitchell-St-95301/home/19709243,redfin
2026-09-22,mls:MC26089924,2 Rancho Grande Cir,Atwater,95301,132000,2,2,864,,2019,Mobile/Manufactured Home,Active,2026-04-25,37.340844,-120.588071,https://www.redfin.com/CA/Atwater/2-Rancho-Grande-Cir-95301/home/185794860,redfin
2026-09-22,mls:MC26025317,2 W Belcher Ave Ave,Atwater,95348,275000,,,,44431,,Vacant Land,Active,2026-02-04,37.338379,-120.543985,https://www.redfin.com/CA/Atwater/2-W-Belcher-Ave-95301/home/200350163,redfin
2026-09-22,mls:cmrzhhmi800u1s601lhzf835k,2001 Eucalyptus St,Atwater,95301,300000,3,2,1263,,1970,Unknown,Active,2026-07-24,37.3525738,-120.6015444,https://www.redfin.com/CA/Atwater/2001-Eucalyptus-St-95301/home/19707873,redfin
2026-09-22,mls:MC26141326,2024 De La Vina Ct,Atwater,95301,489000,3,2,1728,6540,2024,Single Family Residential,Active,2026-06-29,37.3482248,-120.5689736,https://www.redfin.com/CA/Atwater/2024-De-la-Vina-Ct-95301/home/28947790,redfin
2026-09-22,mls:226092977,2039 Cambridge Dr,Atwater,95301,924950,4,2.5,2011,43560,1979,Single Family Residential,Active,2026-07-23,37.3172155,-120.5852308,https://www.redfin.com/CA/Atwater/2039-Cambridge-Dr-95301/home/19706483,redfin
2026-09-22,mls:226068921,2275 5th St,Atwater,95301,449000,3,2.5,1981,9561,1955,Single Family Residential,Active,2026-06-03,37.3566224,-120.6062774,https://www.redfin.com/CA/Atwater/2275-5th-St-95301/home/19709061,redfin
2026-09-22,mls:MC25147391,2294 Olive Ave,Atwater,95301,55000,8,4,,13966,,Vacant Land,Active,2025-07-01,37.3514598,-120.6208716,https://www.redfin.com/CA/Atwater/2294-Olive-Ave-95301/home/19709111,redfin
2026-09-22,mls:MC26114023,2350 Angelus Ct,Atwater,95301,439900,3,2,1609,12070,1976,Single Family Residential,Active,2026-06-09,37.3576477,-120.614814,https://www.redfin.com/CA/Atwater/2350-Angelus-Ct-95301/home/19708819,redfin
2026-09-22,mls:MC26051388,2355 Atwater Blvd Spc 22,Atwater,95301,55000,3,2,840,,2016,Mobile/Manufactured Home,Active,2026-03-11,37.3507817,-120.6214714,https://www.redfin.com/CA/Atwater/2355-Atwater-Blvd-95301/unit-22/home/172361410,redfin
2026-09-22,mls:cmtj7o0m6031rs6013ev0ioz8,2412 Brodalski St,Atwater,95301,410000,3,2,1840,,1981,Unknown,Active,2026-09-01,37.3606617,-120.6193387,https://www.redfin.com/CA/Atwater/2412-Brodalski-St-95301/home/19669346,redfin
2026-09-22,mls:MC26183608,2480 Boulder Dr,Atwater,95301,529900,4,2,2060,8472,2008,Single Family Residential,Active,2026-08-21,37.3573351,-120.5866815,https://www.redfin.com/CA/Atwater/2480-Boulder-Dr-95301/home/19651866,redfin
2026-09-22,mls:MC26204586,2484 Sierra Springs Ct,Atwater,95301,275000,,,,43560,,Vacant Land,Active,2026-09-18,37.3237013,-120.5916941,https://www.redfin.com/CA/Atwater/2484-Sierra-Springs-Ct-95301/home/28946843,redfin
2026-09-22,mls:MC26163242,249 Live Oak,Atwater,95301,465000,4,2,1876,10445,1989,Single Family Residential,Active,2026-07-27,37.3674341,-120.5979875,https://www.redfin.com/CA/Atwater/249-Live-Oak-Dr-95301/home/19669122,redfin
2026-09-22,mls:226095283,2755 Atwater Blvd Unit G,Atwater,95301,59000,2,1,601,,1977,Mobile/Manufactured Home,Active,2026-07-29,37.3530085,-120.6278709,https://www.redfin.com/CA/Atwater/2755-Atwater-Blvd-95301/unit-G/home/191959108,redfin
2026-09-22,mls:MC26152667,2850 Woodbury Ct,Atwater,95301,799901,3,2,1863,47916,1989,Single Family Residential,Active,2026-07-17,37.3292323,-120.5823632,https://www.redfin.com/CA/Atwater/2850-Woodbury-Ct-95301/home/19705301,redfin
2026-09-22,mls:226085476,290 E Grove,Atwater,95301,359900,4,2,1367,7932,1961,Single Family Residential,Active,2026-09-19,37.3464944,-120.5919392,https://www.redfin.com/CA/Atwater/290-E-Grove-Ave-95301/home/19706119,redfin
2026-09-22,mls:226115010,2914 Winners Cir,Atwater,95301,364988,3,2,1400,7431,1981,Single Family Residential,Active,2026-09-18,37.362913,-120.5795607,https://www.redfin.com/CA/Atwater/2914-Winners-Cir-95301/home/19668485,redfin
2026-09-22,mls:226040410,3196 Heather Glen Ln,Atwater,95301,200000,,,,52272,,Vacant Land,Active,2026-09-12,37.3672231,-120.6019773,https://www.redfin.com/CA/Atwater/3196-Heather-Glen-Ln-95301/home/28947254,redfin
2026-09-22,mls:MC26202908,3207 Manzanita,Atwater,95301,479000,4,2,1876,6000,1989,Single Family Residential,Active,2026-09-17,37.3672547,-120.600526,https://www.redfin.com/CA/Atwater/3207-Manzanita-Dr-95301/home/19668930,redfin
2026-09-22,mls:226114100,3268 Dakota St,Atwater,95301,180000,3,1.5,1120,8124,1960,Single Family Residential,Active,2026-09-21,37.3663749,-120.6201465,https://www.redfin.com/CA/Atwater/3268-Dakota-St-95301/home/19670141,redfin
2026-09-22,mls:MC26122925,3347 Stacey Ct,Atwater,95301,350000,4,2,1559,7446,1980,Single Family Residential,Active,2026-06-15,37.3672189,-120.6235651,https://www.redfin.com/CA/Atwater/3347-Stacey-Ct-95301/home/19670102,redfin
2026-09-22,mls:MC26200202,3369 Lighthouse Ct,Atwater,95301,525000,4,3,2442,7187,1991,Single Family Residential,Active,2026-09-12,37.3690061,-120.5986042,https://www.redfin.com/CA/Atwater/3369-Lighthouse-Ct-95301/home/19668649,redfin
2026-09-22,mls:MC26187134,3370 Harness Dr,Atwater,95301,539900,4,2.5,2375,6800,2006,Single Family Residential,Active,2026-08-27,37.3697202,-120.6002666,https://www.redfin.com/CA/Atwater/3370-Harness-Dr-95301/home/19658536,redfin
2026-09-22,mls:MC26061429,3379 Lighthouse Ct,Atwater,95301,249900,,,,7790,,Vacant Land,Active,2026-03-20,37.3691893,-120.5986279,https://www.redfin.com/CA/Atwater/3379-Lighthouse-Ct-95301/home/200957298,redfin
2026-09-22,mls:MC26102154,3650 Santa Fe,Atwater,95301,399000,,,,121968,,Vacant Land,Active,2026-05-11,37.3415852,-120.5414649,https://www.redfin.com/CA/Atwater/3650-N-Santa-Fe-Ave-95301/home/19655352,redfin
2026-09-22,mls:MC25260738,474 Aaron Ct,Atwater,95301,699900,4,3,2412,11000,2025,Single Family Residential,Active,2025-11-14,37.373416,-120.6014311,https://www.redfin.com/CA/Atwater/474-Aaron-Ct-95301/home/28947469,redfin
2026-09-22,mls:MC26146741,485 Windmill Ct,Atwater,95301,565000,4,2.5,2297,7079,2017,Single Family Residential,Active,2026-07-06,37.3703282,-120.6015627,https://www.redfin.com/CA/Atwater/485-Windmill-Ct-95301/home/28947233,redfin
2026-09-22,mls:MC25225932,4910-4910 Clover Ave,Atwater,95301,1100000,,,,125463,,Vacant Land,Active,2025-09-25,37.336971,-120.5754416,https://www.redfin.com/CA/Atwater/4910-Clover-Ave-95301/home/21627334,redfin
2026-09-22,mls:226108306,5200 Crest #49,Atwater,95301,109990,3,2,900,,2026,Mobile/Manufactured Home,Active,2026-08-27,37.3628637,-120.585355,https://www.redfin.com/CA/Atwater/5200-Crest-Rd-95301/unit-49/home/19655596,redfin
2026-09-22,mls:MC26154508,5200 Crest Rd #91,Atwater,95301,72999,3,1,828,,1979,Mobile/Manufactured Home,Active,2026-07-15,37.3628637,-120.585355,https://www.redfin.com/CA/Atwater/5200-Crest-Rd-95301/unit-91/home/168650464,redfin
2026-09-22,mls:MC26206085,601 Holly Ave,Atwater,95301,310000,3,1,945,10342,1953,Single Family Residential,Active,2026-09-21,37.3503121,-120.6001672,https://www.redfin.com/CA/Atwater/601-Holly-Ave-95301/home/19707741,redfin
2026-09-22,mls:226113413,6176 Fleming Rd,Atwater,95301,750000,7,6,1628,33572,2006,Multi-Family (2-4 Unit),Active,2026-09-18,37.3337342,-120.5989235,https://www.redfin.com/CA/Atwater/6176-Fleming-Rd-95301/home/19684469,redfin
2026-09-22,mls:226112186,701 Palmer Pl,Atwater,95301,409900,3,2,1553,6172,1999,Single Family Residential,Active,2026-09-07,37.3385783,-120.5847579,https://www.redfin.com/CA/Atwater/701-Palmer-Pl-95301/home/19705383,redfin
2026-09-22,mls:MC26096434,729 Mulberry Ave,Atwater,95301,395000,3,2,1692,7800,1957,Single Family Residential,Active,2026-05-04,37.353723,-120.5996942,https://www.redfin.com/CA/Atwater/729-Mulberry-Ave-95301/home/19707210,redfin
2026-09-22,mls:MC26190598,730 Juniper,Atwater,95301,317500,3,2,1344,7793,1959,Single Family Residential,Active,2026-09-13,37.351102,-120.6011293,https://www.redfin.com/CA/Atwater/730-Juniper-Ave-95301/home/19707780,redfin
2026-09-22,mls:MC26187985,75 Rancho Grande Cir,Atwater,95301,90000,3,2,1080,,1986,Mobile/Manufactured Home,Active,2026-08-29,37.3432533,-120.5869225,https://www.redfin.com/CA/Atwater/75-Rancho-Grande-Cir-95301/home/19655409,redfin
2026-09-22,mls:MC26180099,8191 Sunset,Atwater,95301,689000,3,2.5,2236,47916,1967,Single Family Residential,Active,2026-08-17,37.3381526,-120.636439,https://www.redfin.com/CA/Atwater/8191-Sunset-Dr-95301/home/19684176,redfin
2026-09-22,mls:MC26197829,8753 Rose Ave,Atwater,95301,78000,4,2,1452,1000,1998,Mobile/Manufactured Home,Active,2026-09-15,37.3220994,-120.6458582,https://www.redfin.com/CA/Atwater/8753-Rose-Ave-95301/home/172361425,redfin
2026-09-22,mls:226116132,8766 Longview Rd,Atwater,95301,1250000,3,2,1901,548856,1978,Single Family Residential,Active,2026-09-16,37.3534837,-120.6469987,https://www.redfin.com/CA/Atwater/8766-Longview-Rd-95301/home/196422114,redfin
2026-09-22,mls:MC26206110,901 Elm Ave,Atwater,95301,275000,2,1,806,8397,1948,Single Family Residential,Active,2026-09-21,37.3481664,-120.6049172,https://www.redfin.com/CA/Atwater/901-Elm-Ave-95301/home/19707493,redfin
2026-09-22,mls:225082922,0 - 1/2 E Mission Ave,Merced,95341,2812500,,,,980100,,Vacant Land,Active,2025-06-21,37.273919,-120.4849237,https://www.redfin.com/CA/Merced/1-E-Mission-Ave-95341/home/196148474,redfin
2026-09-22,mls:MC26188109,0 Cabot Ave,Merced,95348,105000,,,,7440,,Vacant Land,Active,2026-08-27,37.31748,-120.524582,https://www.redfin.com/CA/Merced/Cabot-Ave-95348/home/205219350,redfin
2026-09-22,mls:MC26156234,0 Dunn Rd,Merced,95340,185000,,,,68824,,Vacant Land,Active,2026-07-31,37.340409,-120.435645,https://www.redfin.com/CA/Merced/Dunn-Rd-95340/home/104256713,redfin
2026-09-22,mls:MC25255724,0 E North Bear Creek Dr,Merced,95340,2280000,,,,162043,,Vacant Land,Active,2025-11-07,37.3098622,-120.4690825,https://www.redfin.com/CA/Merced/0-E-North-Bear-Creek-Dr-95340/home/198946738,redfin
2026-09-22,mls:MC26187045,0 Franklin Rd,Merced,95348,749900,,,,20817,,Vacant Land,Active,2026-08-26,37.323221,-120.540449,https://www.redfin.com/CA/Merced/Franklin-Rd-95348/home/104246777,redfin
2026-09-22,mls:MC25135004,0 Henry St,Merced,95341,1870000,,,,651657,,Vacant Land,Active,2025-06-17,37.270386,-120.450522,https://www.redfin.com/CA/Merced/Henry-St-95341/home/196428748,redfin
2026-09-22,mls:MC25253995,0 Kibby,Merced,95340,222000,,,,43560,,Vacant Land,Active,2025-11-05,37.3052,-120.414692,https://www.redfin.com/CA/Merced/Kibby-Rd-95340/home/198874981,redfin
2026-09-22,mls:MC26181963,0 Massasso,Merced,95348,125000,,,,13860,,Vacant Land,Active,2026-08-23,37.323691,-120.478797,https://www.redfin.com/CA/Merced/Massasso-St-95341/home/40000091,redfin
2026-09-22,mls:MC25134922,0 Mission Ave,Merced,95341,2812500,,,,980100,,Vacant Land,Active,2025-06-17,37.2732983,-120.4858775,https://www.redfin.com/CA/Merced/0-E-Mission-Ave-95341/home/196428730,redfin
2026-09-22,mls:MC26182133,0 S P St,Merced,95340,150000,,,,74052,,Vacant Land,Active,2026-08-19,37.2881933,-120.498403,https://www.redfin.com/CA/Merced/0-S-P-St-95341/home/204651464,redfin
2026-09-22,mls:MC21265605,0 Stretch St,Merced,95340,2650000,,,,1785960,,Vacant Land,Active,2022-01-19,37.298527,-120.444069,https://www.redfin.com/CA/Merced/Stretch-Rd-95340/home/40000310,redfin
2026-09-22,mls:648773,0 Thorton Rd,Merced,95341,920000,0,,,1001880,,Ranch,Active,2026-05-13,37.288299,-120.5235747,https://www.redfin.com/CA/Merced/0-Thornton-Rd-95341/home/201832321,redfin
2026-09-22,mls:MC25117690,0 Vassar Ave,Merced,95341,1488000,,,,864230,,Vacant Land,Active,2025-06-13,37.2659362,-120.487877,https://www.redfin.com/CA/Merced/0-Vassar-Ave-95341/home/179519741,redfin
2026-09-22,mls:MC25117743,0-1/2 Henry St,Merced,95341,1473000,,,,855518,,Vacant Land,Active,2025-06-13,37.267067,-120.450494,https://www.redfin.com/CA/Merced/0-1-2-Henry-St-95341/home/196428747,redfin
2026-09-22,mls:MC25259914,1 E N Bear Creek Dr,Merced,95340,3875000,,,,281398,,Vacant Land,Active,2025-11-13,37.3098622,-120.4690825,https://www.redfin.com/CA/Merced/1-E-North-Bear-Creek-Dr-95340/home/199064423,redfin
2026-09-22,mls:MC26115943,1004 W 13th,Merced,95341,250000,,,,7500,,Vacant Land,Active,2026-05-29,37.2996949,-120.4937475,https://www.redfin.com/CA/Merced/1004-W-13th-St-95341/home/28952923,redfin
2026-09-22,mls:226081831,1011 Oregon Dr,Merced,95340,540000,3,2,2028,14066,1968,Single Family Residential,Active,2026-06-26,37.3138592,-120.4591668,https://www.redfin.com/CA/Merced/1011-Oregon-Dr-95340/home/19703043,redfin
2026-09-22,mls:MC26187904,1012 Wyoming,Merced,95340,690000,4,3,3121,16250,1961,Single Family Residential,Active,2026-08-29,37.3103318,-120.4591887,https://www.redfin.com/CA/Merced/1012-Wyoming-Dr-95340/home/19702940,redfin
2026-09-22,mls:226113579,1013 - 1017 W Santa Fe Ave,Merced,95340,449900,2,1,720,6499,1960,Multi-Family (2-4 Unit),Active,2026-09-10,37.3116755,-120.4870991,https://www.redfin.com/CA/Merced/1017-W-Santa-Fe-Ave-95340/home/19693027,redfin
2026-09-22,mls:MC26180949,1052 Northwood,Merced,95348,428000,4,2,1534,8628,1972,Single Family Residential,Active,2026-08-19,37.3159149,-120.4856132,https://www.redfin.com/CA/Merced/1052-Northwood-Dr-95348/home/19701776,redfin
2026-09-22,mls:MC26117150,1055 Lees Ct,Merced,95340,434991,3,2,1656,9077,1972,Single Family Residential,Active,2026-05-29,37.3203274,-120.4585027,https://www.redfin.com/CA/Merced/1055-Lees-Ct-95340/home/19704425,redfin
2026-09-22,mls:MC26188514,1065 Mallard,Merced,95340,459999,3,2,1824,5998,2002,Single Family Residential,Active,2026-08-27,37.3367597,-120.4589052,https://www.redfin.com/CA/Merced/1065-Mallard-Dr-95340/home/19661701,redfin
2026-09-22,mls:MC26198295,1068 Kiwi Ct,Merced,95340,475000,3,2,1591,6001,2002,Single Family Residential,Active,2026-09-10,37.3370358,-120.4590921,https://www.redfin.com/CA/Merced/1068-Kiwi-Ct-95340/home/19661176,redfin
2026-09-22,mls:MC26173032,1075 Martin Luther King Jr,Merced,95341,649000,,,,37622,,Vacant Land,Active,2026-08-10,37.2939687,-120.484676,https://www.redfin.com/CA/Merced/1075-Martin-Luther-King-Junior-Way-95341/home/196040546,redfin
2026-09-22,mls:MC26199692,1076 E Estancia Dr,Merced,95348,285000,,,,43560,,Vacant Land,Active,2026-09-11,37.3736192,-120.4669637,https://www.redfin.com/CA/Merced/1076-E-Estancia-Dr-95340/home/168647417,redfin
2026-09-22,mls:MC26174826,1111 E Donna Dr,Merced,95340,499900,3,2,1752,6909,1989,Single Family Residential,Active,2026-08-10,37.3287346,-120.457712,https://www.redfin.com/CA/Merced/1111-E-Donna-Dr-95340/home/19703890,redfin
2026-09-22,mls:MC26050732,1134 Puerto Vallarta Ct,Merced,95348,450000,5,3,2250,5401,2002,Single Family Residential,Active,2026-03-08,37.32734,-120.4877533,https://www.redfin.com/CA/Merced/1134-Puerto-Vallarta-Ct-95348/home/19681832,redfin
2026-09-22,mls:MC26206794,1139 Curry Village Ct,Merced,95340,575000,4,2,2337,14892,1991,Single Family Residential,Active,2026-09-21,37.3317923,-120.4575219,https://www.redfin.com/CA/Merced/1139-Curry-Village-Ct-95340/home/19702610,redfin
2026-09-22,mls:MC26133604,115 W 19th,Merced,95340,299999,2,1,1014,7500,1915,Single Family Residential,Active,2026-06-18,37.3015764,-120.4764496,https://www.redfin.com/CA/Merced/115-W-19th-St-95340/home/19691911,redfin
2026-09-22,mls:MC26171548,1163 W 25th,Merced,95340,399999,3,2,1772,9409,1956,Single Family Residential,Active,2026-08-05,37.3134377,-120.4891296,https://www.redfin.com/CA/Merced/1163-W-25th-St-95340/home/19692191,redfin
2026-09-22,mls:MC26116262,1175 Evening Star,Merced,95348,454000,4,2.5,2023,6720,2005,Single Family Residential,Active,2026-06-10,37.3390078,-120.4899652,https://www.redfin.com/CA/Merced/1175-Evening-Star-Dr-95348/home/19658721,redfin
2026-09-22,mls:226098023,1179 Crescent Dr,Merced,95348,459000,4,4,3545,6704,2005,Single Family Residential,Active,2026-08-04,37.3379097,-120.4894157,https://www.redfin.com/CA/Merced/1179-Crescent-Dr-95348/home/19657584,redfin
2026-09-22,mls:226072996,118 Mcgregor,Merced,95341,295000,3,1,1064,3585,1947,Single Family Residential,Active,2026-06-15,37.2868171,-120.502523,https://www.redfin.com/CA/Merced/118-McGregor-St-95341/home/19681662,redfin
2026-09-22,mls:226076514,12 E San Clemente Dr,Merced,95341,365000,3,2,1313,6325,2003,Single Family Residential,Active,2026-07-22,37.2794952,-120.4818857,https://www.redfin.com/CA/Merced/12-E-San-Clemente-Dr-95341/home/19659458,redfin
2026-09-22,mls:MC26125121,1210 G St,Merced,95341,125000,,,,5010,,Vacant Land,Active,2026-06-08,37.2934266,-120.4784941,https://www.redfin.com/CA/Merced/1210-G-St-95341/home/40001457,redfin
2026-09-22,mls:226107490,1216 Brookdale Dr,Merced,95340,399000,3,2,1813,7701,1976,Single Family Residential,Active,2026-08-26,37.3214384,-120.4579621,https://www.redfin.com/CA/Merced/1216-Brookdale-Dr-95340/home/19703487,redfin
2026-09-22,mls:41148492,1223 W Santa Fe Ave,Merced,95340,289000,3,1,1044,7800,1956,Single Family Residential,Active,2026-09-16,37.3128635,-120.4902929,https://www.redfin.com/CA/Merced/1223-W-Santa-Fe-Ave-95340/home/19691310,redfin
2026-09-22,mls:MC26183039,1228 Wildcat Dr,Merced,95348,429000,4,2,1727,5000,2018,Single Family Residential,Active,2026-08-21,37.3379631,-120.4923012,https://www.redfin.com/CA/Merced/1228-Wildcat-Dr-95348/home/28947278,redfin
2026-09-22,mls:MC26084287,1247 Aspen,Merced,95340,305000,3,2.5,1293,2778,1989,Townhouse,Active,2026-05-29,37.3182302,-120.4570592,https://www.redfin.com/CA/Merced/1247-Aspen-St-95340/home/19703625,redfin
2026-09-22,mls:MC26165216,1248 W 9th,Merced,95341,399999,,,,15000,,Vacant Land,Active,2026-07-31,37.2970535,-120.4997506,https://www.redfin.com/CA/Merced/1248-W-9th-St-95341/home/161268254,redfin
2026-09-22,mls:MC26158013,125 N Parsons,Merced,95341,600000,,,,95832,,Vacant Land,Active,2026-07-24,37.289108,-120.452237,https://www.redfin.com/CA/Merced/125-N-Parsons-Ave-95341/home/19686748,redfin
2026-09-22,mls:SR26155316,1255 Carol,Merced,95341,212520,2,1,878,10659,1945,Single Family Residential,Active,2026-07-16,37.2911539,-120.4547374,https://www.redfin.com/CA/Merced/1255-Carol-Ave-95341/home/19687416,redfin
2026-09-22,mls:8595DE3FC6C7,126 Sugar Creek Ln,Merced,95341,399990,3,2,1230,,2026,Single Family Residential,Active,2026-06-25,37.286017,-120.430897,https://www.redfin.com/CA/Merced/126-Sugar-Creek-Ln-95341/home/196422602,redfin
2026-09-22,mls:MC26147340,126 Sugar Creek Ln Unit 144 S2,Merced,95341,409490,3,2,1230,5237,2026,Single Family Residential,Active,2026-07-07,37.286017,-120.430897,https://www.redfin.com/CA/Merced/126-Sugar-Creek-Ln-95341/unit-144-S2/home/202672067,redfin
2026-09-22,mls:MC26192342,1260 Brightday,Merced,95348,465000,5,3,2352,3601,2004,Single Family Residential,Active,2026-09-21,37.3339626,-120.4934448,https://www.redfin.com/CA/Merced/1260-Brightday-Dr-95348/home/19659528,redfin
2026-09-22,mls:41146671,1280 Dodd Ct,Merced,95341,390000,3,2,1136,9854,1958,Single Family Residential,Active,2026-08-30,37.2940166,-120.4596405,https://www.redfin.com/CA/Merced/1280-Dodd-Ct-95341/home/19687216,redfin
2026-09-22,mls:MC26184070,1300 Kensington,Merced,95340,399000,4,2,2177,6989,1971,Single Family Residential,Active,2026-08-23,37.3190089,-120.4562675,https://www.redfin.com/CA/Merced/1300-Kensington-Dr-95340/home/19704619,redfin
2026-09-22,mls:226118378,1317 Derby Dr,Merced,95348,450000,4,2,1894,5123,2005,Single Family Residential,Active,2026-09-21,37.3391514,-120.4961679,https://www.redfin.com/CA/Merced/1317-Derby-Dr-95348/home/19656266,redfin
2026-09-22,mls:MC26157505,1338 Christopher,Merced,95340,519000,4,3,1926,6991,2003,Single Family Residential,Active,2026-07-29,37.3370659,-120.4558575,https://www.redfin.com/CA/Merced/1338-Christopher-Dr-95340/home/19661258,redfin
2026-09-22,mls:MC26189958,134 Wonderland Trail Ln,Merced,95341,320000,2,2.5,1259,1649,2025,Townhouse,Active,2026-08-30,37.2759829,-120.480413,https://www.redfin.com/CA/Merced/134-Wonderland-Trail-Ln-95341/home/196426234,redfin
2026-09-22,mls:MC26169820,1370 Belmont,Merced,95348,399000,4,2.5,1793,3894,2007,Single Family Residential,Active,2026-08-10,37.3322996,-120.4978172,https://www.redfin.com/CA/Merced/1370-Belmont-Dr-95348/home/19654301,redfin
2026-09-22,mls:MC25269518,1375 Loughborough,Merced,95348,339000,3,2,1335,6015,1977,Single Family Residential,Active,2025-12-04,37.3236212,-120.4923658,https://www.redfin.com/CA/Merced/1375-Loughborough-Dr-95348/home/19682673,redfin
2026-09-22,mls:A8CD137BE674,139 Sugar Creek Ln,Merced,95341,389990,3,2,1230,,2026,Single Family Residential,Active,2026-06-04,37.285879,-120.431452,https://www.redfin.com/CA/Merced/139-Sugar-Creek-Ln-95341/home/196422619,redfin
2026-09-22,mls:MC26131391,1396 Belmont,Merced,95348,450000,4,2.5,2044,8244,2007,Single Family Residential,Active,2026-08-06,37.3322877,-120.4986726,https://www.redfin.com/CA/Merced/1396-Belmont-Dr-95348/home/19656137,redfin
2026-09-22,mls:226107956,1405 E 22nd St,Merced,95340,275000,3,2,1570,10624,1948,Single Family Residential,Active,2026-08-26,37.2980334,-120.45711,https://www.redfin.com/CA/Merced/1405-E-22nd-St-95340/home/19688065,redfin
2026-09-22,mls:MC26152644,1420 Q,Merced,95340,359000,2,1,739,3300,1888,Single Family Residential,Active,2026-07-19,37.3011937,-120.4924052,https://www.redfin.com/CA/Merced/1420-Q-St-95340/home/19691845,redfin
2026-09-22,mls:MC26194119,1430 Jackson Ct,Merced,95340,440000,4,2,1743,8109,1983,Single Family Residential,Active,2026-09-04,37.3069701,-120.4552671,https://www.redfin.com/CA/Merced/1430-Jackson-Ct-95340/home/19688693,redfin
2026-09-22,mls:4F1114110B6D,144 Sugar Creek Ln,Merced,95341,402990,3,2,1230,,2026,Single Family Residential,Active,2026-08-02,37.285743,-120.430897,https://www.redfin.com/CA/Merced/144-Sugar-Creek-Ln-95341/home/196422605,redfin
2026-09-22,mls:MC26169778,144 Sugar Creek Ln Unit 146 S2,Merced,95341,411490,3,2,1230,5237,2026,Single Family Residential,Active,2026-08-04,37.285743,-120.430897,https://www.redfin.com/CA/Merced/144-Sugar-Creek-Ln-95341/unit-146-S2/home/204345514,redfin
2026-09-22,mls:PW26187649,1445 San Simeon Ct,Merced,95348,550000,5,2.5,2374,8712,2003,Single Family Residential,Active,2026-09-12,37.3293642,-120.5020601,https://www.redfin.com/CA/Merced/1445-San-Simeon-Ct-95348/home/19657788,redfin
2026-09-22,mls:MC26187679,145 E 20th,Merced,95340,365000,3,2,1387,10500,1937,Single Family Residential,Active,2026-08-26,37.3009629,-120.4714669,https://www.redfin.com/CA/Merced/145-E-20th-St-95340/home/19688370,redfin
2026-09-22,mls:MC26139057,1456 Cameron Unit 1-4,Merced,95340,895500,6,4,2420,60984,1950,Multi-Family (2-4 Unit),Active,2026-06-29,37.3062067,-120.455665,https://www.redfin.com/CA/Merced/1456-Cameron-Ln-95340/unit-1-4/home/195049604,redfin
2026-09-22,mls:PTP2606984,1490 Cameron Ln,Merced,95340,225000,2,1,1008,85813,1920,Single Family Residential,Active,2026-09-15,37.306095,-120.4550565,https://www.redfin.com/CA/Merced/1490-Cameron-Ln-95340/home/19689404,redfin
2026-09-22,mls:MC26182786,1495 Davenport,Merced,95340,565000,5,2.5,2447,10670,2004,Single Family Residential,Active,2026-09-01,37.3391653,-120.4514234,https://www.redfin.com/CA/Merced/1495-Davenport-Dr-95340/home/19662192,redfin
2026-09-22,mls:MC26021538,15 E 22nd,Merced,95340,389999,3,2,1275,7500,1928,Single Family Residential,Active,2026-01-29,37.3036766,-120.4723446,https://www.redfin.com/CA/Merced/15-E-22nd-St-95340/home/19688184,redfin
2026-09-22,mls:MC26020247,1515 E Mission,Merced,95341,25000000,,,,100188,,Vacant Land,Active,2026-01-28,37.2736919,-120.4556914,https://www.redfin.com/CA/Merced/1515-E-Mission-Ave-95341/home/28953789,redfin
2026-09-22,mls:MC26053870,1525 La Sierra St,Merced,95348,380000,3,2,1482,4564,2007,Single Family Residential,Active,2026-03-11,37.3361477,-120.5021372,https://www.redfin.com/CA/Merced/1525-La-Sierra-St-95348/home/19650533,redfin
2026-09-22,mls:226109516,1528 W 9th St,Merced,95341,299999,3,1,1022,7501,1953,Single Family Residential,Active,2026-08-30,37.2987079,-120.5039731,https://www.redfin.com/CA/Merced/1528-W-9th-St-95341/home/19690419,redfin
2026-09-22,mls:MC26179416,1560 W 23rd,Merced,95340,429000,3,2,1184,8643,1953,Single Family Residential,Active,2026-08-17,37.3132768,-120.4966458,https://www.redfin.com/CA/Merced/1560-W-23rd-St-95340/home/19692739,redfin
2026-09-22,mls:MC26093833,1567-- 1573 Ellen Ct,Merced,95341,630000,32,16,3360,8077,1980,Multi-Family (2-4 Unit),Active,2026-05-19,37.2905282,-120.4537923,https://www.redfin.com/CA/Merced/1567-Ellen-Ct-95341/home/19686231,redfin
2026-09-22,mls:5682D2EA5AD7,157 Sugar Creek Ln,Merced,95341,404990,3,2,1230,,2026,Single Family Residential,Active,2026-07-02,37.285605,-120.431451,https://www.redfin.com/CA/Merced/157-Sugar-Creek-Ln-95341/home/196422617,redfin
2026-09-22,mls:MC26147358,157 Sugar Creek Ln Unit 156 S2,Merced,95341,414490,3,2,1230,5000,2026,Single Family Residential,Active,2026-07-07,37.285605,-120.431451,https://www.redfin.com/CA/Merced/157-Sugar-Creek-Ln-95341/unit-156-S2/home/202672141,redfin
2026-09-22,mls:226115574,1645 Rose Ave,Merced,95341,310000,3,1.5,986,5998,1951,Single Family Residential,Active,2026-09-15,37.2926887,-120.4609236,https://www.redfin.com/CA/Merced/1645-Rose-Ave-95341/home/19687580,redfin
2026-09-22,mls:225113378,1650 Bette St,Merced,95341,399000,3,1,1182,6800,1955,Multi-Family (2-4 Unit),Active,2025-09-25,37.2927086,-120.4563639,https://www.redfin.com/CA/Merced/1650-Bette-St-95341/home/19687274,redfin
2026-09-22,mls:653237,1657 Cypress Way,Merced,95341,425000,4,3,2546,2543,,Multi-Family (2-4 Unit),Active,2026-08-05,37.2938798,-120.4643555,https://www.redfin.com/CA/Merced/1657-Cypress-Way-95341/home/19687242,redfin
2026-09-22,mls:MC26098101,1670 W North Bear Crk,Merced,95348,230000,2,1.5,972,508,1984,Condo/Co-op,Active,2026-05-06,37.3095386,-120.5036708,https://www.redfin.com/CA/Merced/1670-W-North-Bear-Creek-Dr-95348/home/19682008,redfin
2026-09-22,mls:B5633E295B15,168 Sugar Creek Ln,Merced,95341,517490,5,3.5,2554,,2026,Single Family Residential,Active,2026-08-14,37.285468,-120.430896,https://www.redfin.com/CA/Merced/168-Sugar-Creek-Ln-95341/home/196422607,redfin
2026-09-22,mls:C63C6043A679,169 Sugar Creek Ln,Merced,95341,422990,4,2,1509,,2026,Single Family Residential,Active,2026-08-02,37.285467,-120.431451,https://www.redfin.com/CA/Merced/169-Sugar-Creek-Ln-95341/home/196422616,redfin
2026-09-22,mls:709A300631F6,172 Sugar Creek Ln,Merced,95341,467490,4,3,1842,,2026,Single Family Residential,Active,2026-08-14,37.285331,-120.430896,https://www.redfin.com/CA/Merced/172-Sugar-Creek-Ln-95341/home/196422608,redfin
2026-09-22,mls:MC26177022,1720 E 26th,Merced,95340,260000,3,2,1617,8712,1956,Single Family Residential,Active,2026-09-14,37.3014793,-120.4515503,https://www.redfin.com/CA/Merced/1720-E-26th-St-95340/home/19690030,redfin
2026-09-22,mls:466936FB0DD2,173 Sugar Creek Ln,Merced,95341,402990,3,2,1230,,2026,Single Family Residential,Active,2026-08-02,37.28533,-120.431451,https://www.redfin.com/CA/Merced/173-Sugar-Creek-Ln-95341/home/196422615,redfin
2026-09-22,mls:MC26169793,173 Sugar Creek Ln Unit 154 S2,Merced,95341,411490,3,2,1230,5237,2026,Single Family Residential,Active,2026-08-04,37.28533,-120.431451,https://www.redfin.com/CA/Merced/173-Sugar-Creek-Ln-95341/unit-154-S2/home/204345595,redfin
2026-09-22,mls:MC26125253,1744 Wildwood Ct,Merced,95340,479000,4,2,1920,6200,1977,Single Family Residential,Active,2026-06-09,37.31414,-120.4499462,https://www.redfin.com/CA/Merced/1744-Wildwood-Ct-95340/home/19701174,redfin
2026-09-22,mls:MC26026210,1754 Merced,Merced,95341,229900,2,2,1004,1011,1988,Condo/Co-op,Active,2026-02-04,37.2910389,-120.4557599,https://www.redfin.com/CA/Merced/1754-Merced-Ave-95341/home/19686738,redfin
2026-09-22,mls:MC26167368,178 La Purisima Ct,Merced,95341,365000,4,2,1511,5094,2003,Single Family Residential,Active,2026-07-31,37.2780743,-120.4849678,https://www.redfin.com/CA/Merced/178-La-Purisima-Ct-95341/home/19661588,redfin
2026-09-22,mls:MC26179624,1780 W 8th,Merced,95341,415000,4,2,1099,9384,1960,Single Family Residential,Active,2026-08-17,37.2979996,-120.5065563,https://www.redfin.com/CA/Merced/1780-W-8th-St-95341/home/19681858,redfin
2026-09-22,mls:226069650,179 Sullivan Dr,Merced,95348,395000,4,2.5,1737,2452,2021,Single Family Residential,Active,2026-06-02,37.345954,-120.4708116,https://www.redfin.com/CA/Merced/179-Sullivan-Dr-95348/home/28949071,redfin
2026-09-22,mls:MC26085666,1800 E South Bear Creek Dr,Merced,95340,1850000,,,,165528,,Vacant Land,Active,2026-04-20,37.3084271,-120.4505241,https://www.redfin.com/CA/Merced/1800-E-South-Bear-Creek-Dr-95340/home/201469166,redfin
2026-09-22,mls:B34D6784F381,184 Sugar Creek Ln,Merced,95341,411490,3,2,1230,,2026,Single Family Residential,Active,2026-09-17,37.285194,-120.430896,https://www.redfin.com/CA/Merced/184-Sugar-Creek-Ln-95341/home/196422610,redfin
2026-09-22,mls:226095261,1843 Brookside Dr,Merced,95348,439999,3,2,1300,5998,1993,Single Family Residential,Active,2026-07-29,37.3107607,-120.5000968,https://www.redfin.com/CA/Merced/1843-Brookside-Dr-95348/home/19681785,redfin
2026-09-22,mls:226086370,1848 Ashby Rd #46,Merced,95348,35000,1,1,550,,1963,Mobile/Manufactured Home,Active,2026-07-09,37.3160299,-120.5246712,https://www.redfin.com/CA/Merced/1848-Ashby-Rd-95348/unit-46/home/202691800,redfin
2026-09-22,mls:226116786,1903 Belcher Ave,Merced,95348,335000,4,2,1344,10006,1942,Single Family Residential,Active,2026-09-18,37.3388978,-120.5165499,https://www.redfin.com/CA/Merced/1903-Belcher-Ave-95348/home/19684069,redfin
2026-09-22,mls:MC26185027,1921 Fultz Ct,Merced,95341,368000,3,2,1623,6870,1994,Single Family Residential,Active,2026-08-24,37.3036484,-120.5108838,https://www.redfin.com/CA/Merced/1921-Fultz-Ct-95341/home/19680273,redfin
2026-09-22,mls:226108604,1927 I St,Merced,95340,229900,2,1,1067,4251,1920,Single Family Residential,Active,2026-08-28,37.3024475,-120.4775801,https://www.redfin.com/CA/Merced/1927-I-St-95340/home/19691592,redfin
2026-09-22,mls:4B0A11C7BE34,193 Squaw Valley Dr,Merced,95341,440840,4,2,1509,,2026,Single Family Residential,Active,2026-09-17,37.285045,-120.430547,https://www.redfin.com/CA/Merced/193-Squaw-Valley-Dr-95341/home/196422599,redfin
2026-09-22,mls:MC26158152,1949 Sierra Ct,Merced,95340,475000,4,2,1981,6966,1972,Single Family Residential,Active,2026-07-23,37.3152907,-120.4483733,https://www.redfin.com/CA/Merced/1949-Sierra-Ct-95340/home/19701573,redfin
2026-09-22,mls:22A3827BD3CD,196 Sugar Creek Ln,Merced,95341,518490,5,3.5,2554,,2026,Single Family Residential,Active,2026-09-17,37.285044,-120.430892,https://www.redfin.com/CA/Merced/196-Sugar-Creek-Ln-95341/home/196422611,redfin
2026-09-22,mls:MC26182916,1961 Heather Ct,Merced,95340,450000,4,2.5,2142,11499,1968,Single Family Residential,Active,2026-09-09,37.3217927,-120.4478115,https://www.redfin.com/CA/Merced/1961-Heather-Ct-95340/home/19701510,redfin
2026-09-22,mls:MC26201033,1962-1976 Edwards,Merced,95340,1099000,16,8,6800,16203,1979,Multi-Family (5+ Unit),Active,2026-09-14,37.2960443,-120.4497828,https://www.redfin.com/CA/Merced/1976-Edwards-Ave-95340/home/194349022,redfin
2026-09-22,mls:45DECE2E6E03,198 Squaw Valley Dr,Merced,95341,524390,5,3.5,2554,,2026,Single Family Residential,Active,2026-09-17,37.285044,-120.429985,https://www.redfin.com/CA/Merced/198-Squaw-Valley-Dr-95341/home/196422598,redfin
2026-09-22,mls:MC26104173,2020 Ashby #37,Merced,95348,45000,2,1,784,,1990,Mobile/Manufactured Home,Active,2026-05-26,37.319875,-120.531759,https://www.redfin.com/CA/Merced/2020-Ashby-Rd-95348/unit-37/home/19655033,redfin
2026-09-22,mls:MC26111129,2021 W,Merced,95340,975000,2,2,2609,15762,1952,Single Family Residential,Active,2026-05-21,37.3109651,-120.4982227,https://www.redfin.com/CA/Merced/2021-W-St-95340/home/19691996,redfin
2026-09-22,mls:MC26033812,203 W 20th,Merced,95340,549000,3,3,3551,15000,1950,Single Family Residential,Active,2026-04-23,37.303043,-120.4771877,https://www.redfin.com/CA/Merced/203-W-20th-St-95340/home/21856884,redfin
2026-09-22,mls:226109168,2030 Calimyrna Ave,Merced,95340,299900,3,1,1502,5942,1923,Single Family Residential,Active,2026-09-02,37.2994439,-120.4668591,https://www.redfin.com/CA/Merced/2030-Calimyrna-Ave-95340/home/19688270,redfin
2026-09-22,mls:MC26174063,2033 Highland,Merced,95340,259000,2,1,898,5508,1940,Single Family Residential,Active,2026-08-10,37.2964825,-120.4592823,https://www.redfin.com/CA/Merced/2033-Highland-Dr-95340/home/19687669,redfin
2026-09-22,mls:MC26138430,2035 Highland,Merced,95340,287750,2,1,900,5508,1940,Single Family Residential,Active,2026-06-24,37.2966447,-120.4591808,https://www.redfin.com/CA/Merced/2035-Highland-Dr-95340/home/19687670,redfin
2026-09-22,mls:MC25255358,2051 Wardrobe,Merced,95341,1200000,,,,217800,,Vacant Land,Active,2025-11-06,37.2965338,-120.5135744,https://www.redfin.com/CA/Merced/2051-Wardrobe-Ave-95341/home/198908746,redfin
2026-09-22,mls:MC25183712,2052 W Solis St,Merced,95348,425000,4,2,1757,6096,2006,Single Family Residential,Active,2025-08-14,37.3226855,-120.5238217,https://www.redfin.com/CA/Merced/2052-W-Solis-St-95348/home/19652571,redfin
2026-09-22,mls:226116217,207 Yorktown,Merced,95341,335000,3,2,1086,7566,1996,Single Family Residential,Active,2026-09-16,37.284626,-120.4469835,https://www.redfin.com/CA/Merced/207-Yorktown-Sq-95341/home/19679090,redfin
2026-09-22,mls:MC26187494,2085 Cabot Ave,Merced,95348,400000,3,2,1520,7469,1960,Single Family Residential,Active,2026-08-27,37.3174702,-120.5243999,https://www.redfin.com/CA/Merced/2085-Cabot-Ave-95348/home/19684261,redfin
2026-09-22,mls:MC26192421,209 E 18th,Merced,95340,300000,2,1,950,6000,1940,Single Family Residential,Active,2026-09-02,37.298438,-120.4712615,https://www.redfin.com/CA/Merced/209-E-18th-St-95340/home/19687645,redfin
2026-09-22,mls:MC25022775,2094 W Pincay St,Merced,95348,399000,4,2,1527,5000,2017,Single Family Residential,Active,2025-05-25,37.3219899,-120.5245414,https://www.redfin.com/CA/Merced/2094-W-Pincay-St-95348/home/28948293,redfin
2026-09-22,mls:MC26205621,2129 Balboa,Merced,95348,365000,3,2,1176,7799,1973,Single Family Residential,Active,2026-09-20,37.3193005,-120.5251999,https://www.redfin.com/CA/Merced/2129-Balboa-Ave-95348/home/19683694,redfin
2026-09-22,mls:MC26191646,2142 Coronado,Merced,95348,349900,3,2,1200,9180,1975,Single Family Residential,Active,2026-09-01,37.3206102,-120.5253783,https://www.redfin.com/CA/Merced/2142-Coronado-Ave-95348/home/19683760,redfin
2026-09-22,mls:MC26009630,2148 Keely,Merced,95340,179900,3,1,1120,9975,1944,Single Family Residential,Active,2026-02-09,37.2959326,-120.4539261,https://www.redfin.com/CA/Merced/2148-Keely-Ave-95340/home/19688454,redfin
2026-09-22,mls:226093612,2151 Martin Luther King Jr Way,Merced,95340,499900,4,3,2004,7501,1968,Multi-Family (2-4 Unit),Active,2026-07-23,37.3051118,-120.4778688,https://www.redfin.com/CA/Merced/2151-Martin-Luther-King-Jr-Way-95340/home/19691728,redfin
2026-09-22,mls:MC26195940,2201 F,Merced,95340,325000,3,1.5,1053,5212,1938,Single Family Residential,Active,2026-09-19,37.3033178,-120.4713791,https://www.redfin.com/CA/Merced/2201-F-St-95340/home/19688666,redfin
2026-09-22,mls:MC26125038,2201 Leeward Ct,Merced,95340,279000,,,,43560,,Vacant Land,Active,2026-06-12,37.3622349,-120.4462804,https://www.redfin.com/CA/Merced/2201-Leeward-Ct-95340/home/168647664,redfin
2026-09-22,mls:MC26196327,2205 O,Merced,95340,475000,4,2,1470,7500,1961,Multi-Family (2-4 Unit),Active,2026-09-16,37.3083803,-120.4851105,https://www.redfin.com/CA/Merced/2205-O-St-95340/home/19691167,redfin
2026-09-22,mls:CC0C964D4B95,222 Nadine St,Merced,95341,458360,3,2.5,1777,,2026,Single Family Residential,Active,2026-09-17,37.291803,-120.426595,https://www.redfin.com/CA/Merced/222-Nadine-St-95341/home/196422449,redfin
2026-09-22,mls:403B01679356,223 Nadine St,Merced,95341,482360,4,2.5,1924,,2026,Single Family Residential,Active,2026-09-17,37.291811,-120.427129,https://www.redfin.com/CA/Merced/223-Nadine-St-95341/home/196422452,redfin
2026-09-22,mls:MC25117734,2230 Vassar Ave,Merced,95341,1484250,,,,862052,,Vacant Land,Active,2025-06-13,37.2658466,-120.4474761,https://www.redfin.com/CA/Merced/2230-Vassar-Ave-95341/home/196078103,redfin
2026-09-22,mls:MC26187159,2235 Dunn,Merced,95340,750000,4,3.5,3140,69696,1977,Single Family Residential,Active,2026-08-31,37.3391724,-120.4435818,https://www.redfin.com/CA/Merced/2235-Dunn-Rd-95340/home/19657222,redfin
2026-09-22,mls:MC26071153,2240 Golden Oak #119,Merced,95341,89500,2,2,1150,,1976,Mobile/Manufactured Home,Active,2026-04-02,37.292158,-120.446125,https://www.redfin.com/CA/Merced/2240-Golden-Oak-Ln-95341/unit-119/home/19655756,redfin
2026-09-22,mls:MC26170275,2240 Golden Oak #3,Merced,95341,99900,2,2,1750,,1976,Mobile/Manufactured Home,Active,2026-08-04,37.29489,-120.446153,https://www.redfin.com/CA/Merced/2240-Golden-Oak-Ln-95341/unit-3/home/19654936,redfin
2026-09-22,mls:MC26173824,2240 Golden Oak #78,Merced,95341,49999,2,2,1040,,1990,Mobile/Manufactured Home,Active,2026-08-11,37.292974,-120.445599,https://www.redfin.com/CA/Merced/2240-Golden-Oak-Ln-95341/unit-78/home/19655047,redfin
2026-09-22,mls:MC26109234,2240 Golden Oak #88,Merced,95341,54900,2,2,1322,,1976,Mobile/Manufactured Home,Active,2026-05-19,37.294494,-120.445842,https://www.redfin.com/CA/Merced/2240-Golden-Oak-Ln-95341/unit-88/home/19654807,redfin
2026-09-22,mls:226086303,2240 Golden Oak Ln #103,Merced,95341,39000,2,2,1200,,1988,Mobile/Manufactured Home,Active,2026-07-08,37.291986,-120.445836,https://www.redfin.com/CA/Merced/2240-Golden-Oak-Ln-95341/unit-103/home/19655095,redfin
2026-09-22,mls:MC26123784,2240 Golden Oak Ln #11,Merced,95341,84500,2,2,,,1975,Mobile/Manufactured Home,Active,2026-06-06,37.29463,-120.444902,https://www.redfin.com/CA/Merced/2240-Golden-Oak-Ln-95341/unit-11/home/19654395,redfin
2026-09-22,mls:MC25186079,2240 Golden Oak Ln #117,Merced,95341,124900,3,2,,,2023,Mobile/Manufactured Home,Active,2025-08-18,37.2931187,-120.4458279,https://www.redfin.com/CA/Merced/2240-Golden-Oak-Ln-95341/unit-117/home/19654948,redfin
2026-09-22,mls:226111087,2240 Golden Oak Ln #131,Merced,95340,34900,2,2,856,,1977,Mobile/Manufactured Home,Active,2026-09-03,37.292229,-120.44648,https://www.redfin.com/CA/Merced/2240-Golden-Oak-Ln-95341/unit-131/home/19653889,redfin
2026-09-22,mls:226091001,2240 Golden Oak Ln #134,Merced,95341,89900,2,2,1440,,1973,Mobile/Manufactured Home,Active,2026-07-17,37.3015976,-120.4808915,https://www.redfin.com/CA/Merced/2240-Golden-Oak-Ln-95341/unit-134/home/196130863,redfin
2026-09-22,mls:MC26142503,2240 Golden Oak Ln #28,Merced,95341,73000,2,1,,,1976,Mobile/Manufactured Home,Active,2026-06-30,37.292482,-120.444925,https://www.redfin.com/CA/Merced/2240-Golden-Oak-Ln-95341/unit-28/home/19654671,redfin
2026-09-22,mls:MC26050607,2240 Golden Oak Ln #47,Merced,95341,99999,2,2,,,1976,Mobile/Manufactured Home,Active,2026-03-07,37.294003,-120.445243,https://www.redfin.com/CA/Merced/2240-Golden-Oak-Ln-95341/unit-47/home/19655135,redfin
2026-09-22,mls:226056493,2240 Golden Oak Ln #73,Merced,95341,48000,1,1,672,,1969,Mobile/Manufactured Home,Active,2026-05-07,37.293636,-120.44562,https://www.redfin.com/CA/Merced/2240-Golden-Oak-Ln-95341/unit-73/home/19655777,redfin
2026-09-22,mls:226093239,2240 Golden Oak Ln #94,Merced,95341,80000,2,2,1248,1248,1978,Mobile/Manufactured Home,Active,2026-07-27,37.293678,-120.445909,https://www.redfin.com/CA/Merced/2240-Golden-Oak-Ln-95341/unit-94/home/19654824,redfin
2026-09-22,mls:226012270,2240 Golden Oak Ln #98,Merced,95341,75000,2,1.5,720,,1977,Mobile/Manufactured Home,Active,2026-02-03,37.292737,-120.445858,https://www.redfin.com/CA/Merced/2240-Golden-Oak-Ln-95341/unit-98/home/19655775,redfin
2026-09-22,mls:MC25134955,2246 E Mission Ave,Merced,95341,2812500,3,2,,980100,,Vacant Land,Active,2025-06-17,37.2728692,-120.447396,https://www.redfin.com/CA/Merced/2246-E-Mission-Ave-95341/home/148012696,redfin
2026-09-22,mls:MC25117715,2260 Vassar Ave,Merced,95341,1484250,,,,862052,,Vacant Land,Active,2025-06-13,37.2661175,-120.4465739,https://www.redfin.com/CA/Merced/2260-Vassar-Ave-95341/home/196077950,redfin
2026-09-22,mls:226036725,230 W 25th St,Merced,95340,310000,2,1,1151,7501,1940,Single Family Residential,Active,2026-03-26,37.307796,-120.4750627,https://www.redfin.com/CA/Merced/230-W-25th-St-95340/home/19692754,redfin
2026-09-22,mls:FE2960DBDF13,231 Nadine St,Merced,95341,433360,3,2,1567,,2026,Single Family Residential,Active,2026-09-17,37.291933,-120.427126,https://www.redfin.com/CA/Merced/231-Nadine-St-95341/home/196422453,redfin
2026-09-22,mls:MC26201787,2318 Beachwood,Merced,95348,170000,,,,10131,,Vacant Land,Active,2026-09-15,37.3218577,-120.5277841,https://www.redfin.com/CA/Merced/2318-Beachwood-Dr-95348/home/19683786,redfin
2026-09-22,mls:226115232,2324 Q St,Merced,95340,379600,2,2,960,5001,1945,Multi-Family (2-4 Unit),Active,2026-09-14,37.3105252,-120.486923,https://www.redfin.com/CA/Merced/2324-Q-St-95340/home/19692696,redfin
2026-09-22,mls:MC26058771,2330 Meadowbrook,Merced,95348,299900,3,1,796,10131,1955,Single Family Residential,Active,2026-03-18,37.3219624,-120.5265673,https://www.redfin.com/CA/Merced/2330-Meadowbrook-Ave-95348/home/19683370,redfin
2026-09-22,mls:8B5C5ABDB3A3,234 Nadine St,Merced,95341,483360,4,2.5,1924,,2026,Single Family Residential,Active,2026-09-17,37.291933,-120.426587,https://www.redfin.com/CA/Merced/234-Nadine-St-95341/home/196422448,redfin
2026-09-22,mls:MC26090199,236 Montage Dr,Merced,95348,439000,5,4,1890,2100,2025,Single Family Residential,Active,2026-06-09,37.3613588,-120.4704396,https://www.redfin.com/CA/Merced/236-Montage-Dr-95348/home/28952194,redfin
2026-09-22,mls:MC26198886,2382 Explorador,Merced,95340,449900,4,3,2111,5198,2020,Single Family Residential,Active,2026-09-10,37.3314996,-120.4391447,https://www.redfin.com/CA/Merced/2382-Explorador-Dr-95340/home/28949993,redfin
2026-09-22,mls:MC26136816,2400 K,Merced,95340,1900000,34,14,10800,43560,1950,Multi-Family (5+ Unit),Active,2026-06-23,37.3079833,-120.4774917,https://www.redfin.com/CA/Merced/2400-K-St-95340/home/19692168,redfin
2026-09-22,mls:MC26130264,242 Torino Ct,Merced,95341,379000,4,2,1617,5369,2006,Single Family Residential,Active,2026-06-30,37.2846754,-120.4436122,https://www.redfin.com/CA/Merced/242-Torino-Ct-95341/home/19658046,redfin
2026-09-22,mls:652381,2429 Explorador,Merced,95348,526900,6,3,2621,9082,2022,Single Family Residential,Active,2026-07-21,37.3311588,-120.4362697,https://www.redfin.com/CA/Merced/2429-Explorador-Dr-95340/home/172354337,redfin
2026-09-22,mls:MC26165208,2446 Valverde,Merced,95340,489000,4,2,2265,7797,2020,Single Family Residential,Active,2026-08-18,37.3275318,-120.4351416,https://www.redfin.com/CA/Merced/2446-Valverde-Dr-95340/home/172354531,redfin
2026-09-22,mls:994DC9242AC9,246 Nadine St,Merced,95341,430360,3,2,1567,,2026,Single Family Residential,Active,2026-08-08,37.292059,-120.426601,https://www.redfin.com/CA/Merced/246-Nadine-St-95341/home/196422447,redfin
2026-09-22,mls:MC26168944,2462 Valverde Dr,Merced,95340,490000,4,2,2265,7797,2021,Single Family Residential,Active,2026-08-04,37.3275309,-120.4341928,https://www.redfin.com/CA/Merced/2462-Valverde-Dr-95340/home/172354535,redfin
2026-09-22,mls:1A7A12C09B01,247 Nadine St,Merced,95341,490360,4,2.5,1924,,2026,Single Family Residential,Active,2026-09-17,37.292055,-120.42714,https://www.redfin.com/CA/Merced/247-Nadine-St-95341/home/196422454,redfin
2026-09-22,mls:41142267,2481 Pineda Dr,Merced,95340,525888,6,3,2621,5255,2021,Single Family Residential,Active,2026-07-21,37.3289769,-120.4337045,https://www.redfin.com/CA/Merced/2481-Pineda-Dr-95340/home/172354416,redfin
2026-09-22,mls:DW26079389,2482 Valdes Dr,Merced,95340,489000,5,2.5,2282,6216,2021,Single Family Residential,Active,2026-04-17,37.3282178,-120.4337124,https://www.redfin.com/CA/Merced/2482-Valdes-Dr-95340/home/172354499,redfin
2026-09-22,mls:MC26150631,2499 E Gerard #153,Merced,95341,109000,4,2,1584,,1974,Mobile/Manufactured Home,Active,2026-07-10,37.283791,-120.44268,https://www.redfin.com/CA/Merced/2499-E-Gerard-Ave-95341/unit-153/home/19653440,redfin
2026-09-22,mls:MC25223780,2500 N Highway 59 #270,Merced,95348,65000,2,2,828,2774,1993,Mobile/Manufactured Home,Active,2025-09-23,37.31288,-120.50228,https://www.redfin.com/CA/Merced/2500-N-State-Highway-59-95348/unit-270/home/19655158,redfin
2026-09-22,mls:MC26177592,2500 N STATE HIGHWAY 59,Merced,95348,23000,2,1,720,1400,1972,Mobile/Manufactured Home,Active,2026-08-13,37.311751,-120.503155,https://www.redfin.com/CA/Merced/2500-N-State-Highway-59-95348/home/19653725,redfin
2026-09-22,mls:226100905,2500 N State Highway 59 #239,Merced,95348,59000,3,2,1440,,1973,Mobile/Manufactured Home,Active,2026-08-10,37.312075,-120.503703,https://www.redfin.com/CA/Merced/2500-N-State-Highway-59-95348/unit-239/home/19655259,redfin
2026-09-22,mls:226084553,2511 Franklin Rd,Merced,95348,2730000,2,1,,1698840,,Vacant Land,Active,2026-07-06,37.3246509,-120.5412329,https://www.redfin.com/CA/Merced/2511-Franklin-Rd-95348/home/196420034,redfin
2026-09-22,mls:MC26198267,252 S Gurr,Merced,95341,848000,,,,1286327,,Vacant Land,Active,2026-09-13,37.283567,-120.5598286,https://www.redfin.com/CA/Merced/252-S-Gurr-Rd-95341/home/168650428,redfin
2026-09-22,mls:MC25009072,2520 Mckee Rd,Merced,95340,410000,2,1,1257,17264,1946,Single Family Residential,Active,2025-01-14,37.3029949,-120.4445901,https://www.redfin.com/CA/Merced/2520-McKee-Rd-95340/home/19679429,redfin
2026-09-22,mls:MC26197299,2521 K,Merced,95340,125000,,,,7500,,Vacant Land,Active,2026-09-15,37.3093214,-120.477197,https://www.redfin.com/CA/Merced/2521-K-St-95340/home/19692139,redfin
2026-09-22,mls:MC26143143,2524 B And B,Merced,95348,649999,3,2.5,2321,39969,1988,Single Family Residential,Active,2026-07-01,37.3247897,-120.5374749,https://www.redfin.com/CA/Merced/2524-B-and-B-Blvd-95348/home/19683310,redfin
2026-09-22,mls:25AF009521C3,253 Nadine St,Merced,95341,459360,3,2.5,1777,,2026,Single Family Residential,Active,2026-09-17,37.292204,-120.427132,https://www.redfin.com/CA/Merced/253-Nadine-St-95341/home/196422455,redfin
2026-09-22,mls:MC26165503,255 Travis Ct,Merced,95341,442990,3,2.5,1777,4736,2026,Single Family Residential,Active,2026-07-29,37.292198,-120.428042,https://www.redfin.com/CA/Merced/255-Travis-Ct-95341/home/192932898,redfin
2026-09-22,mls:MC26202480,2574 Beachwood,Merced,95348,325000,3,1,1036,9690,1961,Single Family Residential,Active,2026-09-16,37.3254655,-120.5278073,https://www.redfin.com/CA/Merced/2574-Beachwood-Dr-95348/home/19683381,redfin
2026-09-22,mls:MC25044845,2577 Lobo Ave,Merced,95348,2400000,,,,1067220,,Vacant Land,Active,2025-03-01,37.3243265,-120.5329261,https://www.redfin.com/CA/Merced/2577-Lobo-Ave-95348/home/21155511,redfin
2026-09-22,mls:09F1B76C48AE,258 Nadine St,Merced,95341,489360,4,2.5,1924,,2026,Single Family Residential,Active,2026-09-17,37.29217,-120.42659,https://www.redfin.com/CA/Merced/258-Nadine-St-95341/home/196422446,redfin
2026-09-22,mls:FR26142565,2581 E Gerard,Merced,95341,359900,3,2,1065,8400,1957,Single Family Residential,Active,2026-08-14,37.280311,-120.441154,https://www.redfin.com/CA/Merced/2581-E-Gerard-Ave-95341/home/19679316,redfin
2026-09-22,mls:C80A812199D4,261 Nadine St,Merced,95341,430360,3,2,1290,,2026,Single Family Residential,Active,2026-09-17,37.292315,-120.427134,https://www.redfin.com/CA/Merced/261-Nadine-St-95341/home/196422456,redfin
2026-09-22,mls:MC26168613,2617 Agnes,Merced,95340,389000,3,2,1561,6124,1962,Single Family Residential,Active,2026-08-03,37.3040711,-120.4605559,https://www.redfin.com/CA/Merced/2617-Agnes-Way-95340/home/19689760,redfin
2026-09-22,mls:MC26206090,2618 Hoover Ct,Merced,95340,374500,3,2,1220,6098,1961,Single Family Residential,Active,2026-09-21,37.3046028,-120.4616319,https://www.redfin.com/CA/Merced/2618-Hoover-Ct-95340/home/19689196,redfin
2026-09-22,mls:562A9715BEFE,262 Nadine St,Merced,95341,521260,4,2.5,1924,,2026,Single Family Residential,Active,2026-06-23,37.292304,-120.426592,https://www.redfin.com/CA/Merced/262-Nadine-St-95341/home/196422445,redfin
2026-09-22,mls:MC26194628,2651 1st,Merced,95340,150000,,,,12104,,Vacant Land,Active,2026-09-09,37.3080934,-120.4698823,https://www.redfin.com/CA/Merced/2651-1st-Ave-95340/home/19689677,redfin
2026-09-22,mls:MC26096382,2653 E North Bear Crk,Merced,95340,925000,5,4,3658,27634,1969,Single Family Residential,Active,2026-05-26,37.309902,-120.4383286,https://www.redfin.com/CA/Merced/2653-E-North-Bear-Creek-Dr-95340/home/19701225,redfin
2026-09-22,mls:MC26189302,2672 9th Ave,Merced,95340,309900,3,1,1168,6600,1960,Single Family Residential,Active,2026-09-16,37.305767,-120.4629463,https://www.redfin.com/CA/Merced/2672-9th-Ave-95340/home/19689558,redfin
2026-09-22,mls:225144310,2679 Lobo Ave,Merced,95348,1200000,3,2,2319,779724,1928,Single Family Residential,Active,2025-12-02,37.3236077,-120.5352663,https://www.redfin.com/CA/Merced/2679-Lobo-Ave-95348/home/196422248,redfin
2026-09-22,mls:MC26196564,268 E 10th,Merced,95341,345000,4,3,1636,5012,1989,Single Family Residential,Active,2026-09-08,37.2901023,-120.476157,https://www.redfin.com/CA/Merced/268-E-10th-St-95341/home/19687247,redfin
2026-09-22,mls:MC26126325,2698 E South Bear Crk,Merced,95340,1049000,4,3.5,3340,52272,1985,Single Family Residential,Active,2026-06-10,37.3085571,-120.4379379,https://www.redfin.com/CA/Merced/2698-E-South-Bear-Creek-Dr-95340/home/19679981,redfin
2026-09-22,mls:MC26165744,272 Travis Ct,Merced,95341,400990,3,2,1290,4723,2026,Single Family Residential,Active,2026-07-29,37.292435,-120.427468,https://www.redfin.com/CA/Merced/272-Travis-Ct-95341/home/192932887,redfin
2026-09-22,mls:MC26163311,2729 Pioneer,Merced,95341,725000,3,2,1412,653400,1975,Single Family Residential,Active,2026-08-03,37.24845,-120.398781,https://www.redfin.com/CA/Merced/2729-Pioneer-95340/home/103654057,redfin
2026-09-22,mls:D019C2C7B656,274 Nadine St,Merced,95341,437260,3,2,1290,,2026,Single Family Residential,Active,2026-06-23,37.29243,-120.426576,https://www.redfin.com/CA/Merced/274-Nadine-St-95341/home/196422444,redfin
2026-09-22,mls:226116770,2747 Saratoga Ave,Merced,95340,365000,3,2,1412,7013,1977,Single Family Residential,Active,2026-09-16,37.3049953,-120.44807,https://www.redfin.com/CA/Merced/2747-Saratoga-Ave-95340/home/19689152,redfin
2026-09-22,mls:5CF4E55D687A,277 Nadine St,Merced,95341,524260,4,2.5,1924,,2026,Single Family Residential,Active,2026-06-23,37.292439,-120.427113,https://www.redfin.com/CA/Merced/277-Nadine-St-95341/home/196422457,redfin
2026-09-22,mls:226061481,2779 Story Ave,Merced,95340,449999,4,3,2039,8934,1985,Single Family Residential,Active,2026-05-14,37.3053253,-120.4490194,https://www.redfin.com/CA/Merced/2779-Story-Ave-95340/home/19688945,redfin
2026-09-22,mls:MC26190802,2782 STORY Ave,Merced,95340,389000,3,2,1486,7318,1983,Single Family Residential,Active,2026-09-01,37.3053286,-120.4484633,https://www.redfin.com/CA/Merced/2782-Story-Ave-95340/home/19688940,redfin
2026-09-22,mls:596EB08EDC46,283 Nadine St,Merced,95341,440360,3,2,1290,,2026,Single Family Residential,Active,2026-06-23,37.29255,-120.427132,https://www.redfin.com/CA/Merced/283-Nadine-St-95341/home/196422459,redfin
2026-09-22,mls:MC26156305,2830 Dunn Rd,Merced,95340,895000,4,2,2031,43560,1973,Single Family Residential,Active,2026-08-05,37.3398907,-120.4355855,https://www.redfin.com/CA/Merced/2830-Dunn-Rd-95340/home/19680822,redfin
2026-09-22,mls:41144069,284 Zion Canyon Ct,Merced,95341,410000,4,2,1515,5000,2022,Single Family Residential,Active,2026-08-14,37.2757847,-120.4783038,https://www.redfin.com/CA/Merced/284-Zion-Canyon-Ct-95341/home/176248635,redfin
2026-09-22,mls:839C3B3E99AE,286 Nadine St,Merced,95341,488360,4,2.5,1924,,2026,Single Family Residential,Active,2026-09-17,37.292548,-120.426598,https://www.redfin.com/CA/Merced/286-Nadine-St-95341/home/196422443,redfin
2026-09-22,mls:MC26154089,2868 Beachwood,Merced,95348,317500,3,1,970,9683,1953,Single Family Residential,Active,2026-07-16,37.3297323,-120.5277546,https://www.redfin.com/CA/Merced/2868-Beachwood-Dr-95348/home/19683986,redfin
2026-09-22,mls:MC26168066,288 Travis Ct,Merced,95341,465990,4,2.5,1924,4723,2026,Single Family Residential,Active,2026-08-01,37.292559,-120.427487,https://www.redfin.com/CA/Merced/288-Travis-Ct-95341/home/192932886,redfin
2026-09-22,mls:B55EDD923106,289 Travis Ct,Merced,95341,399990,3,2,1290,,2026,Single Family Residential,Active,2026-04-05,37.292563,-120.428037,https://www.redfin.com/CA/Merced/289-Travis-Ct-95341/home/192932901,redfin
2026-09-22,mls:MC26148713,2894 Elm,Merced,95348,320000,3,1,1328,9524,1960,Single Family Residential,Active,2026-07-16,37.3299751,-120.5307807,https://www.redfin.com/CA/Merced/2894-Elm-Ave-95348/home/19684020,redfin
2026-09-22,mls:MC26143205,2924 E South Bear Crk,Merced,95348,415000,4,2,1560,26947,2003,Mobile/Manufactured Home,Active,2026-08-12,37.3082062,-120.4343361,https://www.redfin.com/CA/Merced/2924-E-South-Bear-Creek-Dr-95340/home/19679214,redfin
2026-09-22,mls:MC26172497,2943 Capella Dr,Merced,95341,559999,4,3,2420,7000,2026,Single Family Residential,Active,2026-08-06,37.282142,-120.434315,https://www.redfin.com/CA/Merced/2943-Capella-Dr-95341/home/196422467,redfin
2026-09-22,mls:ML82045002,2972 Tuxford Ct,Merced,95340,365000,3,2,1365,10173,1961,Single Family Residential,Active,2026-07-03,37.3147871,-120.451915,https://www.redfin.com/CA/Merced/2972-Tuxford-Ct-95340/home/19703141,redfin
2026-09-22,mls:MC26178287,2985 Redwood Dr,Merced,95340,494900,4,3,2388,8306,1972,Single Family Residential,Active,2026-08-18,37.315166,-120.4465798,https://www.redfin.com/CA/Merced/2985-Redwood-Dr-95340/home/19701434,redfin
2026-09-22,mls:SR26189124,2993 N Parsons,Merced,95340,253500,3,2,1008,7694,1961,Single Family Residential,Active,2026-08-28,37.3155234,-120.451559,https://www.redfin.com/CA/Merced/2993-N-Parsons-Ave-95340/home/19702218,redfin
2026-09-22,mls:MC26026481,3 W Belcher Ave,Merced,95348,275000,,,,44431,,Vacant Land,Active,2026-02-04,37.338447,-120.543574,https://www.redfin.com/CA/Merced/3-W-Belcher-Ave-95348/home/200354004,redfin
2026-09-22,mls:MC26138437,3054 Silver Elm Ct,Merced,95340,425000,4,2.5,1938,4178,1988,Single Family Residential,Active,2026-07-03,37.3171564,-120.4584988,https://www.redfin.com/CA/Merced/3054-Silver-Elm-Ct-95340/home/19703672,redfin
2026-09-22,mls:MC25270306,3056 Bedford,Merced,95340,385000,3,2,1358,6296,1974,Single Family Residential,Active,2026-01-26,37.3173625,-120.447616,https://www.redfin.com/CA/Merced/3056-Bedford-Dr-95340/home/19701345,redfin
2026-09-22,mls:MC26174015,3063 Bodie,Merced,95341,495000,4,3.5,3545,5000,2006,Single Family Residential,Active,2026-08-14,37.2931004,-120.4325597,https://www.redfin.com/CA/Merced/3063-Bodie-St-95341/home/19652898,redfin
2026-09-22,mls:226111094,3119 Dinkey Creek Ave,Merced,95341,155000,,,,6970,,Vacant Land,Active,2026-09-03,37.2843783,-120.4324245,https://www.redfin.com/CA/Merced/3119-Dinkey-Creek-Ave-95341/home/28560868,redfin
2026-09-22,mls:MC26189491,3125 N Parsons,Merced,95340,385000,4,2,1569,6699,1968,Single Family Residential,Active,2026-08-28,37.3191569,-120.4515217,https://www.redfin.com/CA/Merced/3125-N-Parsons-Ave-95340/home/19704375,redfin
2026-09-22,mls:226076083,313 Sullivan Dr,Merced,95348,419999,5,2.5,2378,2378,2022,Single Family Residential,Active,2026-07-04,37.3455019,-120.4725467,https://www.redfin.com/CA/Merced/313-Sullivan-Dr-95348/home/28949241,redfin
2026-09-22,mls:MC26031224,3216 El Capitan,Merced,95340,345000,3,2,1446,7440,1960,Single Family Residential,Active,2026-03-30,37.3211364,-120.4649618,https://www.redfin.com/CA/Merced/3216-El-Capitan-Ave-95340/home/19704773,redfin
2026-09-22,mls:MC26159955,3224 Nashville Ct,Merced,95348,485000,5,4,2287,6898,1980,Multi-Family (2-4 Unit),Active,2026-07-23,37.3220853,-120.493789,https://www.redfin.com/CA/Merced/3224-Nashville-Ct-95348/home/19682183,redfin
2026-09-22,mls:MC26168916,324 W 22nd,Merced,95340,475000,4,4,1850,7500,1935,Multi-Family (2-4 Unit),Active,2026-08-03,37.3050876,-120.4782527,https://www.redfin.com/CA/Merced/324-W-22nd-St-95340/home/200649590,redfin
2026-09-22,mls:MC26154809,3257 Juneau Ct,Merced,95348,389000,3,1,1123,6626,1972,Single Family Residential,Active,2026-07-15,37.3215246,-120.4974698,https://www.redfin.com/CA/Merced/3257-Juneau-Ct-95348/home/19682962,redfin
2026-09-22,mls:226063276,328 E 20th St,Merced,95340,285000,2,1,800,8002,1940,Single Family Residential,Active,2026-07-05,37.2993004,-120.4683459,https://www.redfin.com/CA/Merced/328-E-20th-St-95340/home/19688111,redfin
2026-09-22,mls:MC26194620,3311 Shamrock,Merced,95340,465000,4,2,1923,6683,1985,Single Family Residential,Active,2026-09-04,37.3236358,-120.4547312,https://www.redfin.com/CA/Merced/3311-Shamrock-Ave-95340/home/19704697,redfin
2026-09-22,mls:41145302,3362 San Jacinto Ct,Merced,95348,350000,3,2,1635,6356,1980,Single Family Residential,Active,2026-08-17,37.3255898,-120.4830739,https://www.redfin.com/CA/Merced/3362-San-Jacinto-Ct-95348/home/19667903,redfin
2026-09-22,mls:MC26174310,3372 Wawona Ct,Merced,95340,405000,3,2,1766,6824,1974,Single Family Residential,Active,2026-08-18,37.3256468,-120.4641113,https://www.redfin.com/CA/Merced/3372-Wawona-Ct-95340/home/19703460,redfin
2026-09-22,mls:MC26165548,3394 Banbury,Merced,95340,829000,4,3.5,2470,8741,2023,Single Family Residential,Active,2026-07-30,37.3262185,-120.4490424,https://www.redfin.com/CA/Merced/3394-Banbury-Ln-95340/home/28949845,redfin
2026-09-22,mls:226114912,34 Skylark Ct,Merced,95341,329000,3,2,1095,4256,1989,Single Family Residential,Active,2026-09-11,37.2855327,-120.4827358,https://www.redfin.com/CA/Merced/34-Skylark-Ct-95341/home/19647366,redfin
2026-09-22,mls:MC26099037,3411 Baker,Merced,95341,890000,12,6,5000,100188,1942,Multi-Family (5+ Unit),Active,2026-05-07,37.294377,-120.4260501,https://www.redfin.com/CA/Merced/3411-Baker-Dr-95341/home/19679932,redfin
2026-09-22,mls:MC26190319,3424 Mckee,Merced,95340,599000,4,2.5,2678,108900,1972,Single Family Residential,Active,2026-08-31,37.3282325,-120.4437943,https://www.redfin.com/CA/Merced/3424-McKee-Rd-95340/home/19701689,redfin
2026-09-22,mls:MC26111721,3442 Joerg Ave,Merced,95340,550000,4,2.5,2187,7754,1988,Single Family Residential,Active,2026-05-22,37.3267638,-120.4556038,https://www.redfin.com/CA/Merced/3442-Joerg-Ave-95340/home/19704871,redfin
2026-09-22,mls:MC26187696,3452 Paseo Verde,Merced,95348,575000,5,3,2243,8173,2002,Single Family Residential,Active,2026-08-28,37.3280963,-120.4873391,https://www.redfin.com/CA/Merced/3452-Paseo-Verde-Ave-95348/home/19681930,redfin
2026-09-22,mls:MC26113319,3454 G St,Merced,95340,425000,,,,28038,,Vacant Land,Active,2026-05-25,37.3294978,-120.4687811,https://www.redfin.com/CA/Merced/3454-G-St-95340/home/19704553,redfin
2026-09-22,mls:MC26019215,350 S Bermuda,Merced,95341,320000,,,,7575,,Vacant Land,Active,2026-02-13,37.283142,-120.4738245,https://www.redfin.com/CA/Merced/350-Bermuda-St-95341/home/28953795,redfin
2026-09-22,mls:MC26194375,3507 Sunstone Ct,Merced,95340,535000,3,2,2062,9307,2021,Single Family Residential,Active,2026-09-09,37.3254376,-120.4354688,https://www.redfin.com/CA/Merced/3507-Sunstone-Ct-95340/home/28949730,redfin
2026-09-22,mls:226001268,3515 E Yosemite Ave,Merced,95340,6000000,,,,2178000,,Vacant Land,Active,2026-01-06,37.331258,-120.421489,https://www.redfin.com/CA/Merced/3515-E-Yosemite-Ave-95340/home/40050563,redfin
2026-09-22,mls:MC26026650,355 E Main,Merced,95340,390000,3,2,1136,9758,1947,Single Family Residential,Active,2026-02-05,37.2967409,-120.4698506,https://www.redfin.com/CA/Merced/355-E-Main-St-95340/home/19687493,redfin
2026-09-22,mls:MC26051040,3552 Wathen Ct,Merced,95348,390000,3,2,1589,6180,1977,Single Family Residential,Active,2026-03-09,37.3315474,-120.4755399,https://www.redfin.com/CA/Merced/3552-Wathen-Ct-95348/home/19668079,redfin
2026-09-22,mls:MC26136486,3553 Beals,Merced,95348,399950,3,2,1589,6180,1977,Single Family Residential,Active,2026-06-22,37.3315473,-120.4751694,https://www.redfin.com/CA/Merced/3553-Beals-Ave-95348/home/19668503,redfin
2026-09-22,mls:FR26143684,3583 Sarasota,Merced,95348,399950,3,2,1705,5500,2006,Single Family Residential,Active,2026-07-01,37.3306482,-120.5033077,https://www.redfin.com/CA/Merced/3583-Sarasota-Ave-95348/home/19652932,redfin
2026-09-22,mls:MC26201253,360 E 19th St,Merced,95340,290000,2,1,1084,8975,1946,Single Family Residential,Active,2026-09-14,37.2983569,-120.4691015,https://www.redfin.com/CA/Merced/360-E-19th-St-95340/home/19688124,redfin
2026-09-22,mls:MC26179423,362 Rhianon,Merced,95341,395000,3,2,1475,5973,2019,Single Family Residential,Active,2026-08-18,37.2794023,-120.4771709,https://www.redfin.com/CA/Merced/362-Rhianon-Dr-95341/home/28951403,redfin
2026-09-22,mls:226000354,3622 N State Highway 59,Merced,95348,3490000,,,,467399,,Vacant Land,Active,2026-01-02,37.335149,-120.501768,https://www.redfin.com/CA/Merced/3622-N-State-Highway-59-95348/home/28947260,redfin
2026-09-22,mls:MC26123261,3629 N Lake,Merced,95340,1100000,4,2,2680,204732,1977,Single Family Residential,Active,2026-06-05,37.3359882,-120.433376,https://www.redfin.com/CA/Merced/3629-N-Lake-Rd-95340/home/19680577,redfin
2026-09-22,mls:226097306,365 E Main St,Merced,95340,359998,3,1.5,1256,9008,1947,Single Family Residential,Active,2026-08-01,37.2966338,-120.4696126,https://www.redfin.com/CA/Merced/365-E-Main-St-95340/home/19687494,redfin
2026-09-22,mls:MC26189146,3675 Quail Ave,Merced,95340,430000,3,2,1772,6501,1990,Single Family Residential,Active,2026-09-01,37.3332024,-120.4578991,https://www.redfin.com/CA/Merced/3675-Quail-Ave-95340/home/19679473,redfin
2026-09-22,mls:MC26141078,3726 Crane,Merced,95348,434900,4,2,1789,6600,2006,Single Family Residential,Active,2026-06-29,37.3345017,-120.4956177,https://www.redfin.com/CA/Merced/3726-Crane-Ave-95348/home/19656269,redfin
2026-09-22,mls:MC26141821,3774 Magellan,Merced,95340,474900,4,2.5,2282,6215,2020,Single Family Residential,Active,2026-07-01,37.3290761,-120.4408036,https://www.redfin.com/CA/Merced/3774-Magellan-95340/home/28949670,redfin
2026-09-22,mls:226105884,379 Edan Ct,Merced,95341,445000,3,2,1511,7588,2002,Single Family Residential,Active,2026-08-21,37.2831608,-120.4817525,https://www.redfin.com/CA/Merced/379-Edan-Ct-95341/home/19663940,redfin
2026-09-22,mls:MC26184740,3851 Twilight Ave,Merced,95348,459900,4,2.5,3286,6906,2005,Single Family Residential,Active,2026-08-24,37.3372152,-120.4898191,https://www.redfin.com/CA/Merced/3851-Twilight-Ave-95348/home/19645819,redfin
2026-09-22,mls:DW26039485,3880 Early Lgt,Merced,95348,400000,5,2.5,2023,4275,2005,Single Family Residential,Active,2026-03-01,37.3369528,-120.4904075,https://www.redfin.com/CA/Merced/3880-Early-Light-Ave-95348/home/19658704,redfin
2026-09-22,mls:MC26105349,3888 Solstice,Merced,95348,515000,8,4,3286,9833,2005,Single Family Residential,Active,2026-05-14,37.3390975,-120.4872439,https://www.redfin.com/CA/Merced/3888-Solstice-Ave-95348/home/19657581,redfin
2026-09-22,mls:226105372,3910 Twilight Ave,Merced,95348,459999,4,4,2352,5728,2006,Single Family Residential,Active,2026-08-20,37.3383451,-120.4900763,https://www.redfin.com/CA/Merced/3910-Twilight-Ave-95348/home/19658692,redfin
2026-09-22,mls:MC26178671,394 St. Bermuda,Merced,95341,95000,2,1,,5752,,Vacant Land,Active,2026-08-14,37.2826567,-120.4738723,https://www.redfin.com/CA/Merced/394-Bermuda-St-95341/home/19666930,redfin
2026-09-22,mls:MC26201117,3947 Finch Ct,Merced,95340,585000,4,3,1904,7497,1997,Single Family Residential,Active,2026-09-16,37.3375469,-120.4608631,https://www.redfin.com/CA/Merced/3947-Finch-Ct-95340/home/19679529,redfin
2026-09-22,mls:MC26167281,4025 St Remy Ct,Merced,95348,589000,5,3.5,3291,6710,2007,Single Family Residential,Active,2026-07-31,37.3418674,-120.4915622,https://www.redfin.com/CA/Merced/4025-St-Remy-Ct-95348/home/19651325,redfin
2026-09-22,mls:226118637,4039 Cinnabar Ave,Merced,95348,349999,3,2,1106,5275,2018,Single Family Residential,Active,2026-09-21,37.3413075,-120.4988863,https://www.redfin.com/CA/Merced/4039-Cinnabar-Ave-95348/home/28951939,redfin
2026-09-22,mls:MC26082691,4089 Bayonet,Merced,95348,469000,4,3,1842,5125,2023,Single Family Residential,Active,2026-04-16,37.3425668,-120.4963347,https://www.redfin.com/CA/Merced/4089-Bayonet-Dr-95348/home/180787106,redfin
2026-09-22,mls:MC26181953,409 W 25th St,Merced,95340,225000,2,1,982,3750,1932,Single Family Residential,Active,2026-08-23,37.3091936,-120.4774598,https://www.redfin.com/CA/Merced/409-W-25th-St-95340/home/19692138,redfin
2026-09-22,mls:226089687,4100 Scarlet Ct,Merced,95348,482880,4,2.5,1924,5083,2026,Single Family Residential,Active,2026-07-15,37.343721,-120.491211,https://www.redfin.com/CA/Merced/4100-Scarlet-Ct-95348/home/186321264,redfin
2026-09-22,mls:226094076,4108 Adobe Ct,Merced,95348,449880,3,2.5,1777,4658,2026,Single Family Residential,Active,2026-07-24,37.343855,-120.493857,https://www.redfin.com/CA/Merced/4108-Adobe-Ct-95348/home/186321177,redfin
2026-09-22,mls:MC26163326,4115 Scarlet Ct,Merced,95348,459880,4,2.5,1924,4656,2026,Single Family Residential,Active,2026-07-27,37.3429784,-120.4934196,https://www.redfin.com/CA/Merced/4115-Scarlet-Ct-95348/home/186321239,redfin
2026-09-22,mls:9146B3B1C39A,4116 Scarlet Ct,Merced,95348,483250,4,2.5,1924,,2026,Single Family Residential,Active,2026-05-31,37.3429784,-120.4934196,https://www.redfin.com/CA/Merced/4116-Scarlet-Ct-95348/home/186321261,redfin
2026-09-22,mls:62D769E83AAC,4125 Adobe Ct,Merced,95348,552330,4,2.5,1924,,2026,Single Family Residential,Active,2026-08-05,37.344102,-120.494398,https://www.redfin.com/CA/Merced/4125-Adobe-Ct-95348/home/186321153,redfin
2026-09-22,mls:MC26139899,413 El Portal Ct,Merced,95348,405000,4,2,1440,6000,1993,Single Family Residential,Active,2026-06-26,37.327138,-120.4735865,https://www.redfin.com/CA/Merced/413-El-Portal-Ct-95348/home/19667718,redfin
2026-09-22,mls:ML82035268,413 Hydrangea Ct,Merced,95341,440000,4,2.5,1864,5471,2005,Single Family Residential,Active,2026-02-17,37.2819906,-120.4260934,https://www.redfin.com/CA/Merced/413-Hydrangea-Ct-95341/home/19648529,redfin
2026-09-22,mls:MC26198130,4180 Adobe Ct,Merced,95348,515000,4,2.5,1941,4527,2024,Single Family Residential,Active,2026-09-09,37.3449473,-120.4937563,https://www.redfin.com/CA/Merced/4180-Adobe-Ct-95348/home/186321168,redfin
2026-09-22,mls:41144861,4195 North Highway 59,Merced,95348,285000,,,,39340,,Vacant Land,Active,2026-08-13,37.3492155,-120.5042264,https://www.redfin.com/CA/Merced/4195-N-State-Highway-59-95348/home/19684726,redfin
2026-09-22,mls:MC26123889,42 Squaw Valley Ct,Merced,95341,463709,4,2,1969,5805,2026,Single Family Residential,Active,2026-06-07,37.2849016,-120.4302551,https://www.redfin.com/CA/Merced/42-Squaw-Valley-Dr-95341/home/202168801,redfin
2026-09-22,mls:MC26201983,420 W 19th St,Merced,95340,315000,2,1.5,1489,7500,1938,Single Family Residential,Active,2026-09-15,37.3028374,-120.4813392,https://www.redfin.com/CA/Merced/420-W-19th-St-95340/home/19690991,redfin
2026-09-22,mls:MC26140315,4208 Berryesa,Merced,95348,399000,3,2.5,1555,3837,2008,Single Family Residential,Active,2026-06-27,37.3452052,-120.4693254,https://www.redfin.com/CA/Merced/4208-Berryesa-Ave-95348/home/19651904,redfin
2026-09-22,mls:MC26158999,424 Barclay Way,Merced,95348,450000,4,2,1700,4925,2007,Single Family Residential,Active,2026-07-24,37.3553556,-120.4744038,https://www.redfin.com/CA/Merced/424-Barclay-Way-95348/home/19651643,redfin
2026-09-22,mls:MC26182055,4240 Los Olivos Rd,Merced,95340,1600000,4,2,2561,361548,1970,Single Family Residential,Active,2026-08-24,37.3500726,-120.4354813,https://www.redfin.com/CA/Merced/4240-Los-Olivos-Rd-95340/home/19679651,redfin
2026-09-22,mls:MC26178473,4265 Freemark Ave,Merced,95348,559900,5,3.5,2478,5240,2021,Single Family Residential,Active,2026-08-20,37.3448479,-120.482299,https://www.redfin.com/CA/Merced/4265-Freemark-Ave-95348/home/28949033,redfin
2026-09-22,mls:MC26168529,4395 Strathmore,Merced,95348,419000,4,2,1617,4725,2018,Single Family Residential,Active,2026-08-09,37.3494562,-120.4698107,https://www.redfin.com/CA/Merced/4395-Strathmore-Pl-95348/home/28951214,redfin
2026-09-22,mls:MC26195175,4431 Andrea,Merced,95348,450000,4,3,1745,5092,2022,Single Family Residential,Active,2026-09-05,37.3507554,-120.4829035,https://www.redfin.com/CA/Merced/4431-Andrea-Dr-95348/home/172360241,redfin
2026-09-22,mls:ML82053546,4449 Lacy Ln,Merced,95348,449000,3,2,1616,5125,2022,Single Family Residential,Active,2026-07-08,37.3508779,-120.482032,https://www.redfin.com/CA/Merced/4449-Lacy-Ln-95348/home/172360257,redfin
2026-09-22,mls:225139639,446 Tyler #148 Rd,Merced,95341,299000,3,1,,57543,,Vacant Land,Active,2025-10-31,37.2816477,-120.4693583,https://www.redfin.com/CA/Merced/446-Tyler-Rd-95341/home/28953786,redfin
2026-09-22,mls:MC26094946,4465 Andrea Dr,Merced,95348,451179,3,2,1620,4583,2026,Single Family Residential,Active,2026-06-06,37.3517279,-120.4830309,https://www.redfin.com/CA/Merced/4465-Andrea-Dr-95348/home/172360248,redfin
2026-09-22,mls:226106360,454 Jacobs Dr,Merced,95348,456644,4,3,1832,4800,2007,Single Family Residential,Active,2026-08-22,37.353343,-120.4733961,https://www.redfin.com/CA/Merced/454-Jacobs-Dr-95348/home/19651725,redfin
2026-09-22,mls:MC26182077,455 Columbia,Merced,95340,364900,3,2,1175,6000,1972,Single Family Residential,Active,2026-08-19,37.32404,-120.4645496,https://www.redfin.com/CA/Merced/455-Columbia-Ave-95340/home/19703734,redfin
2026-09-22,mls:226096553,457 Buena Vista Dr,Merced,95348,399999,3,2,1440,6569,1993,Single Family Residential,Active,2026-08-15,37.3278627,-120.4742567,https://www.redfin.com/CA/Merced/457-Buena-Vista-Dr-95348/home/19668122,redfin
2026-09-22,mls:226018792,4672 Beckman Way,Merced,95348,385000,4,2.5,2116,5357,2007,Single Family Residential,Active,2026-02-18,37.3559542,-120.4725258,https://www.redfin.com/CA/Merced/4672-Beckman-Way-95348/home/19651672,redfin
2026-09-22,mls:MC26193060,475 Tulane,Merced,95348,410000,3,2,1360,6366,1999,Single Family Residential,Active,2026-09-02,37.3257095,-120.4745678,https://www.redfin.com/CA/Merced/475-Tulane-Dr-95348/home/19667400,redfin
2026-09-22,mls:MC26087411,4822 Durant,Merced,95348,599900,5,4,3265,7784,2007,Single Family Residential,Active,2026-05-05,37.3585415,-120.4691243,https://www.redfin.com/CA/Merced/4822-Durant-Way-95348/home/19650686,redfin
2026-09-22,mls:MC26177612,4836 Mari Cruz Ln,Merced,95348,453212,3,2,1620,5923,2026,Single Family Residential,Active,2026-08-13,37.358853,-120.478632,https://www.redfin.com/CA/Merced/4836-Mari-Cruz-Ln-95348/home/196426148,redfin
2026-09-22,mls:MC26094924,4842 Mari Cruz,Merced,95348,481417,3,2,1854,5923,2026,Single Family Residential,Active,2026-05-01,37.358982,-120.478524,https://www.redfin.com/CA/Merced/4842-Mari-Cruz-Ln-95348/home/196426147,redfin
2026-09-22,mls:MC26159854,4861 Langley,Merced,95348,450000,3,2,1928,8708,2015,Single Family Residential,Active,2026-07-28,37.3586468,-120.4716258,https://www.redfin.com/CA/Merced/4861-Langley-Way-95348/home/28950816,redfin
2026-09-22,mls:MC26177603,4866 Mari Cruz Ln,Merced,95348,516548,4,3,2203,5839,2026,Single Family Residential,Active,2026-08-13,37.359204,-120.478255,https://www.redfin.com/CA/Merced/4866-Mari-Cruz-Ln-95348/home/204576604,redfin
2026-09-22,mls:MC26182718,4869 Langley Way,Merced,95348,535000,5,2.5,2288,6903,2015,Single Family Residential,Active,2026-08-20,37.3590131,-120.4716565,https://www.redfin.com/CA/Merced/4869-Langley-Way-95348/home/28950822,redfin
2026-09-22,mls:MC26177584,4882 Mari Cruz Ln,Merced,95348,485789,4,3,1750,8042,2026,Single Family Residential,Active,2026-08-13,37.359382,-120.477905,https://www.redfin.com/CA/Merced/4882-Mari-Cruz-Ln-95348/home/204576504,redfin
2026-09-22,mls:MC26169759,5082 Palisade,Merced,95348,419999,4,2.5,1687,2116,2023,Single Family Residential,Active,2026-08-25,37.3625801,-120.46905,https://www.redfin.com/CA/Merced/5082-Palisade-Ave-95348/home/28952312,redfin
2026-09-22,mls:MC26150874,515 Cadiz Ct,Merced,95341,429000,4,2.5,1921,5055,2019,Single Family Residential,Active,2026-08-06,37.2770927,-120.4848762,https://www.redfin.com/CA/Merced/515-Cadiz-Ct-95341/home/28951744,redfin
2026-09-22,mls:MC26172479,52 Sedona Dr,Merced,95341,440000,4,3,1836,3200,2026,Single Family Residential,Active,2026-08-06,37.274382,-120.484204,https://www.redfin.com/CA/Merced/52-Sedona-Dr-95341/home/180787881,redfin
2026-09-22,mls:MC26190483,52 W 25th,Merced,95340,239000,2,1,830,7500,1939,Single Family Residential,Active,2026-08-31,37.3068829,-120.4725298,https://www.redfin.com/CA/Merced/52-W-25th-St-95340/home/19691446,redfin
2026-09-22,mls:MC26119524,523 Barcelona Ct,Merced,95341,396000,4,2.5,1999,3485,2023,Single Family Residential,Active,2026-06-02,37.276891,-120.4841532,https://www.redfin.com/CA/Merced/523-Barcelona-Ct-95341/home/28951740,redfin
2026-09-22,mls:MC26183832,537 Alfarata Blvd,Merced,95341,399900,4,2,1732,5970,2006,Single Family Residential,Active,2026-08-21,37.2799467,-120.4378632,https://www.redfin.com/CA/Merced/537-Alfarata-Blvd-95341/home/19652525,redfin
2026-09-22,mls:MC26202684,565 Tolman Way,Merced,95348,395000,3,2,1455,4938,2007,Single Family Residential,Active,2026-09-17,37.3537061,-120.4762962,https://www.redfin.com/CA/Merced/565-Tolman-Way-95348/home/19651075,redfin
2026-09-22,mls:MC22138199,5771 N Siena Ave,Merced,95340,265000,,,,43560,,Vacant Land,Active,2022-06-24,37.372404,-120.467821,https://www.redfin.com/CA/Merced/5771-N-Siena-Ave-95340/home/28949515,redfin
2026-09-22,mls:MC26162775,5820 N Siena Ave,Merced,95340,699000,,,,87120,,Vacant Land,Active,2026-07-25,37.372923,-120.466926,https://www.redfin.com/CA/Merced/5820-N-Siena-Ave-95340/home/28949517,redfin
2026-09-22,mls:226046872,5825 N Casa Sonada Ct,Merced,95340,285000,,,,43560,,Vacant Land,Active,2026-04-15,37.3732349,-120.4647476,https://www.redfin.com/CA/Merced/5825-N-Casa-Sonada-Ct-95340/home/168647420,redfin
2026-09-22,mls:MC26084705,5829 N Casa Sonada Ct,Merced,95340,300000,,,,43560,,Vacant Land,Active,2026-04-20,37.3737132,-120.464331,https://www.redfin.com/CA/Merced/5829-N-Casa-Sonada-Ct-95340/home/168647421,redfin
2026-09-22,mls:MC26084709,5830 N Rio Bonito Ct,Merced,95340,300000,,,,44431,,Vacant Land,Active,2026-04-20,37.373254,-120.462652,https://www.redfin.com/CA/Merced/5830-N-Rio-Bonito-Ct-95340/home/168647425,redfin
2026-09-22,mls:MC26138029,59 W 27th,Merced,95340,375000,3,2,1896,7500,1981,Single Family Residential,Active,2026-08-05,37.3093528,-120.4711085,https://www.redfin.com/CA/Merced/59-W-27th-St-95340/home/19693053,redfin
2026-09-22,mls:V1-38507,594 Granada Ct,Merced,95341,429900,4,3,1999,3671,2018,Single Family Residential,Active,2026-09-02,37.2760295,-120.4850942,https://www.redfin.com/CA/Merced/594-Granada-Ct-95341/home/28951771,redfin
2026-09-22,mls:MC26182432,60 E 12th,Merced,95341,599900,8,4,3000,7504,1977,Multi-Family (2-4 Unit),Active,2026-08-19,37.2927163,-120.4780047,https://www.redfin.com/CA/Merced/60-E-12th-St-95341/home/19687380,redfin
2026-09-22,mls:MC26202372,600 Dennis Ct,Merced,95340,329000,3,2,1718,8196,1968,Single Family Residential,Active,2026-09-16,37.3134479,-120.4641366,https://www.redfin.com/CA/Merced/600-Dennis-Ct-95340/home/19702111,redfin
2026-09-22,mls:MC26167550,603 Weslie Way,Merced,95348,359037,3,2.5,1358,2200,2026,Single Family Residential,Active,2026-07-31,37.360665,-120.478211,https://www.redfin.com/CA/Merced/603-Weslie-Way-Unknown/home/203570268,redfin
2026-09-22,mls:MC26177703,613 Weslie Way,Merced,95348,393290,3,2.5,1623,3969,2026,Single Family Residential,Active,2026-08-13,37.360675,-120.478516,https://www.redfin.com/CA/Merced/613-Weslie-Way-Unknown/home/204577766,redfin
2026-09-22,mls:MC26177694,615 Weslie Way,Merced,95348,359037,3,2.5,1358,2425,2026,Single Family Residential,Active,2026-08-13,37.360679,-120.478617,https://www.redfin.com/CA/Merced/615-Weslie-Way-Unknown/home/204577717,redfin
2026-09-22,mls:MC26177647,617 Weslie Way,Merced,95348,359037,3,2.5,1358,2473,2026,Single Family Residential,Active,2026-08-13,37.360682,-120.478693,https://www.redfin.com/CA/Merced/617-Weslie-Way-Unknown/home/204577547,redfin
2026-09-22,mls:MC26177619,621 Weslie Way,Merced,95348,393290,3,2.5,1623,4244,2026,Single Family Residential,Active,2026-08-13,37.360685,-120.478795,https://www.redfin.com/CA/Merced/621-Weslie-Way-Unknown/home/204576922,redfin
2026-09-22,mls:MC26127731,626 Heitz Ct,Merced,95348,429000,4,3,1852,5661,2020,Single Family Residential,Active,2026-07-01,37.3485926,-120.4781423,https://www.redfin.com/CA/Merced/626-Heitz-Ct-95348/home/28948826,redfin
2026-09-22,mls:226052760,627 Elizabeth Ct,Merced,95341,387500,3,2,1231,5301,2024,Single Family Residential,Active,2026-05-22,37.277912,-120.493846,https://www.redfin.com/CA/Merced/627-Elizabeth-Ct-95341/home/180787387,redfin
2026-09-22,mls:MC26163276,63 Maia Ct,Merced,95341,459000,4,2.5,1945,4595,2007,Single Family Residential,Active,2026-07-31,37.2890444,-120.4270611,https://www.redfin.com/CA/Merced/63-Maia-Ct-95341/home/19656885,redfin
2026-09-22,mls:MC26168622,630 Andrea,Merced,95348,410000,3,2,1616,4897,2020,Single Family Residential,Active,2026-08-03,37.3493336,-120.4782911,https://www.redfin.com/CA/Merced/630-Andrea-Dr-95348/home/168649010,redfin
2026-09-22,mls:MC26146533,636 W 25th,Merced,95340,330000,2,1,1056,7500,1949,Single Family Residential,Active,2026-07-06,37.3100838,-120.4811936,https://www.redfin.com/CA/Merced/636-W-25th-St-95340/home/19693007,redfin
2026-09-22,mls:MC26148395,654-- 658 W Yosemite,Merced,95348,499000,4,4,2378,6841,1984,Multi-Family (2-4 Unit),Active,2026-07-29,37.3318577,-120.4798624,https://www.redfin.com/CA/Merced/654-W-Yosemite-Ave-95348/home/19668082,redfin
2026-09-22,mls:MC26183806,670 Elizabeth Ct,Merced,95341,405000,4,2,1509,6118,2024,Single Family Residential,Active,2026-08-21,37.27745,-120.494384,https://www.redfin.com/CA/Merced/670-Elizabeth-Ct-95341/home/180787393,redfin
2026-09-22,mls:MC26163641,677 Mackenzie Ct,Merced,95341,379900,3,2,1000,4998,2024,Single Family Residential,Active,2026-07-27,37.2792618,-120.4943634,https://www.redfin.com/CA/Merced/677-Mackenzie-Ct-95341/home/180787315,redfin
2026-09-22,mls:MC26106631,684 Skyler Ln Unit 69 B2,Merced,95348,439990,4,2,1509,5830,2026,Single Family Residential,Active,2026-07-19,37.3586629,-120.4807985,https://www.redfin.com/CA/Merced/684-Skyler-Ln-95348/unit-69-B2/home/201858480,redfin
2026-09-22,mls:MC24096982,6922 G St,Merced,95340,3599999,2,3,6300,2964258,1982,Single Family Residential,Active,2024-05-16,37.3891143,-120.4663615,https://www.redfin.com/CA/Merced/6922-G-St-95340/home/187852220,redfin
2026-09-22,mls:MC26111249,693 Cadiz Ave,Merced,95341,450900,4,2.5,2182,3744,2022,Single Family Residential,Active,2026-05-22,37.274742,-120.48485,https://www.redfin.com/CA/Merced/693-Cadiz-Ave-95341/home/180787922,redfin
2026-09-22,mls:41148105,698 Keng Ct,Merced,95341,410000,3,2,1214,6838,2024,Single Family Residential,Active,2026-09-11,37.2802099,-120.494785,https://www.redfin.com/CA/Merced/698-Keng-Ct-95341/home/186321375,redfin
2026-09-22,mls:MC26183512,698 Roberts Ct,Merced,95340,475000,4,2,1900,12610,1967,Single Family Residential,Active,2026-09-01,37.3112846,-120.4628734,https://www.redfin.com/CA/Merced/698-Roberts-Ct-95340/home/19702775,redfin
2026-09-22,mls:226035968,7044 Hwy 59 & Sandy Mush Rd,Merced,95340,399000,3,1.5,,1001880,,Vacant Land,Active,2026-03-25,37.3145748,-120.4687351,https://www.redfin.com/CA/Merced/59-Sandy-Ln-95340/home/19703233,redfin
2026-09-22,mls:MC26008284,71 Tyler Rd,Merced,95341,1199000,,,,392040,,Vacant Land,Active,2026-01-13,37.2869741,-120.4703556,https://www.redfin.com/CA/Merced/71-Tyler-Rd-95341/home/194153528,redfin
2026-09-22,mls:MC26189059,713 Stone Ridge West Ave,Merced,95341,344140,3,2.5,1358,1649,2026,Single Family Residential,Active,2026-08-28,37.2768573,-120.4808773,https://www.redfin.com/CA/Merced/713-Stone-Ridge-West-Ave-95341/home/196426217,redfin
2026-09-22,mls:MC26053673,714 Dean Ct,Merced,95341,399900,3,2,1214,5200,2023,Single Family Residential,Active,2026-03-11,37.2788436,-120.4953763,https://www.redfin.com/CA/Merced/714-Dean-Ct-95341/home/180787328,redfin
2026-09-22,mls:MC26152873,714 Suzanne,Merced,95348,440000,3,2,1435,5065,2021,Single Family Residential,Active,2026-07-30,37.3512045,-120.4806199,https://www.redfin.com/CA/Merced/714-Suzanne-Dr-95348/home/172360276,redfin
2026-09-22,mls:226038701,72 E 12th St,Merced,95341,650000,6,4,3002,7505,1976,Multi-Family (5+ Unit),Active,2026-05-20,37.2926913,-120.4778409,https://www.redfin.com/CA/Merced/72-E-12th-St-95341/home/19687379,redfin
2026-09-22,mls:MC26013670,724 Robin Dr,Merced,95340,579900,5,3,2021,10109,1997,Single Family Residential,Active,2026-02-11,37.3369707,-120.4617846,https://www.redfin.com/CA/Merced/724-Robin-Dr-95340/home/19661373,redfin
2026-09-22,mls:MC26181900,725 Stone Ridge West Ave,Merced,95341,374750,3,2.5,1623,2774,2026,Single Family Residential,Active,2026-08-19,37.27672,-120.4808686,https://www.redfin.com/CA/Merced/725-Stone-Ridge-West-Ave-95341/home/196426220,redfin
2026-09-22,mls:MP26164276,726 Skyler Ct,Merced,95348,439000,3,2,1435,5269,2026,Single Family Residential,Active,2026-07-28,37.358728,-120.481646,https://www.redfin.com/CA/Merced/726-Skyler-Ln-95348/home/196426122,redfin
2026-09-22,mls:MC26094809,732 Stone Ridge East Ave,Merced,95341,328540,2,2.5,1259,1652,2026,Single Family Residential,Active,2026-09-10,37.2751972,-120.4843636,https://www.redfin.com/CA/Merced/732-Stone-Ridge-East-Ave-95341/home/196426251,redfin
2026-09-22,mls:MC26095163,733 Marshall Ct,Merced,95348,445000,3,2,1620,5611,2026,Single Family Residential,Active,2026-05-01,37.35993,-120.481585,https://www.redfin.com/CA/Merced/733-Marshall-Ct-95348/home/201673758,redfin
2026-09-22,mls:226083180,733 Newton Ct,Merced,95348,450000,5,2.5,1919,5502,2020,Single Family Residential,Active,2026-06-30,37.3481419,-120.4808294,https://www.redfin.com/CA/Merced/733-Newton-Ct-95348/home/28948811,redfin
2026-09-22,mls:MC26027458,738 Skyler Ct,Merced,95348,445000,3,2,1620,5300,2026,Single Family Residential,Active,2026-03-10,37.358728,-120.481818,https://www.redfin.com/CA/Merced/738-Skyler-Ln-95348/home/196426123,redfin
2026-09-22,mls:226092145,747 Marcus Ct,Merced,95341,385000,3,2,1443,5001,2022,Single Family Residential,Active,2026-07-24,37.2799617,-120.4959358,https://www.redfin.com/CA/Merced/747-Marcus-Ct-95341/home/179425220,redfin
2026-09-22,mls:cmpmoqogk10nys6015tvoig1e,751 Yosemite Pkwy,Merced,95340,250000,3,1,1036,,1959,Unknown,Active,2026-05-26,37.2955401,-120.4653358,https://www.redfin.com/CA/Merced/751-Yosemite-Pkwy-95340/home/19687728,redfin
2026-09-22,mls:MC26185562,756 Brianne Ct,Merced,95341,385000,3,2,1214,5175,2021,Single Family Residential,Active,2026-08-24,37.2825904,-120.4960306,https://www.redfin.com/CA/Merced/756-Brianne-Ct-95341/home/176247864,redfin
2026-09-22,mls:MC26001848,756 Crist,Merced,95341,105000,,,,14894,,Vacant Land,Active,2026-01-05,37.2936235,-120.4685564,https://www.redfin.com/CA/Merced/756-Crist-Ave-95341/home/19687412,redfin
2026-09-22,mls:MC26009493,767 Taryn Ct,Merced,95341,340000,3,2,1000,5433,2020,Single Family Residential,Active,2026-03-17,37.2843948,-120.4961734,https://www.redfin.com/CA/Merced/767-Taryn-Ct-95341/home/172356595,redfin
2026-09-22,mls:226118402,785 Dean Ct,Merced,95341,379950,3,2,1214,5772,2023,Single Family Residential,Active,2026-09-21,37.2792518,-120.496442,https://www.redfin.com/CA/Merced/785-Dean-Ct-95341/home/180787305,redfin
2026-09-22,mls:MC26073213,789 Yosemite,Merced,95340,299999,3,1,1032,7500,1953,Single Family Residential,Active,2026-05-26,37.295444,-120.4651341,https://www.redfin.com/CA/Merced/789-Yosemite-Pkwy-95340/home/19687612,redfin
2026-09-22,mls:226081813,794 Dean Ct,Merced,95341,455000,4,2,1862,7000,2023,Single Family Residential,Active,2026-06-26,37.2788084,-120.4967438,https://www.redfin.com/CA/Merced/794-Dean-Ct-95341/home/180787335,redfin
2026-09-22,mls:MC25254770,835 W 10th St,Merced,95341,145000,,,,14536,,Vacant Land,Active,2025-11-05,37.2963738,-120.4927217,https://www.redfin.com/CA/Merced/835-W-10th-St-95341/home/183226295,redfin
2026-09-22,mls:MC25202610,84 Jack Ct,Merced,95341,379000,4,2.5,1945,4595,2007,Single Family Residential,Active,2025-11-12,37.2893222,-120.4274259,https://www.redfin.com/CA/Merced/84-Jack-Ct-95341/home/19657494,redfin
2026-09-22,mls:MC26133869,86 Sedona,Merced,95341,445000,4,2.5,2182,3199,2022,Single Family Residential,Active,2026-06-19,37.2744305,-120.485051,https://www.redfin.com/CA/Merced/86-Sedona-Dr-95341/home/180787875,redfin
2026-09-22,mls:MC26148980,864 E Childs,Merced,95341,2190000,,,,871200,,Vacant Land,Active,2026-07-10,37.2875663,-120.4660284,https://www.redfin.com/CA/Merced/864-E-Childs-Ave-95341/home/188876508,redfin
2026-09-22,mls:MC26041835,890 Barney,Merced,95340,299000,2,1,1233,6075,1951,Single Family Residential,Active,2026-05-06,37.3009501,-120.4613226,https://www.redfin.com/CA/Merced/890-Barney-St-95340/home/19687980,redfin
2026-09-22,mls:MC25242208,902 W 20th St,Merced,95340,345000,2,1,1378,7368,1917,Single Family Residential,Active,2025-10-17,37.3065016,-120.4880009,https://www.redfin.com/CA/Merced/902-W-20th-St-95340/home/19691004,redfin
2026-09-22,mls:MC25252460,915 R St,Merced,95341,325000,3,1,1232,5391,1930,Single Family Residential,Active,2025-11-02,37.2968727,-120.497309,https://www.redfin.com/CA/Merced/915-R-St-95341/home/19690941,redfin
2026-09-22,mls:242694,929 W 6th St,Merced,95341,625500,5,3,2300,6200,2026,Single Family Residential,Active,2026-07-06,37.2929392,-120.4963773,https://www.redfin.com/CA/Merced/929-W-6th-St-95341/home/189156477,redfin
2026-09-22,mls:651525,929 W 6th St #2,Merced,95341,625500,5,2.75,2298,6198,2026,Multi-Family (2-4 Unit),Active,2026-07-06,37.2929392,-120.4963773,https://www.redfin.com/CA/Merced/929-W-6th-St-95341/unit-2/home/202660811,redfin
2026-09-22,mls:226004168,930 W 23rd St,Merced,95340,295000,2,1,912,7501,1940,Single Family Residential,Active,2026-01-23,37.309677,-120.4867814,https://www.redfin.com/CA/Merced/930-W-23rd-St-95340/home/19692025,redfin
2026-09-22,mls:MC25270339,965 N Bryant Ct,Merced,95341,190000,,,,47916,,Vacant Land,Active,2025-12-03,37.300171,-120.520387,https://www.redfin.com/CA/Merced/965-N-Bryant-Ct-95341/home/49858867,redfin
2026-09-22,mls:BEC68E49FC28,Coolidge Plan,Merced,95341,461490,4,3,1842,,,Single Family Residential,Active,2026-04-09,37.284751892089844,-120.43229675292969,https://www.redfin.com/CA/Merced/Merced/Coolidge/home/196730179,redfin
2026-09-22,mls:ACB25E048A12,Grayson Plan,Merced,95341,424990,3,2,1290,,,Single Family Residential,Active,2025-08-15,37.2918983,-120.4266809,https://www.redfin.com/CA/Merced/Merced/Grayson/home/197150413,redfin
2026-09-22,mls:FDD583518435,Lanner Plan,Merced,95341,498990,4,2.5,1924,,,Single Family Residential,Active,2026-04-02,37.291656,-120.42655,https://www.redfin.com/CA/Merced/Merced/Lanner/home/201094597,redfin
2026-09-22,mls:15061A6A2B6D,Mountain Top II Plan,Merced,95348,509000,5,3,1890,,,Single Family Residential,Active,2025-08-18,37.3615146,-120.4694483,https://www.redfin.com/CA/Merced/Merced/Mountain-Top-II/home/190509865,redfin
2026-09-22,mls:874769B64FE6,Skyview II Plan,Merced,95348,479000,4,2.5,1824,,,Single Family Residential,Active,2025-08-17,37.3615146,-120.4694483,https://www.redfin.com/CA/Merced/Merced/Skyview-II/home/190509863,redfin
2026-09-22,mls:BF6DF43CAE31,The Adelina Plan,Merced,95341,397838,3,2,1403,,,Single Family Residential,Active,2025-10-26,37.2862897,-120.4304902,https://www.redfin.com/CA/Merced/Merced/The-Adelina/home/198798410,redfin
2026-09-22,mls:AB628F81CA4C,The Ashington Plan,Merced,95348,465600,4,3,1750,,,Single Family Residential,Active,2025-11-02,37.3582045,-120.4809235,https://www.redfin.com/CA/Merced/Merced/The-Ashington/home/198836475,redfin
2026-09-22,mls:7544A213B692,The Ashington Plan,Merced,95341,438700,4,3,1750,,,Single Family Residential,Active,2025-10-26,37.2862897,-120.4304902,https://www.redfin.com/CA/Merced/Merced/The-Ashington/home/198798406,redfin
2026-09-22,mls:33109F27E8B2,The Caledonia Plan,Merced,95348,480600,4,3,1969,,,Single Family Residential,Active,2025-12-20,37.3582045,-120.4809235,https://www.redfin.com/CA/Merced/Merced/The-Caledonia/home/199743228,redfin
2026-09-22,mls:3335387E8898,The Carmelo Plan,Merced,95341,391874,3,2,1500,,,Single Family Residential,Active,2025-07-31,37.2917052,-120.4288446,https://www.redfin.com/CA/Merced/Merced/The-Carmelo/home/196756198,redfin
2026-09-22,mls:C841C396BC54,The Cascade Plan,Merced,95348,436368,3,2,1620,,,Single Family Residential,Active,2025-11-06,37.3582045,-120.4809235,https://www.redfin.com/CA/Merced/Merced/The-Cascade/home/198909838,redfin
2026-09-22,mls:2BB8EC88400D,The Cascade Plan,Merced,95341,421000,3,2,1620,,,Single Family Residential,Active,2025-10-26,37.2862897,-120.4304902,https://www.redfin.com/CA/Merced/Merced/The-Cascade/home/198798409,redfin
2026-09-22,mls:DECD7A7C0493,The Florencia Plan,Merced,95348,569600,5,3,2752,,,Single Family Residential,Active,2025-11-06,37.3582045,-120.4809235,https://www.redfin.com/CA/Merced/Merced/The-Florencia/home/198918663,redfin
2026-09-22,mls:EB4F2420027D,The Haven Plan,Merced,95341,362250,3,2.5,1623,,,Townhouse,Active,2025-10-13,37.2766279,-120.4806608,https://www.redfin.com/CA/Merced/Merced/The-Haven/home/198576924,redfin
2026-09-22,mls:C5D14AA59F41,The Kelsey Plan,Merced,95341,309900,2,2.5,1259,,,Townhouse,Active,2025-10-13,37.2766279,-120.4806608,https://www.redfin.com/CA/Merced/Merced/The-Kelsey/home/198576925,redfin
2026-09-22,mls:581E257A65CE,The Monterey Plan,Merced,95348,489600,4,2,1960,,,Single Family Residential,Active,2025-12-20,37.3582045,-120.4809235,https://www.redfin.com/CA/Merced/Merced/The-Monterey/home/199743230,redfin
2026-09-22,mls:7EE60E243966,The Monterey Plan,Merced,95341,471550,4,2,1960,,,Single Family Residential,Active,2025-10-27,37.2862897,-120.4304902,https://www.redfin.com/CA/Merced/Merced/The-Monterey/home/198798429,redfin
2026-09-22,mls:43516D609CFC,The Rainier Plan,Merced,95348,404900,3,2,1435,,,Single Family Residential,Active,2025-11-06,37.3582045,-120.4809235,https://www.redfin.com/CA/Merced/Merced/The-Rainier/home/198918611,redfin
2026-09-22,mls:C66618349959,The Santa Cruz Plan,Merced,95348,479600,4,3,1810,,,Single Family Residential,Active,2025-12-20,37.3582045,-120.4809235,https://www.redfin.com/CA/Merced/Merced/The-Santa-Cruz/home/199743229,redfin
2026-09-22,mls:35E70551F97C,The Santa Cruz Plan,Merced,95341,465200,4,3,1810,,,Single Family Residential,Active,2025-10-26,37.2862897,-120.4304902,https://www.redfin.com/CA/Merced/Merced/The-Santa-Cruz/home/198798407,redfin
2026-09-22,mls:91E012AEF7B7,The Shasta Plan,Merced,95348,479230,4,3,2207,,,Single Family Residential,Active,2025-11-02,37.3582045,-120.4809235,https://www.redfin.com/CA/Merced/Merced/The-Shasta/home/198836473,redfin
2026-09-22,mls:414BA255B8B4,The Sierra Plan,Merced,95341,325500,3,2.5,1358,,,Townhouse,Active,2025-10-13,37.2766279,-120.4806608,https://www.redfin.com/CA/Merced/Merced/The-Sierra/home/198576923,redfin
2026-09-22,mls:347EB8F16713,The Teton Plan,Merced,95348,470600,3,2,1854,,,Single Family Residential,Active,2025-11-06,37.3582045,-120.4809235,https://www.redfin.com/CA/Merced/Merced/The-Teton/home/198918058,redfin
2026-09-22,mls:DBF11679A93F,The Tolosa Plan,Merced,95341,483361,4,2,2392,,,Single Family Residential,Active,2025-10-13,37.2917052,-120.4288446,https://www.redfin.com/CA/Merced/Merced/The-Tolosa/home/198576922,redfin
2026-09-23,mls:226043198,0 Fruitland & Orchard Park Ave,Atwater,95301,1500000,,,,1337292,,Vacant Land,Active,2026-04-08,37.3626644,-120.5957832,https://www.redfin.com/CA/Atwater/0-Fruitland-Ave-95301/home/183517590,redfin
2026-09-23,mls:MC22098863,0 Green Sands Ave,Atwater,95301,720000,,,,45738,,Vacant Land,Active,2022-05-12,37.338095,-120.576147,https://www.redfin.com/CA/Atwater/Green-Sands-Ave-95301/home/179404945,redfin
2026-09-23,mls:MC26107959,1 Gurr Rd,Atwater,95301,425000,,,,213880,,Vacant Land,Active,2026-05-18,37.32537,-120.557565,https://www.redfin.com/CA/Atwater/1-Gurr-RD-95301/home/198748593,redfin
2026-09-23,mls:MC26025984,1 W Belcher Ave,Atwater,95348,290000,,,,54886,,Vacant Land,Active,2026-02-04,37.338472,-120.544579,https://www.redfin.com/CA/Atwater/1-W-Belcher-Ave-95301/home/200353831,redfin
2026-09-23,mls:226114978,101 Manzanita Dr,Atwater,95301,379900,4,2,1876,8019,1985,Single Family Residential,Active,2026-09-17,37.364388,-120.5960439,https://www.redfin.com/CA/Atwater/101-Manzanita-Dr-95301/home/19669071,redfin
2026-09-23,mls:MC26185791,1020 Prince William Ct,Atwater,95301,1250000,5,4.5,3632,43560,2026,Single Family Residential,Active,2026-08-24,37.3025539,-120.5839977,https://www.redfin.com/CA/Atwater/1020-Prince-William-Ct-95301/home/168648013,redfin
2026-09-23,mls:MC26125479,10366 Rose,Atwater,95301,813500,2,2,,1045440,,Vacant Land,Active,2026-06-09,37.324381,-120.675708,https://www.redfin.com/CA/Atwater/10366-Rose-Ave-95301/home/187905845,redfin
2026-09-23,mls:224602563,10511 White Crane Rd,Atwater,95301,1195950,,,,1751112,,Vacant Land,Active,2026-06-02,37.3160829,-120.6786226,https://www.redfin.com/CA/Atwater/10511-White-Crane-Rd-95301/home/182992353,redfin
2026-09-23,mls:MC26184825,111 Pacemaker,Atwater,95301,374999,3,2,1530,7264,1975,Single Family Residential,Active,2026-08-25,37.3532969,-120.5953379,https://www.redfin.com/CA/Atwater/111-Pacemaker-Dr-95301/home/19706647,redfin
2026-09-23,mls:ML82057518,1170 Spruce,Atwater,95301,370000,3,2,1481,6240,1957,Single Family Residential,Active,2026-08-12,37.3589015,-120.6042608,https://www.redfin.com/CA/Atwater/1170-Spruce-Ave-95301/home/19709053,redfin
2026-09-23,mls:MC26203442,1291 Spruce,Atwater,95301,375000,3,2,1226,7475,1955,Single Family Residential,Active,2026-09-16,37.3590269,-120.6058987,https://www.redfin.com/CA/Atwater/1291-Spruce-Ave-95301/home/19708693,redfin
2026-09-23,mls:MC26115028,1319 3rd St,Atwater,95301,349900,3,1,1356,7321,1920,Single Family Residential,Active,2026-07-07,37.3485144,-120.608288,https://www.redfin.com/CA/Atwater/1319-3rd-St-95301/home/19708365,redfin
2026-09-23,mls:MC26198555,134 E Fir,Atwater,95301,295000,3,2,1425,10969,1959,Single Family Residential,Active,2026-09-10,37.3457031,-120.5946928,https://www.redfin.com/CA/Atwater/134-E-Fir-Ave-95301/home/19706101,redfin
2026-09-23,mls:MC26087176,136 Seville Ct,Atwater,95301,58000,2,1,672,,1980,Mobile/Manufactured Home,Active,2026-04-22,37.3413116,-120.5881367,https://www.redfin.com/CA/Atwater/136-Seville-Ct-95301/home/19655417,redfin
2026-09-23,mls:ML82058659,1405 Tamarack Ave,Atwater,95301,325000,3,2,1386,8075,1955,Single Family Residential,Active,2026-08-21,37.3595332,-120.6073025,https://www.redfin.com/CA/Atwater/1405-Tamarack-Ave-95301/home/19708185,redfin
2026-09-23,mls:MC26183256,1428 Vine Cir,Atwater,95301,330000,3,1.5,1216,2880,1990,Single Family Residential,Active,2026-09-02,37.3539283,-120.6210143,https://www.redfin.com/CA/Atwater/1428-Vine-Cir-95301/home/19659569,redfin
2026-09-23,mls:MC26196306,1453 Augusta,Atwater,95301,495000,4,2,1964,7492,2001,Single Family Residential,Active,2026-09-10,37.3418612,-120.5792132,https://www.redfin.com/CA/Atwater/1453-Augusta-Ln-95301/home/19665042,redfin
2026-09-23,mls:MC26191754,1463 Juniper Ave,Atwater,95301,319000,3,1,1306,8724,1951,Single Family Residential,Active,2026-09-11,37.3544585,-120.6076816,https://www.redfin.com/CA/Atwater/1463-Juniper-Ave-95301/home/19709001,redfin
2026-09-23,mls:MC26206077,149 E Clinton Ave,Atwater,95301,305000,3,1,1157,7125,1960,Single Family Residential,Active,2026-09-21,37.3454409,-120.594331,https://www.redfin.com/CA/Atwater/149-E-Clinton-Ave-95301/home/19706097,redfin
2026-09-23,mls:MC26136421,1501 Drakeley,Atwater,95301,297699,2,1,757,7116,1928,Single Family Residential,Active,2026-06-22,37.349514,-120.6110231,https://www.redfin.com/CA/Atwater/1501-Drakeley-Ave-95301/home/21887227,redfin
2026-09-23,mls:226107316,1505 Jorgensen St,Atwater,95301,389000,3,2,1333,6878,1956,Single Family Residential,Active,2026-08-26,37.3460862,-120.5935394,https://www.redfin.com/CA/Atwater/1505-Jorgensen-St-95301/home/19707009,redfin
2026-09-23,mls:226084471,1522 Vine Cir,Atwater,95301,349900,3,1.5,1216,2879,1990,Single Family Residential,Active,2026-07-07,37.3538377,-120.6212607,https://www.redfin.com/CA/Atwater/1522-Vine-Cir-95301/home/19650770,redfin
2026-09-23,mls:MC26178733,1527 Underwood,Atwater,95301,399000,3,2,1543,9005,1957,Single Family Residential,Active,2026-08-14,37.3598418,-120.6095756,https://www.redfin.com/CA/Atwater/1527-Underwood-Ave-95301/home/19708162,redfin
2026-09-23,mls:MC26176577,1536 Fir Ave,Atwater,95301,299999,3,2,1002,7232,1954,Single Family Residential,Active,2026-08-13,37.3509088,-120.6104503,https://www.redfin.com/CA/Atwater/1536-Fir-Ave-95301/home/19707972,redfin
2026-09-23,mls:MC26172461,160 Jeanna Ct,Atwater,95301,694999,4,3,2678,11325,2026,Single Family Residential,Active,2026-08-06,37.372538,-120.5937848,https://www.redfin.com/CA/Atwater/160-Jeanna-Ct-95301/home/28952238,redfin
2026-09-23,mls:MC26161061,1625 Osborn Ter,Atwater,95301,392000,3,2,1346,6628,1960,Single Family Residential,Active,2026-08-09,37.3476363,-120.5929879,https://www.redfin.com/CA/Atwater/1625-Osborn-Ter-95301/home/19707368,redfin
2026-09-23,mls:226109198,1694 Elm Ave,Atwater,95301,340000,2,2,806,6765,1938,Single Family Residential,Active,2026-08-28,37.350644,-120.6124198,https://www.redfin.com/CA/Atwater/1694-Elm-Ave-95301/home/19708326,redfin
2026-09-23,mls:CV26135510,171 ATWATER #29,Atwater,95301,120000,3,2,1390,,1989,Mobile/Manufactured Home,Active,2026-06-21,37.341906,-120.596759,https://www.redfin.com/CA/Atwater/171-Atwater-Blvd-95301/unit-29/home/19654911,redfin
2026-09-23,mls:MC26093531,1800 2nd,Atwater,95301,549900,3,2,1802,15153,1951,Single Family Residential,Active,2026-05-05,37.3519828,-120.6042363,https://www.redfin.com/CA/Atwater/1800-2nd-St-95301/home/161299203,redfin
2026-09-23,mls:FR26204431,1814 White Pines Ct,Atwater,95301,495000,3,2,1705,6956,2001,Single Family Residential,Active,2026-09-18,37.3413279,-120.5781118,https://www.redfin.com/CA/Atwater/1814-White-Pines-Ct-95301/home/19665151,redfin
2026-09-23,mls:MC25219261,1831 Olive Ave,Atwater,95301,325000,1,1,280,13778,1940,Single Family Residential,Active,2025-10-29,37.3493071,-120.6148542,https://www.redfin.com/CA/Atwater/1831-Olive-Ave-95301/home/19709352,redfin
2026-09-23,mls:MC26202224,1873 Grove Ave,Atwater,95301,995000,70,7,4642,14496,1979,Multi-Family (5+ Unit),Active,2026-09-15,37.3536168,-120.613139,https://www.redfin.com/CA/Atwater/1873-Grove-Ave-95301/home/19708355,redfin
2026-09-23,mls:MC24152023,1883 Sycamore Ave,Atwater,95301,650000,,,,52272,,Vacant Land,Active,2024-07-24,37.3469,-120.617299,https://www.redfin.com/CA/Atwater/1883-Sycamore-Ave-95301/home/21156099,redfin
2026-09-23,mls:MC26184580,190 Kadota,Atwater,95301,450000,3,2,1709,7350,1979,Single Family Residential,Active,2026-08-22,37.350776,-120.59799,https://www.redfin.com/CA/Atwater/190-Kadota-Ave-95301/home/19706882,redfin
2026-09-23,mls:MC26147011,1917 Shasta,Atwater,95301,475000,4,2,1841,6397,2007,Single Family Residential,Active,2026-07-07,37.3467111,-120.6242317,https://www.redfin.com/CA/Atwater/1917-Shasta-Dr-95301/home/19652770,redfin
2026-09-23,mls:MC26201134,1923 Joeys Ct,Atwater,95301,995000,4,3,2947,44431,2014,Single Family Residential,Active,2026-09-21,37.3159576,-120.6025602,https://www.redfin.com/CA/Atwater/1923-Joeys-Ct-95301/home/168648205,redfin
2026-09-23,mls:MC26136462,1971 Mitchell,Atwater,95301,240000,1,1,576,4262,1947,Single Family Residential,Active,2026-06-22,37.3530587,-120.6152921,https://www.redfin.com/CA/Atwater/1971-Mitchell-St-95301/home/19709243,redfin
2026-09-23,mls:MC26089924,2 Rancho Grande Cir,Atwater,95301,132000,2,2,864,,2019,Mobile/Manufactured Home,Active,2026-04-25,37.340844,-120.588071,https://www.redfin.com/CA/Atwater/2-Rancho-Grande-Cir-95301/home/185794860,redfin
2026-09-23,mls:MC26025317,2 W Belcher Ave Ave,Atwater,95348,275000,,,,44431,,Vacant Land,Active,2026-02-04,37.338379,-120.543985,https://www.redfin.com/CA/Atwater/2-W-Belcher-Ave-95301/home/200350163,redfin
2026-09-23,mls:cmrzhhmi800u1s601lhzf835k,2001 Eucalyptus St,Atwater,95301,300000,3,2,1263,,1970,Unknown,Active,2026-07-24,37.3525738,-120.6015444,https://www.redfin.com/CA/Atwater/2001-Eucalyptus-St-95301/home/19707873,redfin
2026-09-23,mls:MC26141326,2024 De La Vina Ct,Atwater,95301,489000,3,2,1728,6540,2024,Single Family Residential,Active,2026-06-29,37.3482248,-120.5689736,https://www.redfin.com/CA/Atwater/2024-De-la-Vina-Ct-95301/home/28947790,redfin
2026-09-23,mls:226092977,2039 Cambridge Dr,Atwater,95301,924950,4,2.5,2011,43560,1979,Single Family Residential,Active,2026-07-23,37.3172155,-120.5852308,https://www.redfin.com/CA/Atwater/2039-Cambridge-Dr-95301/home/19706483,redfin
2026-09-23,mls:226068921,2275 5th St,Atwater,95301,449000,3,2.5,1981,9561,1955,Single Family Residential,Active,2026-06-03,37.3566224,-120.6062774,https://www.redfin.com/CA/Atwater/2275-5th-St-95301/home/19709061,redfin
2026-09-23,mls:MC25147391,2294 Olive Ave,Atwater,95301,55000,8,4,,13966,,Vacant Land,Active,2025-07-01,37.3514598,-120.6208716,https://www.redfin.com/CA/Atwater/2294-Olive-Ave-95301/home/19709111,redfin
2026-09-23,mls:MC26114023,2350 Angelus Ct,Atwater,95301,439900,3,2,1609,12070,1976,Single Family Residential,Active,2026-06-09,37.3576477,-120.614814,https://www.redfin.com/CA/Atwater/2350-Angelus-Ct-95301/home/19708819,redfin
2026-09-23,mls:MC26051388,2355 Atwater Blvd Spc 22,Atwater,95301,55000,3,2,840,,2016,Mobile/Manufactured Home,Active,2026-03-11,37.3507817,-120.6214714,https://www.redfin.com/CA/Atwater/2355-Atwater-Blvd-95301/unit-22/home/172361410,redfin
2026-09-23,mls:cmtj7o0m6031rs6013ev0ioz8,2412 Brodalski St,Atwater,95301,410000,3,2,1840,,1981,Unknown,Active,2026-09-01,37.3606617,-120.6193387,https://www.redfin.com/CA/Atwater/2412-Brodalski-St-95301/home/19669346,redfin
2026-09-23,mls:MC26183608,2480 Boulder Dr,Atwater,95301,529900,4,2,2060,8472,2008,Single Family Residential,Active,2026-08-21,37.3573351,-120.5866815,https://www.redfin.com/CA/Atwater/2480-Boulder-Dr-95301/home/19651866,redfin
2026-09-23,mls:MC26204586,2484 Sierra Springs Ct,Atwater,95301,275000,,,,43560,,Vacant Land,Active,2026-09-18,37.3237013,-120.5916941,https://www.redfin.com/CA/Atwater/2484-Sierra-Springs-Ct-95301/home/28946843,redfin
2026-09-23,mls:MC26163242,249 Live Oak,Atwater,95301,465000,4,2,1876,10445,1989,Single Family Residential,Active,2026-07-27,37.3674341,-120.5979875,https://www.redfin.com/CA/Atwater/249-Live-Oak-Dr-95301/home/19669122,redfin
2026-09-23,mls:226095283,2755 Atwater Blvd Unit G,Atwater,95301,59000,2,1,601,,1977,Mobile/Manufactured Home,Active,2026-07-29,37.3530085,-120.6278709,https://www.redfin.com/CA/Atwater/2755-Atwater-Blvd-95301/unit-G/home/191959108,redfin
2026-09-23,mls:MC26152667,2850 Woodbury Ct,Atwater,95301,799901,3,2,1863,47916,1989,Single Family Residential,Active,2026-07-17,37.3292323,-120.5823632,https://www.redfin.com/CA/Atwater/2850-Woodbury-Ct-95301/home/19705301,redfin
2026-09-23,mls:226085476,290 E Grove,Atwater,95301,359900,4,2,1367,7932,1961,Single Family Residential,Active,2026-09-19,37.3464944,-120.5919392,https://www.redfin.com/CA/Atwater/290-E-Grove-Ave-95301/home/19706119,redfin
2026-09-23,mls:226115010,2914 Winners Cir,Atwater,95301,364988,3,2,1400,7431,1981,Single Family Residential,Active,2026-09-18,37.362913,-120.5795607,https://www.redfin.com/CA/Atwater/2914-Winners-Cir-95301/home/19668485,redfin
2026-09-23,mls:226040410,3196 Heather Glen Ln,Atwater,95301,200000,,,,52272,,Vacant Land,Active,2026-09-12,37.3672231,-120.6019773,https://www.redfin.com/CA/Atwater/3196-Heather-Glen-Ln-95301/home/28947254,redfin
2026-09-23,mls:MC26202908,3207 Manzanita,Atwater,95301,479000,4,2,1876,6000,1989,Single Family Residential,Active,2026-09-17,37.3672547,-120.600526,https://www.redfin.com/CA/Atwater/3207-Manzanita-Dr-95301/home/19668930,redfin
2026-09-23,mls:226114100,3268 Dakota St,Atwater,95301,180000,3,1.5,1120,8124,1960,Single Family Residential,Active,2026-09-21,37.3663749,-120.6201465,https://www.redfin.com/CA/Atwater/3268-Dakota-St-95301/home/19670141,redfin
2026-09-23,mls:MC26122925,3347 Stacey Ct,Atwater,95301,350000,4,2,1559,7446,1980,Single Family Residential,Active,2026-06-15,37.3672189,-120.6235651,https://www.redfin.com/CA/Atwater/3347-Stacey-Ct-95301/home/19670102,redfin
2026-09-23,mls:MC26200202,3369 Lighthouse Ct,Atwater,95301,525000,4,3,2442,7187,1991,Single Family Residential,Active,2026-09-12,37.3690061,-120.5986042,https://www.redfin.com/CA/Atwater/3369-Lighthouse-Ct-95301/home/19668649,redfin
2026-09-23,mls:MC26187134,3370 Harness Dr,Atwater,95301,539900,4,2.5,2375,6800,2006,Single Family Residential,Active,2026-08-27,37.3697202,-120.6002666,https://www.redfin.com/CA/Atwater/3370-Harness-Dr-95301/home/19658536,redfin
2026-09-23,mls:MC26061429,3379 Lighthouse Ct,Atwater,95301,249900,,,,7790,,Vacant Land,Active,2026-03-20,37.3691893,-120.5986279,https://www.redfin.com/CA/Atwater/3379-Lighthouse-Ct-95301/home/200957298,redfin
2026-09-23,mls:MC26102154,3650 Santa Fe,Atwater,95301,399000,,,,121968,,Vacant Land,Active,2026-05-11,37.3415852,-120.5414649,https://www.redfin.com/CA/Atwater/3650-N-Santa-Fe-Ave-95301/home/19655352,redfin
2026-09-23,mls:MC25260738,474 Aaron Ct,Atwater,95301,699900,4,3,2412,11000,2025,Single Family Residential,Active,2025-11-14,37.373416,-120.6014311,https://www.redfin.com/CA/Atwater/474-Aaron-Ct-95301/home/28947469,redfin
2026-09-23,mls:MC26146741,485 Windmill Ct,Atwater,95301,565000,4,2.5,2297,7079,2017,Single Family Residential,Active,2026-07-06,37.3703282,-120.6015627,https://www.redfin.com/CA/Atwater/485-Windmill-Ct-95301/home/28947233,redfin
2026-09-23,mls:MC25225932,4910-4910 Clover Ave,Atwater,95301,1100000,,,,125463,,Vacant Land,Active,2025-09-25,37.336971,-120.5754416,https://www.redfin.com/CA/Atwater/4910-Clover-Ave-95301/home/21627334,redfin
2026-09-23,mls:ML82030890,5086 Moran Ave,Atwater,95301,999999,4,3.5,2661,39600,2003,Single Family Residential,Active,2026-01-12,37.3102472,-120.5792905,https://www.redfin.com/CA/Atwater/5086-Moran-Ave-95301/home/168648427,redfin
2026-09-23,mls:226108306,5200 Crest #49,Atwater,95301,109990,3,2,900,,2026,Mobile/Manufactured Home,Active,2026-08-27,37.3628637,-120.585355,https://www.redfin.com/CA/Atwater/5200-Crest-Rd-95301/unit-49/home/19655596,redfin
2026-09-23,mls:MC26154508,5200 Crest Rd #91,Atwater,95301,72999,3,1,828,,1979,Mobile/Manufactured Home,Active,2026-07-15,37.3628637,-120.585355,https://www.redfin.com/CA/Atwater/5200-Crest-Rd-95301/unit-91/home/168650464,redfin
2026-09-23,mls:MC26206085,601 Holly Ave,Atwater,95301,310000,3,1,945,10342,1953,Single Family Residential,Active,2026-09-21,37.3503121,-120.6001672,https://www.redfin.com/CA/Atwater/601-Holly-Ave-95301/home/19707741,redfin
2026-09-23,mls:226113413,6176 Fleming Rd,Atwater,95301,750000,7,6,1628,33572,2006,Multi-Family (2-4 Unit),Active,2026-09-18,37.3337342,-120.5989235,https://www.redfin.com/CA/Atwater/6176-Fleming-Rd-95301/home/19684469,redfin
2026-09-23,mls:226112186,701 Palmer Pl,Atwater,95301,409900,3,2,1553,6172,1999,Single Family Residential,Active,2026-09-07,37.3385783,-120.5847579,https://www.redfin.com/CA/Atwater/701-Palmer-Pl-95301/home/19705383,redfin
2026-09-23,mls:MC26096434,729 Mulberry Ave,Atwater,95301,395000,3,2,1692,7800,1957,Single Family Residential,Active,2026-05-04,37.353723,-120.5996942,https://www.redfin.com/CA/Atwater/729-Mulberry-Ave-95301/home/19707210,redfin
2026-09-23,mls:MC26190598,730 Juniper,Atwater,95301,317500,3,2,1344,7793,1959,Single Family Residential,Active,2026-09-13,37.351102,-120.6011293,https://www.redfin.com/CA/Atwater/730-Juniper-Ave-95301/home/19707780,redfin
2026-09-23,mls:MC26187985,75 Rancho Grande Cir,Atwater,95301,90000,3,2,1080,,1986,Mobile/Manufactured Home,Active,2026-08-29,37.3432533,-120.5869225,https://www.redfin.com/CA/Atwater/75-Rancho-Grande-Cir-95301/home/19655409,redfin
2026-09-23,mls:MC26180099,8191 Sunset,Atwater,95301,689000,3,2.5,2236,47916,1967,Single Family Residential,Active,2026-08-17,37.3381526,-120.636439,https://www.redfin.com/CA/Atwater/8191-Sunset-Dr-95301/home/19684176,redfin
2026-09-23,mls:MC26197829,8753 Rose Ave,Atwater,95301,78000,4,2,1452,1000,1998,Mobile/Manufactured Home,Active,2026-09-15,37.3220994,-120.6458582,https://www.redfin.com/CA/Atwater/8753-Rose-Ave-95301/home/172361425,redfin
2026-09-23,mls:226116132,8766 Longview Rd,Atwater,95301,1250000,3,2,1901,548856,1978,Single Family Residential,Active,2026-09-16,37.3534837,-120.6469987,https://www.redfin.com/CA/Atwater/8766-Longview-Rd-95301/home/196422114,redfin
2026-09-23,mls:MC26206110,901 Elm Ave,Atwater,95301,275000,2,1,806,8397,1948,Single Family Residential,Active,2026-09-21,37.3481664,-120.6049172,https://www.redfin.com/CA/Atwater/901-Elm-Ave-95301/home/19707493,redfin
2026-09-23,mls:225082922,0 - 1/2 E Mission Ave,Merced,95341,2812500,,,,980100,,Vacant Land,Active,2025-06-21,37.273919,-120.4849237,https://www.redfin.com/CA/Merced/1-E-Mission-Ave-95341/home/196148474,redfin
2026-09-23,mls:MC26188109,0 Cabot Ave,Merced,95348,105000,,,,7440,,Vacant Land,Active,2026-08-27,37.31748,-120.524582,https://www.redfin.com/CA/Merced/Cabot-Ave-95348/home/205219350,redfin
2026-09-23,mls:MC26156234,0 Dunn Rd,Merced,95340,185000,,,,68824,,Vacant Land,Active,2026-07-31,37.340409,-120.435645,https://www.redfin.com/CA/Merced/Dunn-Rd-95340/home/104256713,redfin
2026-09-23,mls:MC25255724,0 E North Bear Creek Dr,Merced,95340,2280000,,,,162043,,Vacant Land,Active,2025-11-07,37.3098622,-120.4690825,https://www.redfin.com/CA/Merced/0-E-North-Bear-Creek-Dr-95340/home/198946738,redfin
2026-09-23,mls:MC26187045,0 Franklin Rd,Merced,95348,749900,,,,20817,,Vacant Land,Active,2026-08-26,37.323221,-120.540449,https://www.redfin.com/CA/Merced/Franklin-Rd-95348/home/104246777,redfin
2026-09-23,mls:MC25135004,0 Henry St,Merced,95341,1870000,,,,651657,,Vacant Land,Active,2025-06-17,37.270386,-120.450522,https://www.redfin.com/CA/Merced/Henry-St-95341/home/196428748,redfin
2026-09-23,mls:MC25253995,0 Kibby,Merced,95340,222000,,,,43560,,Vacant Land,Active,2025-11-05,37.3052,-120.414692,https://www.redfin.com/CA/Merced/Kibby-Rd-95340/home/198874981,redfin
2026-09-23,mls:MC26181963,0 Massasso,Merced,95348,125000,,,,13860,,Vacant Land,Active,2026-08-23,37.297305,-120.514048,https://www.redfin.com/CA/Merced/Massasso-St-95341/home/40000091,redfin
2026-09-23,mls:MC25134922,0 Mission Ave,Merced,95341,2812500,,,,980100,,Vacant Land,Active,2025-06-17,37.2732983,-120.4858775,https://www.redfin.com/CA/Merced/0-E-Mission-Ave-95341/home/196428730,redfin
2026-09-23,mls:MC26182133,0 S P St,Merced,95340,150000,,,,74052,,Vacant Land,Active,2026-08-19,37.2881933,-120.498403,https://www.redfin.com/CA/Merced/0-S-P-St-95341/home/204651464,redfin
2026-09-23,mls:MC21265605,0 Stretch St,Merced,95340,2650000,,,,1785960,,Vacant Land,Active,2022-01-19,37.298527,-120.444069,https://www.redfin.com/CA/Merced/Stretch-Rd-95340/home/40000310,redfin
2026-09-23,mls:648773,0 Thorton Rd,Merced,95341,920000,0,,,1001880,,Ranch,Active,2026-05-13,37.288299,-120.5235747,https://www.redfin.com/CA/Merced/0-Thornton-Rd-95341/home/201832321,redfin
2026-09-23,mls:MC25117690,0 Vassar Ave,Merced,95341,1488000,,,,864230,,Vacant Land,Active,2025-06-13,37.2659362,-120.487877,https://www.redfin.com/CA/Merced/0-Vassar-Ave-95341/home/179519741,redfin
2026-09-23,mls:MC25117743,0-1/2 Henry St,Merced,95341,1473000,,,,855518,,Vacant Land,Active,2025-06-13,37.267067,-120.450494,https://www.redfin.com/CA/Merced/0-1-2-Henry-St-95341/home/196428747,redfin
2026-09-23,mls:MC25259914,1 E N Bear Creek Dr,Merced,95340,3875000,,,,281398,,Vacant Land,Active,2025-11-13,37.3098622,-120.4690825,https://www.redfin.com/CA/Merced/1-E-North-Bear-Creek-Dr-95340/home/199064423,redfin
2026-09-23,mls:MC26115943,1004 W 13th,Merced,95341,250000,,,,7500,,Vacant Land,Active,2026-05-29,37.2996949,-120.4937475,https://www.redfin.com/CA/Merced/1004-W-13th-St-95341/home/28952923,redfin
2026-09-23,mls:226081831,1011 Oregon Dr,Merced,95340,540000,3,2,2028,14066,1968,Single Family Residential,Active,2026-06-26,37.3138592,-120.4591668,https://www.redfin.com/CA/Merced/1011-Oregon-Dr-95340/home/19703043,redfin
2026-09-23,mls:MC26187904,1012 Wyoming,Merced,95340,690000,4,3,3121,16250,1961,Single Family Residential,Active,2026-08-29,37.3103318,-120.4591887,https://www.redfin.com/CA/Merced/1012-Wyoming-Dr-95340/home/19702940,redfin
2026-09-23,mls:226113579,1013 - 1017 W Santa Fe Ave,Merced,95340,449900,2,1,720,6499,1960,Multi-Family (2-4 Unit),Active,2026-09-10,37.3116755,-120.4870991,https://www.redfin.com/CA/Merced/1017-W-Santa-Fe-Ave-95340/home/19693027,redfin
2026-09-23,mls:MC26180949,1052 Northwood,Merced,95348,428000,4,2,1534,8628,1972,Single Family Residential,Active,2026-08-19,37.3159149,-120.4856132,https://www.redfin.com/CA/Merced/1052-Northwood-Dr-95348/home/19701776,redfin
2026-09-23,mls:MC26117150,1055 Lees Ct,Merced,95340,434991,3,2,1656,9077,1972,Single Family Residential,Active,2026-05-29,37.3203274,-120.4585027,https://www.redfin.com/CA/Merced/1055-Lees-Ct-95340/home/19704425,redfin
2026-09-23,mls:MC26188514,1065 Mallard,Merced,95340,459999,3,2,1824,5998,2002,Single Family Residential,Active,2026-08-27,37.3367597,-120.4589052,https://www.redfin.com/CA/Merced/1065-Mallard-Dr-95340/home/19661701,redfin
2026-09-23,mls:MC26198295,1068 Kiwi Ct,Merced,95340,475000,3,2,1591,6001,2002,Single Family Residential,Active,2026-09-10,37.3370358,-120.4590921,https://www.redfin.com/CA/Merced/1068-Kiwi-Ct-95340/home/19661176,redfin
2026-09-23,mls:MC26173032,1075 Martin Luther King Jr,Merced,95341,649000,,,,37622,,Vacant Land,Active,2026-08-10,37.2939687,-120.484676,https://www.redfin.com/CA/Merced/1075-Martin-Luther-King-Junior-Way-95341/home/196040546,redfin
2026-09-23,mls:MC26199692,1076 E Estancia Dr,Merced,95348,285000,,,,43560,,Vacant Land,Active,2026-09-11,37.3736192,-120.4669637,https://www.redfin.com/CA/Merced/1076-E-Estancia-Dr-95340/home/168647417,redfin
2026-09-23,mls:MC26174826,1111 E Donna Dr,Merced,95340,499900,3,2,1752,6909,1989,Single Family Residential,Active,2026-08-10,37.3287346,-120.457712,https://www.redfin.com/CA/Merced/1111-E-Donna-Dr-95340/home/19703890,redfin
2026-09-23,mls:MC26050732,1134 Puerto Vallarta Ct,Merced,95348,450000,5,3,2250,5401,2002,Single Family Residential,Active,2026-03-08,37.32734,-120.4877533,https://www.redfin.com/CA/Merced/1134-Puerto-Vallarta-Ct-95348/home/19681832,redfin
2026-09-23,mls:MC26206794,1139 Curry Village Ct,Merced,95340,575000,4,2,2337,14892,1991,Single Family Residential,Active,2026-09-22,37.3317923,-120.4575219,https://www.redfin.com/CA/Merced/1139-Curry-Village-Ct-95340/home/19702610,redfin
2026-09-23,mls:MC26133604,115 W 19th,Merced,95340,299999,2,1,1014,7500,1915,Single Family Residential,Active,2026-06-18,37.3015764,-120.4764496,https://www.redfin.com/CA/Merced/115-W-19th-St-95340/home/19691911,redfin
2026-09-23,mls:MC26171548,1163 W 25th,Merced,95340,399999,3,2,1772,9409,1956,Single Family Residential,Active,2026-08-05,37.3134377,-120.4891296,https://www.redfin.com/CA/Merced/1163-W-25th-St-95340/home/19692191,redfin
2026-09-23,mls:MC26116262,1175 Evening Star,Merced,95348,454000,4,2.5,2023,6720,2005,Single Family Residential,Active,2026-06-10,37.3390078,-120.4899652,https://www.redfin.com/CA/Merced/1175-Evening-Star-Dr-95348/home/19658721,redfin
2026-09-23,mls:226098023,1179 Crescent Dr,Merced,95348,459000,4,4,3545,6704,2005,Single Family Residential,Active,2026-08-04,37.3379097,-120.4894157,https://www.redfin.com/CA/Merced/1179-Crescent-Dr-95348/home/19657584,redfin
2026-09-23,mls:226072996,118 Mcgregor,Merced,95341,295000,3,1,1064,3585,1947,Single Family Residential,Active,2026-06-15,37.2868171,-120.502523,https://www.redfin.com/CA/Merced/118-McGregor-St-95341/home/19681662,redfin
2026-09-23,mls:226076514,12 E San Clemente Dr,Merced,95341,365000,3,2,1313,6325,2003,Single Family Residential,Active,2026-07-22,37.2794952,-120.4818857,https://www.redfin.com/CA/Merced/12-E-San-Clemente-Dr-95341/home/19659458,redfin
2026-09-23,mls:MC26125121,1210 G St,Merced,95341,125000,,,,5010,,Vacant Land,Active,2026-06-08,37.2934266,-120.4784941,https://www.redfin.com/CA/Merced/1210-G-St-95341/home/40001457,redfin
2026-09-23,mls:226107490,1216 Brookdale Dr,Merced,95340,399000,3,2,1813,7701,1976,Single Family Residential,Active,2026-08-26,37.3214384,-120.4579621,https://www.redfin.com/CA/Merced/1216-Brookdale-Dr-95340/home/19703487,redfin
2026-09-23,mls:41148492,1223 W Santa Fe Ave,Merced,95340,289000,3,1,1044,7800,1956,Single Family Residential,Active,2026-09-16,37.3128635,-120.4902929,https://www.redfin.com/CA/Merced/1223-W-Santa-Fe-Ave-95340/home/19691310,redfin
2026-09-23,mls:MC26183039,1228 Wildcat Dr,Merced,95348,429000,4,2,1727,5000,2018,Single Family Residential,Active,2026-08-21,37.3379631,-120.4923012,https://www.redfin.com/CA/Merced/1228-Wildcat-Dr-95348/home/28947278,redfin
2026-09-23,mls:MC26084287,1247 Aspen,Merced,95340,305000,3,2.5,1293,2778,1989,Townhouse,Active,2026-05-29,37.3182302,-120.4570592,https://www.redfin.com/CA/Merced/1247-Aspen-St-95340/home/19703625,redfin
2026-09-23,mls:MC26165216,1248 W 9th,Merced,95341,399999,,,,15000,,Vacant Land,Active,2026-07-31,37.2970535,-120.4997506,https://www.redfin.com/CA/Merced/1248-W-9th-St-95341/home/161268254,redfin
2026-09-23,mls:MC26158013,125 N Parsons,Merced,95341,600000,,,,95832,,Vacant Land,Active,2026-07-24,37.289108,-120.452237,https://www.redfin.com/CA/Merced/125-N-Parsons-Ave-95341/home/19686748,redfin
2026-09-23,mls:41149059,1250 W Cardella Rd,Merced,95348,2288000,,,,333669,,Vacant Land,Active,2026-09-22,37.3459004,-120.4925466,https://www.redfin.com/CA/Merced/1250-W-Cardella-Rd-95348/home/205652135,redfin
2026-09-23,mls:SR26155316,1255 Carol,Merced,95341,212520,2,1,878,10659,1945,Single Family Residential,Active,2026-07-16,37.2911539,-120.4547374,https://www.redfin.com/CA/Merced/1255-Carol-Ave-95341/home/19687416,redfin
2026-09-23,mls:8595DE3FC6C7,126 Sugar Creek Ln,Merced,95341,399990,3,2,1230,,2026,Single Family Residential,Active,2026-06-25,37.286017,-120.430897,https://www.redfin.com/CA/Merced/126-Sugar-Creek-Ln-95341/home/196422602,redfin
2026-09-23,mls:MC26147340,126 Sugar Creek Ln Unit 144 S2,Merced,95341,409490,3,2,1230,5237,2026,Single Family Residential,Active,2026-07-07,37.286017,-120.430897,https://www.redfin.com/CA/Merced/126-Sugar-Creek-Ln-95341/unit-144-S2/home/202672067,redfin
2026-09-23,mls:MC26192342,1260 Brightday,Merced,95348,465000,5,3,2352,3601,2004,Single Family Residential,Active,2026-09-21,37.3339626,-120.4934448,https://www.redfin.com/CA/Merced/1260-Brightday-Dr-95348/home/19659528,redfin
2026-09-23,mls:41146671,1280 Dodd Ct,Merced,95341,390000,3,2,1136,9854,1958,Single Family Residential,Active,2026-08-30,37.2940166,-120.4596405,https://www.redfin.com/CA/Merced/1280-Dodd-Ct-95341/home/19687216,redfin
2026-09-23,mls:MC26184070,1300 Kensington,Merced,95340,399000,4,2,2177,6989,1971,Single Family Residential,Active,2026-08-23,37.3190089,-120.4562675,https://www.redfin.com/CA/Merced/1300-Kensington-Dr-95340/home/19704619,redfin
2026-09-23,mls:226118378,1317 Derby Dr,Merced,95348,450000,4,2,1894,5123,2005,Single Family Residential,Active,2026-09-21,37.3391514,-120.4961679,https://www.redfin.com/CA/Merced/1317-Derby-Dr-95348/home/19656266,redfin
2026-09-23,mls:MC26157505,1338 Christopher,Merced,95340,519000,4,3,1926,6991,2003,Single Family Residential,Active,2026-07-29,37.3370659,-120.4558575,https://www.redfin.com/CA/Merced/1338-Christopher-Dr-95340/home/19661258,redfin
2026-09-23,mls:MC26189958,134 Wonderland Trail Ln,Merced,95341,320000,2,2.5,1259,1649,2025,Townhouse,Active,2026-08-30,37.2759829,-120.480413,https://www.redfin.com/CA/Merced/134-Wonderland-Trail-Ln-95341/home/196426234,redfin
2026-09-23,mls:MC26169820,1370 Belmont,Merced,95348,399000,4,2.5,1793,3894,2007,Single Family Residential,Active,2026-08-10,37.3322996,-120.4978172,https://www.redfin.com/CA/Merced/1370-Belmont-Dr-95348/home/19654301,redfin
2026-09-23,mls:MC25269518,1375 Loughborough,Merced,95348,339000,3,2,1335,6015,1977,Single Family Residential,Active,2025-12-04,37.3236212,-120.4923658,https://www.redfin.com/CA/Merced/1375-Loughborough-Dr-95348/home/19682673,redfin
2026-09-23,mls:MC26131391,1396 Belmont,Merced,95348,450000,4,2.5,2044,8244,2007,Single Family Residential,Active,2026-08-06,37.3322877,-120.4986726,https://www.redfin.com/CA/Merced/1396-Belmont-Dr-95348/home/19656137,redfin
2026-09-23,mls:226107956,1405 E 22nd St,Merced,95340,275000,3,2,1570,10624,1948,Single Family Residential,Active,2026-08-26,37.2980334,-120.45711,https://www.redfin.com/CA/Merced/1405-E-22nd-St-95340/home/19688065,redfin
2026-09-23,mls:MC26152644,1420 Q,Merced,95340,359000,2,1,739,3300,1888,Single Family Residential,Active,2026-07-19,37.3011937,-120.4924052,https://www.redfin.com/CA/Merced/1420-Q-St-95340/home/19691845,redfin
2026-09-23,mls:MC26194119,1430 Jackson Ct,Merced,95340,440000,4,2,1743,8109,1983,Single Family Residential,Active,2026-09-04,37.3069701,-120.4552671,https://www.redfin.com/CA/Merced/1430-Jackson-Ct-95340/home/19688693,redfin
2026-09-23,mls:4F1114110B6D,144 Sugar Creek Ln,Merced,95341,402990,3,2,1230,,2026,Single Family Residential,Active,2026-08-02,37.285743,-120.430897,https://www.redfin.com/CA/Merced/144-Sugar-Creek-Ln-95341/home/196422605,redfin
2026-09-23,mls:MC26169778,144 Sugar Creek Ln Unit 146 S2,Merced,95341,411490,3,2,1230,5237,2026,Single Family Residential,Active,2026-08-04,37.285743,-120.430897,https://www.redfin.com/CA/Merced/144-Sugar-Creek-Ln-95341/unit-146-S2/home/204345514,redfin
2026-09-23,mls:PW26187649,1445 San Simeon Ct,Merced,95348,550000,5,2.5,2374,8712,2003,Single Family Residential,Active,2026-09-12,37.3293642,-120.5020601,https://www.redfin.com/CA/Merced/1445-San-Simeon-Ct-95348/home/19657788,redfin
2026-09-23,mls:MC26187679,145 E 20th,Merced,95340,365000,3,2,1387,10500,1937,Single Family Residential,Active,2026-08-26,37.3009629,-120.4714669,https://www.redfin.com/CA/Merced/145-E-20th-St-95340/home/19688370,redfin
2026-09-23,mls:MC26139057,1456 Cameron Unit 1-4,Merced,95340,895500,6,4,2420,60984,1950,Multi-Family (2-4 Unit),Active,2026-06-29,37.3062067,-120.455665,https://www.redfin.com/CA/Merced/1456-Cameron-Ln-95340/unit-1-4/home/195049604,redfin
2026-09-23,mls:PTP2606984,1490 Cameron Ln,Merced,95340,225000,2,1,1008,85813,1920,Single Family Residential,Active,2026-09-15,37.306095,-120.4550565,https://www.redfin.com/CA/Merced/1490-Cameron-Ln-95340/home/19689404,redfin
2026-09-23,mls:MC26182786,1495 Davenport,Merced,95340,565000,5,2.5,2447,10670,2004,Single Family Residential,Active,2026-09-01,37.3391653,-120.4514234,https://www.redfin.com/CA/Merced/1495-Davenport-Dr-95340/home/19662192,redfin
2026-09-23,mls:MC26021538,15 E 22nd,Merced,95340,389999,3,2,1275,7500,1928,Single Family Residential,Active,2026-01-29,37.3036766,-120.4723446,https://www.redfin.com/CA/Merced/15-E-22nd-St-95340/home/19688184,redfin
2026-09-23,mls:MC26020247,1515 E Mission,Merced,95341,25000000,,,,100188,,Vacant Land,Active,2026-01-28,37.2736919,-120.4556914,https://www.redfin.com/CA/Merced/1515-E-Mission-Ave-95341/home/28953789,redfin
2026-09-23,mls:MC26053870,1525 La Sierra St,Merced,95348,380000,3,2,1482,4564,2007,Single Family Residential,Active,2026-03-11,37.3361477,-120.5021372,https://www.redfin.com/CA/Merced/1525-La-Sierra-St-95348/home/19650533,redfin
2026-09-23,mls:226109516,1528 W 9th St,Merced,95341,299999,3,1,1022,7501,1953,Single Family Residential,Active,2026-08-30,37.2987079,-120.5039731,https://www.redfin.com/CA/Merced/1528-W-9th-St-95341/home/19690419,redfin
2026-09-23,mls:MC26179416,1560 W 23rd,Merced,95340,429000,3,2,1184,8643,1953,Single Family Residential,Active,2026-08-17,37.3132768,-120.4966458,https://www.redfin.com/CA/Merced/1560-W-23rd-St-95340/home/19692739,redfin
2026-09-23,mls:MC26093833,1567-- 1573 Ellen Ct,Merced,95341,630000,32,16,3360,8077,1980,Multi-Family (2-4 Unit),Active,2026-05-19,37.2905282,-120.4537923,https://www.redfin.com/CA/Merced/1567-Ellen-Ct-95341/home/19686231,redfin
2026-09-23,mls:5682D2EA5AD7,157 Sugar Creek Ln,Merced,95341,404990,3,2,1230,,2026,Single Family Residential,Active,2026-07-02,37.285605,-120.431451,https://www.redfin.com/CA/Merced/157-Sugar-Creek-Ln-95341/home/196422617,redfin
2026-09-23,mls:MC26147358,157 Sugar Creek Ln Unit 156 S2,Merced,95341,414490,3,2,1230,5000,2026,Single Family Residential,Active,2026-07-07,37.285605,-120.431451,https://www.redfin.com/CA/Merced/157-Sugar-Creek-Ln-95341/unit-156-S2/home/202672141,redfin
2026-09-23,mls:226115574,1645 Rose Ave,Merced,95341,310000,3,1.5,986,5998,1951,Single Family Residential,Active,2026-09-15,37.2926887,-120.4609236,https://www.redfin.com/CA/Merced/1645-Rose-Ave-95341/home/19687580,redfin
2026-09-23,mls:225113378,1650 Bette St,Merced,95341,399000,3,1,1182,6800,1955,Multi-Family (2-4 Unit),Active,2025-09-25,37.2927086,-120.4563639,https://www.redfin.com/CA/Merced/1650-Bette-St-95341/home/19687274,redfin
2026-09-23,mls:653237,1657 Cypress Way,Merced,95341,425000,4,3,2546,2543,,Multi-Family (2-4 Unit),Active,2026-08-05,37.2938798,-120.4643555,https://www.redfin.com/CA/Merced/1657-Cypress-Way-95341/home/19687242,redfin
2026-09-23,mls:MC26098101,1670 W North Bear Crk,Merced,95348,230000,2,1.5,972,508,1984,Condo/Co-op,Active,2026-05-06,37.3095386,-120.5036708,https://www.redfin.com/CA/Merced/1670-W-North-Bear-Creek-Dr-95348/home/19682008,redfin
2026-09-23,mls:B5633E295B15,168 Sugar Creek Ln,Merced,95341,517490,5,3.5,2554,,2026,Single Family Residential,Active,2026-08-14,37.285468,-120.430896,https://www.redfin.com/CA/Merced/168-Sugar-Creek-Ln-95341/home/196422607,redfin
2026-09-23,mls:MC26177022,1720 E 26th,Merced,95340,260000,3,2,1617,8712,1956,Single Family Residential,Active,2026-09-14,37.3014793,-120.4515503,https://www.redfin.com/CA/Merced/1720-E-26th-St-95340/home/19690030,redfin
2026-09-23,mls:466936FB0DD2,173 Sugar Creek Ln,Merced,95341,402990,3,2,1230,,2026,Single Family Residential,Active,2026-08-02,37.28533,-120.431451,https://www.redfin.com/CA/Merced/173-Sugar-Creek-Ln-95341/home/196422615,redfin
2026-09-23,mls:MC26169793,173 Sugar Creek Ln Unit 154 S2,Merced,95341,411490,3,2,1230,5237,2026,Single Family Residential,Active,2026-08-04,37.28533,-120.431451,https://www.redfin.com/CA/Merced/173-Sugar-Creek-Ln-95341/unit-154-S2/home/204345595,redfin
2026-09-23,mls:MC26125253,1744 Wildwood Ct,Merced,95340,479000,4,2,1920,6200,1977,Single Family Residential,Active,2026-06-09,37.31414,-120.4499462,https://www.redfin.com/CA/Merced/1744-Wildwood-Ct-95340/home/19701174,redfin
2026-09-23,mls:MC26026210,1754 Merced,Merced,95341,229900,2,2,1004,1011,1988,Condo/Co-op,Active,2026-02-04,37.2910389,-120.4557599,https://www.redfin.com/CA/Merced/1754-Merced-Ave-95341/home/19686738,redfin
2026-09-23,mls:MC26167368,178 La Purisima Ct,Merced,95341,365000,4,2,1511,5094,2003,Single Family Residential,Active,2026-07-31,37.2780743,-120.4849678,https://www.redfin.com/CA/Merced/178-La-Purisima-Ct-95341/home/19661588,redfin
2026-09-23,mls:MC26179624,1780 W 8th,Merced,95341,415000,4,2,1099,9384,1960,Single Family Residential,Active,2026-08-17,37.2979996,-120.5065563,https://www.redfin.com/CA/Merced/1780-W-8th-St-95341/home/19681858,redfin
2026-09-23,mls:226069650,179 Sullivan Dr,Merced,95348,395000,4,2.5,1737,2452,2021,Single Family Residential,Active,2026-06-02,37.345954,-120.4708116,https://www.redfin.com/CA/Merced/179-Sullivan-Dr-95348/home/28949071,redfin
2026-09-23,mls:MC26085666,1800 E South Bear Creek Dr,Merced,95340,1850000,,,,165528,,Vacant Land,Active,2026-04-20,37.3084271,-120.4505241,https://www.redfin.com/CA/Merced/1800-E-South-Bear-Creek-Dr-95340/home/201469166,redfin
2026-09-23,mls:B34D6784F381,184 Sugar Creek Ln,Merced,95341,411490,3,2,1230,,2026,Single Family Residential,Active,2026-09-17,37.285194,-120.430896,https://www.redfin.com/CA/Merced/184-Sugar-Creek-Ln-95341/home/196422610,redfin
2026-09-23,mls:226095261,1843 Brookside Dr,Merced,95348,439999,3,2,1300,5998,1993,Single Family Residential,Active,2026-07-29,37.3107607,-120.5000968,https://www.redfin.com/CA/Merced/1843-Brookside-Dr-95348/home/19681785,redfin
2026-09-23,mls:226086370,1848 Ashby Rd #46,Merced,95348,35000,1,1,550,,1963,Mobile/Manufactured Home,Active,2026-07-09,37.3160299,-120.5246712,https://www.redfin.com/CA/Merced/1848-Ashby-Rd-95348/unit-46/home/202691800,redfin
2026-09-23,mls:226116786,1903 Belcher Ave,Merced,95348,335000,4,2,1344,10006,1942,Single Family Residential,Active,2026-09-18,37.3388978,-120.5165499,https://www.redfin.com/CA/Merced/1903-Belcher-Ave-95348/home/19684069,redfin
2026-09-23,mls:MC26185027,1921 Fultz Ct,Merced,95341,368000,3,2,1623,6870,1994,Single Family Residential,Active,2026-08-24,37.3036484,-120.5108838,https://www.redfin.com/CA/Merced/1921-Fultz-Ct-95341/home/19680273,redfin
2026-09-23,mls:226108604,1927 I St,Merced,95340,229900,2,1,1067,4251,1920,Single Family Residential,Active,2026-08-28,37.3024475,-120.4775801,https://www.redfin.com/CA/Merced/1927-I-St-95340/home/19691592,redfin
2026-09-23,mls:4B0A11C7BE34,193 Squaw Valley Dr,Merced,95341,440840,4,2,1509,,2026,Single Family Residential,Active,2026-09-17,37.285045,-120.430547,https://www.redfin.com/CA/Merced/193-Squaw-Valley-Dr-95341/home/196422599,redfin
2026-09-23,mls:MC26158152,1949 Sierra Ct,Merced,95340,475000,4,2,1981,6966,1972,Single Family Residential,Active,2026-07-23,37.3152907,-120.4483733,https://www.redfin.com/CA/Merced/1949-Sierra-Ct-95340/home/19701573,redfin
2026-09-23,mls:22A3827BD3CD,196 Sugar Creek Ln,Merced,95341,518490,5,3.5,2554,,2026,Single Family Residential,Active,2026-09-17,37.285044,-120.430892,https://www.redfin.com/CA/Merced/196-Sugar-Creek-Ln-95341/home/196422611,redfin
2026-09-23,mls:MC26182916,1961 Heather Ct,Merced,95340,450000,4,2.5,2142,11499,1968,Single Family Residential,Active,2026-09-09,37.3217927,-120.4478115,https://www.redfin.com/CA/Merced/1961-Heather-Ct-95340/home/19701510,redfin
2026-09-23,mls:MC26201033,1962-1976 Edwards,Merced,95340,1099000,16,8,6800,16203,1979,Multi-Family (5+ Unit),Active,2026-09-14,37.2960443,-120.4497828,https://www.redfin.com/CA/Merced/1976-Edwards-Ave-95340/home/194349022,redfin
2026-09-23,mls:45DECE2E6E03,198 Squaw Valley Dr,Merced,95341,524390,5,3.5,2554,,2026,Single Family Residential,Active,2026-09-17,37.285044,-120.429985,https://www.redfin.com/CA/Merced/198-Squaw-Valley-Dr-95341/home/196422598,redfin
2026-09-23,mls:MC26104173,2020 Ashby #37,Merced,95348,45000,2,1,784,,1990,Mobile/Manufactured Home,Active,2026-05-26,37.319875,-120.531759,https://www.redfin.com/CA/Merced/2020-Ashby-Rd-95348/unit-37/home/19655033,redfin
2026-09-23,mls:MC26111129,2021 W,Merced,95340,975000,2,2,2609,15762,1952,Single Family Residential,Active,2026-05-21,37.3109651,-120.4982227,https://www.redfin.com/CA/Merced/2021-W-St-95340/home/19691996,redfin
2026-09-23,mls:MC26033812,203 W 20th,Merced,95340,549000,3,3,3551,15000,1950,Single Family Residential,Active,2026-04-23,37.303043,-120.4771877,https://www.redfin.com/CA/Merced/203-W-20th-St-95340/home/21856884,redfin
2026-09-23,mls:226109168,2030 Calimyrna Ave,Merced,95340,299900,3,1,1502,5942,1923,Single Family Residential,Active,2026-09-02,37.2994439,-120.4668591,https://www.redfin.com/CA/Merced/2030-Calimyrna-Ave-95340/home/19688270,redfin
2026-09-23,mls:MC26174063,2033 Highland,Merced,95340,259000,2,1,898,5508,1940,Single Family Residential,Active,2026-08-10,37.2964825,-120.4592823,https://www.redfin.com/CA/Merced/2033-Highland-Dr-95340/home/19687669,redfin
2026-09-23,mls:MC26138430,2035 Highland,Merced,95340,287750,2,1,900,5508,1940,Single Family Residential,Active,2026-06-24,37.2966447,-120.4591808,https://www.redfin.com/CA/Merced/2035-Highland-Dr-95340/home/19687670,redfin
2026-09-23,mls:MC25255358,2051 Wardrobe,Merced,95341,1200000,,,,217800,,Vacant Land,Active,2025-11-06,37.2965338,-120.5135744,https://www.redfin.com/CA/Merced/2051-Wardrobe-Ave-95341/home/198908746,redfin
2026-09-23,mls:MC25183712,2052 W Solis St,Merced,95348,425000,4,2,1757,6096,2006,Single Family Residential,Active,2025-08-14,37.3226855,-120.5238217,https://www.redfin.com/CA/Merced/2052-W-Solis-St-95348/home/19652571,redfin
2026-09-23,mls:226116217,207 Yorktown,Merced,95341,335000,3,2,1086,7566,1996,Single Family Residential,Active,2026-09-16,37.284626,-120.4469835,https://www.redfin.com/CA/Merced/207-Yorktown-Sq-95341/home/19679090,redfin
2026-09-23,mls:MC26187494,2085 Cabot Ave,Merced,95348,400000,3,2,1520,7469,1960,Single Family Residential,Active,2026-08-27,37.3174702,-120.5243999,https://www.redfin.com/CA/Merced/2085-Cabot-Ave-95348/home/19684261,redfin
2026-09-23,mls:MC26192421,209 E 18th,Merced,95340,300000,2,1,950,6000,1940,Single Family Residential,Active,2026-09-02,37.298438,-120.4712615,https://www.redfin.com/CA/Merced/209-E-18th-St-95340/home/19687645,redfin
2026-09-23,mls:MC25022775,2094 W Pincay St,Merced,95348,399000,4,2,1527,5000,2017,Single Family Residential,Active,2025-05-25,37.3219899,-120.5245414,https://www.redfin.com/CA/Merced/2094-W-Pincay-St-95348/home/28948293,redfin
2026-09-23,mls:MC26205621,2129 Balboa,Merced,95348,365000,3,2,1176,7799,1973,Single Family Residential,Active,2026-09-20,37.3193005,-120.5251999,https://www.redfin.com/CA/Merced/2129-Balboa-Ave-95348/home/19683694,redfin
2026-09-23,mls:MC26191646,2142 Coronado,Merced,95348,349900,3,2,1200,9180,1975,Single Family Residential,Active,2026-09-01,37.3206102,-120.5253783,https://www.redfin.com/CA/Merced/2142-Coronado-Ave-95348/home/19683760,redfin
2026-09-23,mls:MC26009630,2148 Keely,Merced,95340,179900,3,1,1120,9975,1944,Single Family Residential,Active,2026-02-09,37.2959326,-120.4539261,https://www.redfin.com/CA/Merced/2148-Keely-Ave-95340/home/19688454,redfin
2026-09-23,mls:226093612,2151 Martin Luther King Jr Way,Merced,95340,499900,4,3,2004,7501,1968,Multi-Family (2-4 Unit),Active,2026-07-23,37.3051118,-120.4778688,https://www.redfin.com/CA/Merced/2151-Martin-Luther-King-Jr-Way-95340/home/19691728,redfin
2026-09-23,mls:MC26195940,2201 F,Merced,95340,325000,3,1.5,1053,5212,1938,Single Family Residential,Active,2026-09-19,37.3033178,-120.4713791,https://www.redfin.com/CA/Merced/2201-F-St-95340/home/19688666,redfin
2026-09-23,mls:MC26125038,2201 Leeward Ct,Merced,95340,279000,,,,43560,,Vacant Land,Active,2026-06-12,37.3622349,-120.4462804,https://www.redfin.com/CA/Merced/2201-Leeward-Ct-95340/home/168647664,redfin
2026-09-23,mls:MC26196327,2205 O,Merced,95340,475000,4,2,1470,7500,1961,Multi-Family (2-4 Unit),Active,2026-09-16,37.3083803,-120.4851105,https://www.redfin.com/CA/Merced/2205-O-St-95340/home/19691167,redfin
2026-09-23,mls:CC0C964D4B95,222 Nadine St,Merced,95341,458360,3,2.5,1777,,2026,Single Family Residential,Active,2026-09-17,37.291803,-120.426595,https://www.redfin.com/CA/Merced/222-Nadine-St-95341/home/196422449,redfin
2026-09-23,mls:403B01679356,223 Nadine St,Merced,95341,482360,4,2.5,1924,,2026,Single Family Residential,Active,2026-09-17,37.291811,-120.427129,https://www.redfin.com/CA/Merced/223-Nadine-St-95341/home/196422452,redfin
2026-09-23,mls:MC25117734,2230 Vassar Ave,Merced,95341,1484250,,,,862052,,Vacant Land,Active,2025-06-13,37.2658466,-120.4474761,https://www.redfin.com/CA/Merced/2230-Vassar-Ave-95341/home/196078103,redfin
2026-09-23,mls:MC26187159,2235 Dunn,Merced,95340,750000,4,3.5,3140,69696,1977,Single Family Residential,Active,2026-08-31,37.3391724,-120.4435818,https://www.redfin.com/CA/Merced/2235-Dunn-Rd-95340/home/19657222,redfin
2026-09-23,mls:MC26071153,2240 Golden Oak #119,Merced,95341,89500,2,2,1150,,1976,Mobile/Manufactured Home,Active,2026-04-02,37.292158,-120.446125,https://www.redfin.com/CA/Merced/2240-Golden-Oak-Ln-95341/unit-119/home/19655756,redfin
2026-09-23,mls:MC26170275,2240 Golden Oak #3,Merced,95341,99900,2,2,1750,,1976,Mobile/Manufactured Home,Active,2026-08-04,37.29489,-120.446153,https://www.redfin.com/CA/Merced/2240-Golden-Oak-Ln-95341/unit-3/home/19654936,redfin
2026-09-23,mls:MC26173824,2240 Golden Oak #78,Merced,95341,49999,2,2,1040,,1990,Mobile/Manufactured Home,Active,2026-08-11,37.292974,-120.445599,https://www.redfin.com/CA/Merced/2240-Golden-Oak-Ln-95341/unit-78/home/19655047,redfin
2026-09-23,mls:MC26109234,2240 Golden Oak #88,Merced,95341,54900,2,2,1322,,1976,Mobile/Manufactured Home,Active,2026-05-19,37.294494,-120.445842,https://www.redfin.com/CA/Merced/2240-Golden-Oak-Ln-95341/unit-88/home/19654807,redfin
2026-09-23,mls:226086303,2240 Golden Oak Ln #103,Merced,95341,39000,2,2,1200,,1988,Mobile/Manufactured Home,Active,2026-07-08,37.291986,-120.445836,https://www.redfin.com/CA/Merced/2240-Golden-Oak-Ln-95341/unit-103/home/19655095,redfin
2026-09-23,mls:MC26123784,2240 Golden Oak Ln #11,Merced,95341,84500,2,2,,,1975,Mobile/Manufactured Home,Active,2026-06-06,37.29463,-120.444902,https://www.redfin.com/CA/Merced/2240-Golden-Oak-Ln-95341/unit-11/home/19654395,redfin
2026-09-23,mls:MC25186079,2240 Golden Oak Ln #117,Merced,95341,124900,3,2,,,2023,Mobile/Manufactured Home,Active,2025-08-18,37.2931187,-120.4458279,https://www.redfin.com/CA/Merced/2240-Golden-Oak-Ln-95341/unit-117/home/19654948,redfin
2026-09-23,mls:226111087,2240 Golden Oak Ln #131,Merced,95340,32900,2,2,856,,1977,Mobile/Manufactured Home,Active,2026-09-03,37.292229,-120.44648,https://www.redfin.com/CA/Merced/2240-Golden-Oak-Ln-95341/unit-131/home/19653889,redfin
2026-09-23,mls:226091001,2240 Golden Oak Ln #134,Merced,95341,89900,2,2,1440,,1973,Mobile/Manufactured Home,Active,2026-07-17,37.3015976,-120.4808915,https://www.redfin.com/CA/Merced/2240-Golden-Oak-Ln-95341/unit-134/home/196130863,redfin
2026-09-23,mls:MC26142503,2240 Golden Oak Ln #28,Merced,95341,69000,2,1,,,1976,Mobile/Manufactured Home,Active,2026-06-30,37.292482,-120.444925,https://www.redfin.com/CA/Merced/2240-Golden-Oak-Ln-95341/unit-28/home/19654671,redfin
2026-09-23,mls:MC26050607,2240 Golden Oak Ln #47,Merced,95341,99999,2,2,,,1976,Mobile/Manufactured Home,Active,2026-03-07,37.294003,-120.445243,https://www.redfin.com/CA/Merced/2240-Golden-Oak-Ln-95341/unit-47/home/19655135,redfin
2026-09-23,mls:226056493,2240 Golden Oak Ln #73,Merced,95341,48000,1,1,672,,1969,Mobile/Manufactured Home,Active,2026-05-07,37.293636,-120.44562,https://www.redfin.com/CA/Merced/2240-Golden-Oak-Ln-95341/unit-73/home/19655777,redfin
2026-09-23,mls:226093239,2240 Golden Oak Ln #94,Merced,95341,80000,2,2,1248,1248,1978,Mobile/Manufactured Home,Active,2026-07-27,37.293678,-120.445909,https://www.redfin.com/CA/Merced/2240-Golden-Oak-Ln-95341/unit-94/home/19654824,redfin
2026-09-23,mls:226012270,2240 Golden Oak Ln #98,Merced,95341,75000,2,1.5,720,,1977,Mobile/Manufactured Home,Active,2026-02-03,37.292737,-120.445858,https://www.redfin.com/CA/Merced/2240-Golden-Oak-Ln-95341/unit-98/home/19655775,redfin
2026-09-23,mls:MC25134955,2246 E Mission Ave,Merced,95341,2812500,3,2,,980100,,Vacant Land,Active,2025-06-17,37.2728692,-120.447396,https://www.redfin.com/CA/Merced/2246-E-Mission-Ave-95341/home/148012696,redfin
2026-09-23,mls:MC25117715,2260 Vassar Ave,Merced,95341,1484250,,,,862052,,Vacant Land,Active,2025-06-13,37.2661175,-120.4465739,https://www.redfin.com/CA/Merced/2260-Vassar-Ave-95341/home/196077950,redfin
2026-09-23,mls:226036725,230 W 25th St,Merced,95340,310000,2,1,1151,7501,1940,Single Family Residential,Active,2026-03-26,37.307796,-120.4750627,https://www.redfin.com/CA/Merced/230-W-25th-St-95340/home/19692754,redfin
2026-09-23,mls:FE2960DBDF13,231 Nadine St,Merced,95341,433360,3,2,1567,,2026,Single Family Residential,Active,2026-09-17,37.291933,-120.427126,https://www.redfin.com/CA/Merced/231-Nadine-St-95341/home/196422453,redfin
2026-09-23,mls:MC26201787,2318 Beachwood,Merced,95348,170000,,,,10131,,Vacant Land,Active,2026-09-15,37.3218577,-120.5277841,https://www.redfin.com/CA/Merced/2318-Beachwood-Dr-95348/home/19683786,redfin
2026-09-23,mls:226115232,2324 Q St,Merced,95340,379600,2,2,960,5001,1945,Multi-Family (2-4 Unit),Active,2026-09-14,37.3105252,-120.486923,https://www.redfin.com/CA/Merced/2324-Q-St-95340/home/19692696,redfin
2026-09-23,mls:MC26058771,2330 Meadowbrook,Merced,95348,299900,3,1,796,10131,1955,Single Family Residential,Active,2026-03-18,37.3219624,-120.5265673,https://www.redfin.com/CA/Merced/2330-Meadowbrook-Ave-95348/home/19683370,redfin
2026-09-23,mls:8B5C5ABDB3A3,234 Nadine St,Merced,95341,483360,4,2.5,1924,,2026,Single Family Residential,Active,2026-09-17,37.291933,-120.426587,https://www.redfin.com/CA/Merced/234-Nadine-St-95341/home/196422448,redfin
2026-09-23,mls:MC26090199,236 Montage Dr,Merced,95348,439000,5,4,1890,2100,2025,Single Family Residential,Active,2026-06-09,37.3613588,-120.4704396,https://www.redfin.com/CA/Merced/236-Montage-Dr-95348/home/28952194,redfin
2026-09-23,mls:MC26198886,2382 Explorador,Merced,95340,449900,4,3,2111,5198,2020,Single Family Residential,Active,2026-09-10,37.3314996,-120.4391447,https://www.redfin.com/CA/Merced/2382-Explorador-Dr-95340/home/28949993,redfin
2026-09-23,mls:MC26136816,2400 K,Merced,95340,1900000,34,14,10800,43560,1950,Multi-Family (5+ Unit),Active,2026-06-23,37.3079833,-120.4774917,https://www.redfin.com/CA/Merced/2400-K-St-95340/home/19692168,redfin
2026-09-23,mls:MC26130264,242 Torino Ct,Merced,95341,379000,4,2,1617,5369,2006,Single Family Residential,Active,2026-06-30,37.2846754,-120.4436122,https://www.redfin.com/CA/Merced/242-Torino-Ct-95341/home/19658046,redfin
2026-09-23,mls:652381,2429 Explorador,Merced,95348,526900,6,3,2621,9082,2022,Single Family Residential,Active,2026-07-21,37.3311588,-120.4362697,https://www.redfin.com/CA/Merced/2429-Explorador-Dr-95340/home/172354337,redfin
2026-09-23,mls:MC26165208,2446 Valverde,Merced,95340,489000,4,2,2265,7797,2020,Single Family Residential,Active,2026-08-18,37.3275318,-120.4351416,https://www.redfin.com/CA/Merced/2446-Valverde-Dr-95340/home/172354531,redfin
2026-09-23,mls:994DC9242AC9,246 Nadine St,Merced,95341,430360,3,2,1567,,2026,Single Family Residential,Active,2026-08-08,37.292059,-120.426601,https://www.redfin.com/CA/Merced/246-Nadine-St-95341/home/196422447,redfin
2026-09-23,mls:MC26168944,2462 Valverde Dr,Merced,95340,490000,4,2,2265,7797,2021,Single Family Residential,Active,2026-08-04,37.3275309,-120.4341928,https://www.redfin.com/CA/Merced/2462-Valverde-Dr-95340/home/172354535,redfin
2026-09-23,mls:1A7A12C09B01,247 Nadine St,Merced,95341,490360,4,2.5,1924,,2026,Single Family Residential,Active,2026-09-17,37.292055,-120.42714,https://www.redfin.com/CA/Merced/247-Nadine-St-95341/home/196422454,redfin
2026-09-23,mls:41142267,2481 Pineda Dr,Merced,95340,525888,6,3,2621,5255,2021,Single Family Residential,Active,2026-07-21,37.3289769,-120.4337045,https://www.redfin.com/CA/Merced/2481-Pineda-Dr-95340/home/172354416,redfin
2026-09-23,mls:DW26079389,2482 Valdes Dr,Merced,95340,489000,5,2.5,2282,6216,2021,Single Family Residential,Active,2026-04-17,37.3282178,-120.4337124,https://www.redfin.com/CA/Merced/2482-Valdes-Dr-95340/home/172354499,redfin
2026-09-23,mls:MC26150631,2499 E Gerard #153,Merced,95341,109000,4,2,1584,,1974,Mobile/Manufactured Home,Active,2026-07-10,37.283791,-120.44268,https://www.redfin.com/CA/Merced/2499-E-Gerard-Ave-95341/unit-153/home/19653440,redfin
2026-09-23,mls:MC25223780,2500 N Highway 59 #270,Merced,95348,65000,2,2,828,2774,1993,Mobile/Manufactured Home,Active,2025-09-23,37.31288,-120.50228,https://www.redfin.com/CA/Merced/2500-N-State-Highway-59-95348/unit-270/home/19655158,redfin
2026-09-23,mls:MC26177592,2500 N STATE HIGHWAY 59,Merced,95348,23000,2,1,720,1400,1972,Mobile/Manufactured Home,Active,2026-08-13,37.311751,-120.503155,https://www.redfin.com/CA/Merced/2500-N-State-Highway-59-95348/home/19653725,redfin
2026-09-23,mls:226100905,2500 N State Highway 59 #239,Merced,95348,59000,3,2,1440,,1973,Mobile/Manufactured Home,Active,2026-08-10,37.312075,-120.503703,https://www.redfin.com/CA/Merced/2500-N-State-Highway-59-95348/unit-239/home/19655259,redfin
2026-09-23,mls:MC26203025,2501 3rd Ave,Merced,95340,320000,3,2,1759,9000,1949,Single Family Residential,Active,2026-09-22,37.3060473,-120.469433,https://www.redfin.com/CA/Merced/2501-3rd-Ave-95340/home/19690084,redfin
2026-09-23,mls:226084553,2511 Franklin Rd,Merced,95348,2730000,2,1,,1698840,,Vacant Land,Active,2026-07-06,37.3246509,-120.5412329,https://www.redfin.com/CA/Merced/2511-Franklin-Rd-95348/home/196420034,redfin
2026-09-23,mls:MC26198267,252 S Gurr,Merced,95341,848000,,,,1286327,,Vacant Land,Active,2026-09-13,37.283567,-120.5598286,https://www.redfin.com/CA/Merced/252-S-Gurr-Rd-95341/home/168650428,redfin
2026-09-23,mls:MC25009072,2520 Mckee Rd,Merced,95340,410000,2,1,1257,17264,1946,Single Family Residential,Active,2025-01-14,37.3029949,-120.4445901,https://www.redfin.com/CA/Merced/2520-McKee-Rd-95340/home/19679429,redfin
2026-09-23,mls:MC26197299,2521 K,Merced,95340,125000,,,,7500,,Vacant Land,Active,2026-09-15,37.3093214,-120.477197,https://www.redfin.com/CA/Merced/2521-K-St-95340/home/19692139,redfin
2026-09-23,mls:MC26143143,2524 B And B,Merced,95348,649999,3,2.5,2321,39969,1988,Single Family Residential,Active,2026-07-01,37.3247897,-120.5374749,https://www.redfin.com/CA/Merced/2524-B-and-B-Blvd-95348/home/19683310,redfin
2026-09-23,mls:25AF009521C3,253 Nadine St,Merced,95341,459360,3,2.5,1777,,2026,Single Family Residential,Active,2026-09-17,37.292204,-120.427132,https://www.redfin.com/CA/Merced/253-Nadine-St-95341/home/196422455,redfin
2026-09-23,mls:MC26165503,255 Travis Ct,Merced,95341,442990,3,2.5,1777,4736,2026,Single Family Residential,Active,2026-07-29,37.292198,-120.428042,https://www.redfin.com/CA/Merced/255-Travis-Ct-95341/home/192932898,redfin
2026-09-23,mls:MC26202480,2574 Beachwood,Merced,95348,325000,3,1,1036,9690,1961,Single Family Residential,Active,2026-09-16,37.3254655,-120.5278073,https://www.redfin.com/CA/Merced/2574-Beachwood-Dr-95348/home/19683381,redfin
2026-09-23,mls:MC25044845,2577 Lobo Ave,Merced,95348,2400000,,,,1067220,,Vacant Land,Active,2025-03-01,37.3243265,-120.5329261,https://www.redfin.com/CA/Merced/2577-Lobo-Ave-95348/home/21155511,redfin
2026-09-23,mls:09F1B76C48AE,258 Nadine St,Merced,95341,489360,4,2.5,1924,,2026,Single Family Residential,Active,2026-09-17,37.29217,-120.42659,https://www.redfin.com/CA/Merced/258-Nadine-St-95341/home/196422446,redfin
2026-09-23,mls:FR26142565,2581 E Gerard,Merced,95341,359900,3,2,1065,8400,1957,Single Family Residential,Active,2026-08-14,37.280311,-120.441154,https://www.redfin.com/CA/Merced/2581-E-Gerard-Ave-95341/home/19679316,redfin
2026-09-23,mls:C80A812199D4,261 Nadine St,Merced,95341,430360,3,2,1290,,2026,Single Family Residential,Active,2026-09-17,37.292315,-120.427134,https://www.redfin.com/CA/Merced/261-Nadine-St-95341/home/196422456,redfin
2026-09-23,mls:MC26168613,2617 Agnes,Merced,95340,389000,3,2,1561,6124,1962,Single Family Residential,Active,2026-08-03,37.3040711,-120.4605559,https://www.redfin.com/CA/Merced/2617-Agnes-Way-95340/home/19689760,redfin
2026-09-23,mls:MC26206090,2618 Hoover Ct,Merced,95340,374500,3,2,1220,6098,1961,Single Family Residential,Active,2026-09-21,37.3046028,-120.4616319,https://www.redfin.com/CA/Merced/2618-Hoover-Ct-95340/home/19689196,redfin
2026-09-23,mls:562A9715BEFE,262 Nadine St,Merced,95341,521260,4,2.5,1924,,2026,Single Family Residential,Active,2026-06-23,37.292304,-120.426592,https://www.redfin.com/CA/Merced/262-Nadine-St-95341/home/196422445,redfin
2026-09-23,mls:MC26194628,2651 1st,Merced,95340,150000,,,,12104,,Vacant Land,Active,2026-09-09,37.3080934,-120.4698823,https://www.redfin.com/CA/Merced/2651-1st-Ave-95340/home/19689677,redfin
2026-09-23,mls:MC26096382,2653 E North Bear Crk,Merced,95340,925000,5,4,3658,27634,1969,Single Family Residential,Active,2026-05-26,37.309902,-120.4383286,https://www.redfin.com/CA/Merced/2653-E-North-Bear-Creek-Dr-95340/home/19701225,redfin
2026-09-23,mls:MC26189302,2672 9th Ave,Merced,95340,309900,3,1,1168,6600,1960,Single Family Residential,Active,2026-09-16,37.305767,-120.4629463,https://www.redfin.com/CA/Merced/2672-9th-Ave-95340/home/19689558,redfin
2026-09-23,mls:225144310,2679 Lobo Ave,Merced,95348,1200000,3,2,2319,779724,1928,Single Family Residential,Active,2025-12-02,37.3236077,-120.5352663,https://www.redfin.com/CA/Merced/2679-Lobo-Ave-95348/home/196422248,redfin
2026-09-23,mls:MC26196564,268 E 10th,Merced,95341,345000,4,3,1636,5012,1989,Single Family Residential,Active,2026-09-08,37.2901023,-120.476157,https://www.redfin.com/CA/Merced/268-E-10th-St-95341/home/19687247,redfin
2026-09-23,mls:MC26126325,2698 E South Bear Crk,Merced,95340,1049000,4,3.5,3340,52272,1985,Single Family Residential,Active,2026-06-10,37.3085571,-120.4379379,https://www.redfin.com/CA/Merced/2698-E-South-Bear-Creek-Dr-95340/home/19679981,redfin
2026-09-23,mls:MC26165744,272 Travis Ct,Merced,95341,400990,3,2,1290,4723,2026,Single Family Residential,Active,2026-07-29,37.292435,-120.427468,https://www.redfin.com/CA/Merced/272-Travis-Ct-95341/home/192932887,redfin
2026-09-23,mls:MC26163311,2729 Pioneer,Merced,95341,725000,3,2,1412,653400,1975,Single Family Residential,Active,2026-08-03,37.24845,-120.398781,https://www.redfin.com/CA/Merced/2729-Pioneer-95340/home/103654057,redfin
2026-09-23,mls:D019C2C7B656,274 Nadine St,Merced,95341,437260,3,2,1290,,2026,Single Family Residential,Active,2026-06-23,37.29243,-120.426576,https://www.redfin.com/CA/Merced/274-Nadine-St-95341/home/196422444,redfin
2026-09-23,mls:226116770,2747 Saratoga Ave,Merced,95340,365000,3,2,1412,7013,1977,Single Family Residential,Active,2026-09-16,37.3049953,-120.44807,https://www.redfin.com/CA/Merced/2747-Saratoga-Ave-95340/home/19689152,redfin
2026-09-23,mls:5CF4E55D687A,277 Nadine St,Merced,95341,524260,4,2.5,1924,,2026,Single Family Residential,Active,2026-06-23,37.292439,-120.427113,https://www.redfin.com/CA/Merced/277-Nadine-St-95341/home/196422457,redfin
2026-09-23,mls:226061481,2779 Story Ave,Merced,95340,449999,4,3,2039,8934,1985,Single Family Residential,Active,2026-05-14,37.3053253,-120.4490194,https://www.redfin.com/CA/Merced/2779-Story-Ave-95340/home/19688945,redfin
2026-09-23,mls:MC26190802,2782 STORY Ave,Merced,95340,389000,3,2,1486,7318,1983,Single Family Residential,Active,2026-09-01,37.3053286,-120.4484633,https://www.redfin.com/CA/Merced/2782-Story-Ave-95340/home/19688940,redfin
2026-09-23,mls:596EB08EDC46,283 Nadine St,Merced,95341,440360,3,2,1290,,2026,Single Family Residential,Active,2026-06-23,37.29255,-120.427132,https://www.redfin.com/CA/Merced/283-Nadine-St-95341/home/196422459,redfin
2026-09-23,mls:MC26156305,2830 Dunn Rd,Merced,95340,895000,4,2,2031,43560,1973,Single Family Residential,Active,2026-08-05,37.3398907,-120.4355855,https://www.redfin.com/CA/Merced/2830-Dunn-Rd-95340/home/19680822,redfin
2026-09-23,mls:41144069,284 Zion Canyon Ct,Merced,95341,410000,4,2,1515,5000,2022,Single Family Residential,Active,2026-08-14,37.2757847,-120.4783038,https://www.redfin.com/CA/Merced/284-Zion-Canyon-Ct-95341/home/176248635,redfin
2026-09-23,mls:839C3B3E99AE,286 Nadine St,Merced,95341,488360,4,2.5,1924,,2026,Single Family Residential,Active,2026-09-17,37.292548,-120.426598,https://www.redfin.com/CA/Merced/286-Nadine-St-95341/home/196422443,redfin
2026-09-23,mls:MC26154089,2868 Beachwood,Merced,95348,317500,3,1,970,9683,1953,Single Family Residential,Active,2026-07-16,37.3297323,-120.5277546,https://www.redfin.com/CA/Merced/2868-Beachwood-Dr-95348/home/19683986,redfin
2026-09-23,mls:ML82059998,2874 El Camino Real,Merced,95340,599998,4,2,1803,10458,1972,Single Family Residential,Active,2026-09-22,37.3110099,-120.4538109,https://www.redfin.com/CA/Merced/2874-El-Camino-Real-95340/home/19702377,redfin
2026-09-23,mls:MC26168066,288 Travis Ct,Merced,95341,465990,4,2.5,1924,4723,2026,Single Family Residential,Active,2026-08-01,37.292559,-120.427487,https://www.redfin.com/CA/Merced/288-Travis-Ct-95341/home/192932886,redfin
2026-09-23,mls:B55EDD923106,289 Travis Ct,Merced,95341,399990,3,2,1290,,2026,Single Family Residential,Active,2026-04-05,37.292563,-120.428037,https://www.redfin.com/CA/Merced/289-Travis-Ct-95341/home/192932901,redfin
2026-09-23,mls:MC26148713,2894 Elm,Merced,95348,320000,3,1,1328,9524,1960,Single Family Residential,Active,2026-07-16,37.3299751,-120.5307807,https://www.redfin.com/CA/Merced/2894-Elm-Ave-95348/home/19684020,redfin
2026-09-23,mls:MC26143205,2924 E South Bear Crk,Merced,95348,415000,4,2,1560,26947,2003,Mobile/Manufactured Home,Active,2026-08-12,37.3082062,-120.4343361,https://www.redfin.com/CA/Merced/2924-E-South-Bear-Creek-Dr-95340/home/19679214,redfin
2026-09-23,mls:MC26172497,2943 Capella Dr,Merced,95341,559999,4,3,2420,7000,2026,Single Family Residential,Active,2026-08-06,37.282142,-120.434315,https://www.redfin.com/CA/Merced/2943-Capella-Dr-95341/home/196422467,redfin
2026-09-23,mls:ML82045002,2972 Tuxford Ct,Merced,95340,365000,3,2,1365,10173,1961,Single Family Residential,Active,2026-07-03,37.3147871,-120.451915,https://www.redfin.com/CA/Merced/2972-Tuxford-Ct-95340/home/19703141,redfin
2026-09-23,mls:MC26178287,2985 Redwood Dr,Merced,95340,494900,4,3,2388,8306,1972,Single Family Residential,Active,2026-08-18,37.315166,-120.4465798,https://www.redfin.com/CA/Merced/2985-Redwood-Dr-95340/home/19701434,redfin
2026-09-23,mls:SR26189124,2993 N Parsons,Merced,95340,253500,3,2,1008,7694,1961,Single Family Residential,Active,2026-08-28,37.3155234,-120.451559,https://www.redfin.com/CA/Merced/2993-N-Parsons-Ave-95340/home/19702218,redfin
2026-09-23,mls:MC26026481,3 W Belcher Ave,Merced,95348,275000,,,,44431,,Vacant Land,Active,2026-02-04,37.338447,-120.543574,https://www.redfin.com/CA/Merced/3-W-Belcher-Ave-95348/home/200354004,redfin
2026-09-23,mls:MC26138437,3054 Silver Elm Ct,Merced,95340,425000,4,2.5,1938,4178,1988,Single Family Residential,Active,2026-07-03,37.3171564,-120.4584988,https://www.redfin.com/CA/Merced/3054-Silver-Elm-Ct-95340/home/19703672,redfin
2026-09-23,mls:MC25270306,3056 Bedford,Merced,95340,385000,3,2,1358,6296,1974,Single Family Residential,Active,2026-01-26,37.3173625,-120.447616,https://www.redfin.com/CA/Merced/3056-Bedford-Dr-95340/home/19701345,redfin
2026-09-23,mls:MC26174015,3063 Bodie,Merced,95341,495000,4,3.5,3545,5000,2006,Single Family Residential,Active,2026-08-14,37.2931004,-120.4325597,https://www.redfin.com/CA/Merced/3063-Bodie-St-95341/home/19652898,redfin
2026-09-23,mls:226111094,3119 Dinkey Creek Ave,Merced,95341,140000,,,,6970,,Vacant Land,Active,2026-09-03,37.2843783,-120.4324245,https://www.redfin.com/CA/Merced/3119-Dinkey-Creek-Ave-95341/home/28560868,redfin
2026-09-23,mls:MC26189491,3125 N Parsons,Merced,95340,385000,4,2,1569,6699,1968,Single Family Residential,Active,2026-08-28,37.3191569,-120.4515217,https://www.redfin.com/CA/Merced/3125-N-Parsons-Ave-95340/home/19704375,redfin
2026-09-23,mls:226076083,313 Sullivan Dr,Merced,95348,419999,5,2.5,2378,2378,2022,Single Family Residential,Active,2026-07-04,37.3455019,-120.4725467,https://www.redfin.com/CA/Merced/313-Sullivan-Dr-95348/home/28949241,redfin
2026-09-23,mls:MC26031224,3216 El Capitan,Merced,95340,345000,3,2,1446,7440,1960,Single Family Residential,Active,2026-03-30,37.3211364,-120.4649618,https://www.redfin.com/CA/Merced/3216-El-Capitan-Ave-95340/home/19704773,redfin
2026-09-23,mls:MC26159955,3224 Nashville Ct,Merced,95348,485000,5,4,2287,6898,1980,Multi-Family (2-4 Unit),Active,2026-07-23,37.3220853,-120.493789,https://www.redfin.com/CA/Merced/3224-Nashville-Ct-95348/home/19682183,redfin
2026-09-23,mls:MC26168916,324 W 22nd,Merced,95340,475000,4,4,1850,7500,1935,Multi-Family (2-4 Unit),Active,2026-08-03,37.3050876,-120.4782527,https://www.redfin.com/CA/Merced/324-W-22nd-St-95340/home/200649590,redfin
2026-09-23,mls:MC26154809,3257 Juneau Ct,Merced,95348,389000,3,1,1123,6626,1972,Single Family Residential,Active,2026-07-15,37.3215246,-120.4974698,https://www.redfin.com/CA/Merced/3257-Juneau-Ct-95348/home/19682962,redfin
2026-09-23,mls:226063276,328 E 20th St,Merced,95340,285000,2,1,800,8002,1940,Single Family Residential,Active,2026-07-05,37.2993004,-120.4683459,https://www.redfin.com/CA/Merced/328-E-20th-St-95340/home/19688111,redfin
2026-09-23,mls:MC26194620,3311 Shamrock,Merced,95340,465000,4,2,1923,6683,1985,Single Family Residential,Active,2026-09-04,37.3236358,-120.4547312,https://www.redfin.com/CA/Merced/3311-Shamrock-Ave-95340/home/19704697,redfin
2026-09-23,mls:41145302,3362 San Jacinto Ct,Merced,95348,350000,3,2,1635,6356,1980,Single Family Residential,Active,2026-08-17,37.3255898,-120.4830739,https://www.redfin.com/CA/Merced/3362-San-Jacinto-Ct-95348/home/19667903,redfin
2026-09-23,mls:MC26174310,3372 Wawona Ct,Merced,95340,405000,3,2,1766,6824,1974,Single Family Residential,Active,2026-08-18,37.3256468,-120.4641113,https://www.redfin.com/CA/Merced/3372-Wawona-Ct-95340/home/19703460,redfin
2026-09-23,mls:MC26165548,3394 Banbury,Merced,95340,829000,4,3.5,2470,8741,2023,Single Family Residential,Active,2026-07-30,37.3262185,-120.4490424,https://www.redfin.com/CA/Merced/3394-Banbury-Ln-95340/home/28949845,redfin
2026-09-23,mls:226114912,34 Skylark Ct,Merced,95341,329000,3,2,1095,4256,1989,Single Family Residential,Active,2026-09-11,37.2855327,-120.4827358,https://www.redfin.com/CA/Merced/34-Skylark-Ct-95341/home/19647366,redfin
2026-09-23,mls:MC26099037,3411 Baker,Merced,95341,890000,12,6,5000,100188,1942,Multi-Family (5+ Unit),Active,2026-05-07,37.294377,-120.4260501,https://www.redfin.com/CA/Merced/3411-Baker-Dr-95341/home/19679932,redfin
2026-09-23,mls:MC26190319,3424 Mckee,Merced,95340,599000,4,2.5,2678,108900,1972,Single Family Residential,Active,2026-08-31,37.3282325,-120.4437943,https://www.redfin.com/CA/Merced/3424-McKee-Rd-95340/home/19701689,redfin
2026-09-23,mls:MC26111721,3442 Joerg Ave,Merced,95340,550000,4,2.5,2187,7754,1988,Single Family Residential,Active,2026-05-22,37.3267638,-120.4556038,https://www.redfin.com/CA/Merced/3442-Joerg-Ave-95340/home/19704871,redfin
2026-09-23,mls:MC26187696,3452 Paseo Verde,Merced,95348,575000,5,3,2243,8173,2002,Single Family Residential,Active,2026-08-28,37.3280963,-120.4873391,https://www.redfin.com/CA/Merced/3452-Paseo-Verde-Ave-95348/home/19681930,redfin
2026-09-23,mls:MC26113319,3454 G St,Merced,95340,425000,,,,28038,,Vacant Land,Active,2026-05-25,37.3294978,-120.4687811,https://www.redfin.com/CA/Merced/3454-G-St-95340/home/19704553,redfin
2026-09-23,mls:MC26019215,350 S Bermuda,Merced,95341,320000,,,,7575,,Vacant Land,Active,2026-02-13,37.283142,-120.4738245,https://www.redfin.com/CA/Merced/350-Bermuda-St-95341/home/28953795,redfin
2026-09-23,mls:MC26194375,3507 Sunstone Ct,Merced,95340,535000,3,2,2062,9307,2021,Single Family Residential,Active,2026-09-09,37.3254376,-120.4354688,https://www.redfin.com/CA/Merced/3507-Sunstone-Ct-95340/home/28949730,redfin
2026-09-23,mls:226001268,3515 E Yosemite Ave,Merced,95340,6000000,,,,2178000,,Vacant Land,Active,2026-01-06,37.331258,-120.421489,https://www.redfin.com/CA/Merced/3515-E-Yosemite-Ave-95340/home/40050563,redfin
2026-09-23,mls:MC26026650,355 E Main,Merced,95340,390000,3,2,1136,9758,1947,Single Family Residential,Active,2026-02-05,37.2967409,-120.4698506,https://www.redfin.com/CA/Merced/355-E-Main-St-95340/home/19687493,redfin
2026-09-23,mls:MC26051040,3552 Wathen Ct,Merced,95348,390000,3,2,1589,6180,1977,Single Family Residential,Active,2026-03-09,37.3315474,-120.4755399,https://www.redfin.com/CA/Merced/3552-Wathen-Ct-95348/home/19668079,redfin
2026-09-23,mls:MC26136486,3553 Beals,Merced,95348,399950,3,2,1589,6180,1977,Single Family Residential,Active,2026-06-22,37.3315473,-120.4751694,https://www.redfin.com/CA/Merced/3553-Beals-Ave-95348/home/19668503,redfin
2026-09-23,mls:FR26143684,3583 Sarasota,Merced,95348,399950,3,2,1705,5500,2006,Single Family Residential,Active,2026-07-01,37.3306482,-120.5033077,https://www.redfin.com/CA/Merced/3583-Sarasota-Ave-95348/home/19652932,redfin
2026-09-23,mls:MC26201253,360 E 19th St,Merced,95340,290000,2,1,1084,8975,1946,Single Family Residential,Active,2026-09-14,37.2983569,-120.4691015,https://www.redfin.com/CA/Merced/360-E-19th-St-95340/home/19688124,redfin
2026-09-23,mls:MC26179423,362 Rhianon,Merced,95341,395000,3,2,1475,5973,2019,Single Family Residential,Active,2026-08-18,37.2794023,-120.4771709,https://www.redfin.com/CA/Merced/362-Rhianon-Dr-95341/home/28951403,redfin
2026-09-23,mls:226000354,3622 N State Highway 59,Merced,95348,3490000,,,,467399,,Vacant Land,Active,2026-01-02,37.335149,-120.501768,https://www.redfin.com/CA/Merced/3622-N-State-Highway-59-95348/home/28947260,redfin
2026-09-23,mls:MC26123261,3629 N Lake,Merced,95340,1100000,4,2,2680,204732,1977,Single Family Residential,Active,2026-06-05,37.3359882,-120.433376,https://www.redfin.com/CA/Merced/3629-N-Lake-Rd-95340/home/19680577,redfin
2026-09-23,mls:226097306,365 E Main St,Merced,95340,359998,3,1.5,1256,9008,1947,Single Family Residential,Active,2026-08-01,37.2966338,-120.4696126,https://www.redfin.com/CA/Merced/365-E-Main-St-95340/home/19687494,redfin
2026-09-23,mls:MC26189146,3675 Quail Ave,Merced,95340,430000,3,2,1772,6501,1990,Single Family Residential,Active,2026-09-01,37.3332024,-120.4578991,https://www.redfin.com/CA/Merced/3675-Quail-Ave-95340/home/19679473,redfin
2026-09-23,mls:MC26141078,3726 Crane,Merced,95348,434900,4,2,1789,6600,2006,Single Family Residential,Active,2026-06-29,37.3345017,-120.4956177,https://www.redfin.com/CA/Merced/3726-Crane-Ave-95348/home/19656269,redfin
2026-09-23,mls:MC26141821,3774 Magellan,Merced,95340,474900,4,2.5,2282,6215,2020,Single Family Residential,Active,2026-07-01,37.3290761,-120.4408036,https://www.redfin.com/CA/Merced/3774-Magellan-95340/home/28949670,redfin
2026-09-23,mls:226105884,379 Edan Ct,Merced,95341,445000,3,2,1511,7588,2002,Single Family Residential,Active,2026-08-21,37.2831608,-120.4817525,https://www.redfin.com/CA/Merced/379-Edan-Ct-95341/home/19663940,redfin
2026-09-23,mls:MC26184740,3851 Twilight Ave,Merced,95348,459900,4,2.5,3286,6906,2005,Single Family Residential,Active,2026-08-24,37.3372152,-120.4898191,https://www.redfin.com/CA/Merced/3851-Twilight-Ave-95348/home/19645819,redfin
2026-09-23,mls:DW26039485,3880 Early Lgt,Merced,95348,400000,5,2.5,2023,4275,2005,Single Family Residential,Active,2026-03-01,37.3369528,-120.4904075,https://www.redfin.com/CA/Merced/3880-Early-Light-Ave-95348/home/19658704,redfin
2026-09-23,mls:MC26105349,3888 Solstice,Merced,95348,515000,8,4,3286,9833,2005,Single Family Residential,Active,2026-05-14,37.3390975,-120.4872439,https://www.redfin.com/CA/Merced/3888-Solstice-Ave-95348/home/19657581,redfin
2026-09-23,mls:226105372,3910 Twilight Ave,Merced,95348,449999,4,4,2352,5728,2006,Single Family Residential,Active,2026-08-20,37.3383451,-120.4900763,https://www.redfin.com/CA/Merced/3910-Twilight-Ave-95348/home/19658692,redfin
2026-09-23,mls:MC26178671,394 St. Bermuda,Merced,95341,95000,2,1,,5752,,Vacant Land,Active,2026-08-14,37.2826567,-120.4738723,https://www.redfin.com/CA/Merced/394-Bermuda-St-95341/home/19666930,redfin
2026-09-23,mls:MC26201117,3947 Finch Ct,Merced,95340,585000,4,3,1904,7497,1997,Single Family Residential,Active,2026-09-16,37.3375469,-120.4608631,https://www.redfin.com/CA/Merced/3947-Finch-Ct-95340/home/19679529,redfin
2026-09-23,mls:MC26167281,4025 St Remy Ct,Merced,95348,589000,5,3.5,3291,6710,2007,Single Family Residential,Active,2026-07-31,37.3418674,-120.4915622,https://www.redfin.com/CA/Merced/4025-St-Remy-Ct-95348/home/19651325,redfin
2026-09-23,mls:226118637,4039 Cinnabar Ave,Merced,95348,349999,3,2,1106,5275,2018,Single Family Residential,Active,2026-09-21,37.3413075,-120.4988863,https://www.redfin.com/CA/Merced/4039-Cinnabar-Ave-95348/home/28951939,redfin
2026-09-23,mls:MC26082691,4089 Bayonet,Merced,95348,469000,4,3,1842,5125,2023,Single Family Residential,Active,2026-04-16,37.3425668,-120.4963347,https://www.redfin.com/CA/Merced/4089-Bayonet-Dr-95348/home/180787106,redfin
2026-09-23,mls:MC26181953,409 W 25th St,Merced,95340,225000,2,1,982,3750,1932,Single Family Residential,Active,2026-08-23,37.3091936,-120.4774598,https://www.redfin.com/CA/Merced/409-W-25th-St-95340/home/19692138,redfin
2026-09-23,mls:226089687,4100 Scarlet Ct,Merced,95348,482880,4,2.5,1924,5083,2026,Single Family Residential,Active,2026-07-15,37.343721,-120.491211,https://www.redfin.com/CA/Merced/4100-Scarlet-Ct-95348/home/186321264,redfin
2026-09-23,mls:226094076,4108 Adobe Ct,Merced,95348,449880,3,2.5,1777,4658,2026,Single Family Residential,Active,2026-07-24,37.343855,-120.493857,https://www.redfin.com/CA/Merced/4108-Adobe-Ct-95348/home/186321177,redfin
2026-09-23,mls:MC26163326,4115 Scarlet Ct,Merced,95348,459880,4,2.5,1924,4656,2026,Single Family Residential,Active,2026-07-27,37.3429784,-120.4934196,https://www.redfin.com/CA/Merced/4115-Scarlet-Ct-95348/home/186321239,redfin
2026-09-23,mls:9146B3B1C39A,4116 Scarlet Ct,Merced,95348,483250,4,2.5,1924,,2026,Single Family Residential,Active,2026-05-31,37.3429784,-120.4934196,https://www.redfin.com/CA/Merced/4116-Scarlet-Ct-95348/home/186321261,redfin
2026-09-23,mls:62D769E83AAC,4125 Adobe Ct,Merced,95348,552330,4,2.5,1924,,2026,Single Family Residential,Active,2026-08-05,37.344102,-120.494398,https://www.redfin.com/CA/Merced/4125-Adobe-Ct-95348/home/186321153,redfin
2026-09-23,mls:MC26139899,413 El Portal Ct,Merced,95348,405000,4,2,1440,6000,1993,Single Family Residential,Active,2026-06-26,37.327138,-120.4735865,https://www.redfin.com/CA/Merced/413-El-Portal-Ct-95348/home/19667718,redfin
2026-09-23,mls:ML82035268,413 Hydrangea Ct,Merced,95341,440000,4,2.5,1864,5471,2005,Single Family Residential,Active,2026-02-17,37.2819906,-120.4260934,https://www.redfin.com/CA/Merced/413-Hydrangea-Ct-95341/home/19648529,redfin
2026-09-23,mls:MC26198130,4180 Adobe Ct,Merced,95348,515000,4,2.5,1941,4527,2024,Single Family Residential,Active,2026-09-09,37.3449473,-120.4937563,https://www.redfin.com/CA/Merced/4180-Adobe-Ct-95348/home/186321168,redfin
2026-09-23,mls:41144861,4195 North Highway 59,Merced,95348,285000,,,,39340,,Vacant Land,Active,2026-08-13,37.3492155,-120.5042264,https://www.redfin.com/CA/Merced/4195-N-State-Highway-59-95348/home/19684726,redfin
2026-09-23,mls:MC26123889,42 Squaw Valley Ct,Merced,95341,463709,4,2,1969,5805,2026,Single Family Residential,Active,2026-06-07,37.2849016,-120.4302551,https://www.redfin.com/CA/Merced/42-Squaw-Valley-Dr-95341/home/202168801,redfin
2026-09-23,mls:MC26201983,420 W 19th St,Merced,95340,315000,2,1.5,1489,7500,1938,Single Family Residential,Active,2026-09-15,37.3028374,-120.4813392,https://www.redfin.com/CA/Merced/420-W-19th-St-95340/home/19690991,redfin
2026-09-23,mls:MC26140315,4208 Berryesa,Merced,95348,399000,3,2.5,1555,3837,2008,Single Family Residential,Active,2026-06-27,37.3452052,-120.4693254,https://www.redfin.com/CA/Merced/4208-Berryesa-Ave-95348/home/19651904,redfin
2026-09-23,mls:MC26158999,424 Barclay Way,Merced,95348,450000,4,2,1700,4925,2007,Single Family Residential,Active,2026-07-24,37.3553556,-120.4744038,https://www.redfin.com/CA/Merced/424-Barclay-Way-95348/home/19651643,redfin
2026-09-23,mls:MC26182055,4240 Los Olivos Rd,Merced,95340,1600000,4,2,2561,361548,1970,Single Family Residential,Active,2026-08-24,37.3500726,-120.4354813,https://www.redfin.com/CA/Merced/4240-Los-Olivos-Rd-95340/home/19679651,redfin
2026-09-23,mls:MC26178473,4265 Freemark Ave,Merced,95348,559900,5,3.5,2478,5240,2021,Single Family Residential,Active,2026-08-20,37.3448479,-120.482299,https://www.redfin.com/CA/Merced/4265-Freemark-Ave-95348/home/28949033,redfin
2026-09-23,mls:MC26168529,4395 Strathmore,Merced,95348,419000,4,2,1617,4725,2018,Single Family Residential,Active,2026-08-09,37.3494562,-120.4698107,https://www.redfin.com/CA/Merced/4395-Strathmore-Pl-95348/home/28951214,redfin
2026-09-23,mls:MC26195175,4431 Andrea,Merced,95348,450000,4,3,1745,5092,2022,Single Family Residential,Active,2026-09-05,37.3507554,-120.4829035,https://www.redfin.com/CA/Merced/4431-Andrea-Dr-95348/home/172360241,redfin
2026-09-23,mls:ML82053546,4449 Lacy Ln,Merced,95348,449000,3,2,1616,5125,2022,Single Family Residential,Active,2026-07-08,37.3508779,-120.482032,https://www.redfin.com/CA/Merced/4449-Lacy-Ln-95348/home/172360257,redfin
2026-09-23,mls:225139639,446 Tyler #148 Rd,Merced,95341,299000,3,1,,57543,,Vacant Land,Active,2025-10-31,37.2816477,-120.4693583,https://www.redfin.com/CA/Merced/446-Tyler-Rd-95341/home/28953786,redfin
2026-09-23,mls:MC26094946,4465 Andrea Dr,Merced,95348,451179,3,2,1620,4583,2026,Single Family Residential,Active,2026-06-06,37.3517279,-120.4830309,https://www.redfin.com/CA/Merced/4465-Andrea-Dr-95348/home/172360248,redfin
2026-09-23,mls:226106360,454 Jacobs Dr,Merced,95348,456644,4,3,1832,4800,2007,Single Family Residential,Active,2026-08-22,37.353343,-120.4733961,https://www.redfin.com/CA/Merced/454-Jacobs-Dr-95348/home/19651725,redfin
2026-09-23,mls:MC26182077,455 Columbia,Merced,95340,364900,3,2,1175,6000,1972,Single Family Residential,Active,2026-08-19,37.32404,-120.4645496,https://www.redfin.com/CA/Merced/455-Columbia-Ave-95340/home/19703734,redfin
2026-09-23,mls:226096553,457 Buena Vista Dr,Merced,95348,399999,3,2,1440,6569,1993,Single Family Residential,Active,2026-08-15,37.3278627,-120.4742567,https://www.redfin.com/CA/Merced/457-Buena-Vista-Dr-95348/home/19668122,redfin
2026-09-23,mls:226018792,4672 Beckman Way,Merced,95348,385000,4,2.5,2116,5357,2007,Single Family Residential,Active,2026-02-18,37.3559542,-120.4725258,https://www.redfin.com/CA/Merced/4672-Beckman-Way-95348/home/19651672,redfin
2026-09-23,mls:MC26134543,4721 Athena Dr,Merced,95348,435000,3,2,1418,5101,2025,Single Family Residential,Active,2026-07-02,37.3569277,-120.4824846,https://www.redfin.com/CA/Merced/4721-Athena-Dr-95348/home/180787687,redfin
2026-09-23,mls:MC26193060,475 Tulane,Merced,95348,410000,3,2,1360,6366,1999,Single Family Residential,Active,2026-09-02,37.3257095,-120.4745678,https://www.redfin.com/CA/Merced/475-Tulane-Dr-95348/home/19667400,redfin
2026-09-23,mls:MC26087411,4822 Durant,Merced,95348,599900,5,4,3265,7784,2007,Single Family Residential,Active,2026-05-05,37.3585415,-120.4691243,https://www.redfin.com/CA/Merced/4822-Durant-Way-95348/home/19650686,redfin
2026-09-23,mls:MC26177612,4836 Mari Cruz Ln,Merced,95348,453212,3,2,1620,5923,2026,Single Family Residential,Active,2026-08-13,37.358853,-120.478632,https://www.redfin.com/CA/Merced/4836-Mari-Cruz-Ln-95348/home/196426148,redfin
2026-09-23,mls:MC26094924,4842 Mari Cruz,Merced,95348,481417,3,2,1854,5923,2026,Single Family Residential,Active,2026-05-01,37.358982,-120.478524,https://www.redfin.com/CA/Merced/4842-Mari-Cruz-Ln-95348/home/196426147,redfin
2026-09-23,mls:MC26159854,4861 Langley,Merced,95348,450000,3,2,1928,8708,2015,Single Family Residential,Active,2026-07-28,37.3586468,-120.4716258,https://www.redfin.com/CA/Merced/4861-Langley-Way-95348/home/28950816,redfin
2026-09-23,mls:MC26177603,4866 Mari Cruz Ln,Merced,95348,516548,4,3,2203,5839,2026,Single Family Residential,Active,2026-08-13,37.359204,-120.478255,https://www.redfin.com/CA/Merced/4866-Mari-Cruz-Ln-95348/home/204576604,redfin
2026-09-23,mls:MC26182718,4869 Langley Way,Merced,95348,535000,5,2.5,2288,6903,2015,Single Family Residential,Active,2026-08-20,37.3590131,-120.4716565,https://www.redfin.com/CA/Merced/4869-Langley-Way-95348/home/28950822,redfin
2026-09-23,mls:ML82054233,488 East Childs Ave,Merced,95341,478000,2,1,894,40792,1930,Single Family Residential,Active,2026-07-14,37.2876438,-120.4727241,https://www.redfin.com/CA/Merced/488-E-Childs-Ave-95341/home/19667352,redfin
2026-09-23,mls:MC26177584,4882 Mari Cruz Ln,Merced,95348,485789,4,3,1750,8042,2026,Single Family Residential,Active,2026-08-13,37.359382,-120.477905,https://www.redfin.com/CA/Merced/4882-Mari-Cruz-Ln-95348/home/204576504,redfin
2026-09-23,mls:MC26169759,5082 Palisade,Merced,95348,419999,4,2.5,1687,2116,2023,Single Family Residential,Active,2026-08-25,37.3625801,-120.46905,https://www.redfin.com/CA/Merced/5082-Palisade-Ave-95348/home/28952312,redfin
2026-09-23,mls:MC26150874,515 Cadiz Ct,Merced,95341,429000,4,2.5,1921,5055,2019,Single Family Residential,Active,2026-08-06,37.2770927,-120.4848762,https://www.redfin.com/CA/Merced/515-Cadiz-Ct-95341/home/28951744,redfin
2026-09-23,mls:MC26172479,52 Sedona Dr,Merced,95341,440000,4,3,1836,3200,2026,Single Family Residential,Active,2026-08-06,37.274382,-120.484204,https://www.redfin.com/CA/Merced/52-Sedona-Dr-95341/home/180787881,redfin
2026-09-23,mls:MC26190483,52 W 25th,Merced,95340,239000,2,1,830,7500,1939,Single Family Residential,Active,2026-08-31,37.3068829,-120.4725298,https://www.redfin.com/CA/Merced/52-W-25th-St-95340/home/19691446,redfin
2026-09-23,mls:MC26119524,523 Barcelona Ct,Merced,95341,379000,4,2.5,1999,3485,2023,Single Family Residential,Active,2026-06-02,37.276891,-120.4841532,https://www.redfin.com/CA/Merced/523-Barcelona-Ct-95341/home/28951740,redfin
2026-09-23,mls:MC26183832,537 Alfarata Blvd,Merced,95341,399900,4,2,1732,5970,2006,Single Family Residential,Active,2026-08-21,37.2799467,-120.4378632,https://www.redfin.com/CA/Merced/537-Alfarata-Blvd-95341/home/19652525,redfin
2026-09-23,mls:MC26202684,565 Tolman Way,Merced,95348,395000,3,2,1455,4938,2007,Single Family Residential,Active,2026-09-17,37.3537061,-120.4762962,https://www.redfin.com/CA/Merced/565-Tolman-Way-95348/home/19651075,redfin
2026-09-23,mls:MC22138199,5771 N Siena Ave,Merced,95340,265000,,,,43560,,Vacant Land,Active,2022-06-24,37.372404,-120.467821,https://www.redfin.com/CA/Merced/5771-N-Siena-Ave-95340/home/28949515,redfin
2026-09-23,mls:MC26162775,5820 N Siena Ave,Merced,95340,699000,,,,87120,,Vacant Land,Active,2026-07-25,37.372923,-120.466926,https://www.redfin.com/CA/Merced/5820-N-Siena-Ave-95340/home/28949517,redfin
2026-09-23,mls:226046872,5825 N Casa Sonada Ct,Merced,95340,285000,,,,43560,,Vacant Land,Active,2026-04-15,37.3732349,-120.4647476,https://www.redfin.com/CA/Merced/5825-N-Casa-Sonada-Ct-95340/home/168647420,redfin
2026-09-23,mls:MC26084705,5829 N Casa Sonada Ct,Merced,95340,300000,,,,43560,,Vacant Land,Active,2026-04-20,37.3737132,-120.464331,https://www.redfin.com/CA/Merced/5829-N-Casa-Sonada-Ct-95340/home/168647421,redfin
2026-09-23,mls:MC26084709,5830 N Rio Bonito Ct,Merced,95340,300000,,,,44431,,Vacant Land,Active,2026-04-20,37.373254,-120.462652,https://www.redfin.com/CA/Merced/5830-N-Rio-Bonito-Ct-95340/home/168647425,redfin
2026-09-23,mls:MC26138029,59 W 27th,Merced,95340,375000,3,2,1896,7500,1981,Single Family Residential,Active,2026-08-05,37.3093528,-120.4711085,https://www.redfin.com/CA/Merced/59-W-27th-St-95340/home/19693053,redfin
2026-09-23,mls:V1-38507,594 Granada Ct,Merced,95341,429900,4,3,1999,3671,2018,Single Family Residential,Active,2026-09-02,37.2760295,-120.4850942,https://www.redfin.com/CA/Merced/594-Granada-Ct-95341/home/28951771,redfin
2026-09-23,mls:MC26182432,60 E 12th,Merced,95341,599900,8,4,3000,7504,1977,Multi-Family (2-4 Unit),Active,2026-08-19,37.2927163,-120.4780047,https://www.redfin.com/CA/Merced/60-E-12th-St-95341/home/19687380,redfin
2026-09-23,mls:MC26202372,600 Dennis Ct,Merced,95340,329000,3,2,1718,8196,1968,Single Family Residential,Active,2026-09-16,37.3134479,-120.4641366,https://www.redfin.com/CA/Merced/600-Dennis-Ct-95340/home/19702111,redfin
2026-09-23,mls:MC26167550,603 Weslie Way,Merced,95348,359037,3,2.5,1358,2200,2026,Single Family Residential,Active,2026-07-31,37.360665,-120.478211,https://www.redfin.com/CA/Merced/603-Weslie-Way-Unknown/home/203570268,redfin
2026-09-23,mls:MC26207088,611 E 20th St,Merced,95340,529000,4,2.5,2656,16000,1946,Single Family Residential,Active,2026-09-22,37.2987765,-120.4651547,https://www.redfin.com/CA/Merced/611-E-20th-St-95340/home/19688245,redfin
2026-09-23,mls:MC26177703,613 Weslie Way,Merced,95348,393290,3,2.5,1623,3969,2026,Single Family Residential,Active,2026-08-13,37.360675,-120.478516,https://www.redfin.com/CA/Merced/613-Weslie-Way-Unknown/home/204577766,redfin
2026-09-23,mls:MC26177694,615 Weslie Way,Merced,95348,359037,3,2.5,1358,2425,2026,Single Family Residential,Active,2026-08-13,37.360679,-120.478617,https://www.redfin.com/CA/Merced/615-Weslie-Way-Unknown/home/204577717,redfin
2026-09-23,mls:MC26177647,617 Weslie Way,Merced,95348,359037,3,2.5,1358,2473,2026,Single Family Residential,Active,2026-08-13,37.360682,-120.478693,https://www.redfin.com/CA/Merced/617-Weslie-Way-Unknown/home/204577547,redfin
2026-09-23,mls:MC26177619,621 Weslie Way,Merced,95348,393290,3,2.5,1623,4244,2026,Single Family Residential,Active,2026-08-13,37.360685,-120.478795,https://www.redfin.com/CA/Merced/621-Weslie-Way-Unknown/home/204576922,redfin
2026-09-23,mls:MC26127731,626 Heitz Ct,Merced,95348,429000,4,3,1852,5661,2020,Single Family Residential,Active,2026-07-01,37.3485926,-120.4781423,https://www.redfin.com/CA/Merced/626-Heitz-Ct-95348/home/28948826,redfin
2026-09-23,mls:226052760,627 Elizabeth Ct,Merced,95341,387500,3,2,1231,5301,2024,Single Family Residential,Active,2026-05-22,37.277912,-120.493846,https://www.redfin.com/CA/Merced/627-Elizabeth-Ct-95341/home/180787387,redfin
2026-09-23,mls:MC26163276,63 Maia Ct,Merced,95341,459000,4,2.5,1945,4595,2007,Single Family Residential,Active,2026-07-31,37.2890444,-120.4270611,https://www.redfin.com/CA/Merced/63-Maia-Ct-95341/home/19656885,redfin
2026-09-23,mls:MC26168622,630 Andrea,Merced,95348,405000,3,2,1616,4897,2020,Single Family Residential,Active,2026-08-03,37.3493336,-120.4782911,https://www.redfin.com/CA/Merced/630-Andrea-Dr-95348/home/168649010,redfin
2026-09-23,mls:MC26146533,636 W 25th,Merced,95340,330000,2,1,1056,7500,1949,Single Family Residential,Active,2026-07-06,37.3100838,-120.4811936,https://www.redfin.com/CA/Merced/636-W-25th-St-95340/home/19693007,redfin
2026-09-23,mls:MC26148395,654-- 658 W Yosemite,Merced,95348,499000,4,4,2378,6841,1984,Multi-Family (2-4 Unit),Active,2026-07-29,37.3318577,-120.4798624,https://www.redfin.com/CA/Merced/654-W-Yosemite-Ave-95348/home/19668082,redfin
2026-09-23,mls:MC26183806,670 Elizabeth Ct,Merced,95341,405000,4,2,1509,6118,2024,Single Family Residential,Active,2026-08-21,37.27745,-120.494384,https://www.redfin.com/CA/Merced/670-Elizabeth-Ct-95341/home/180787393,redfin
2026-09-23,mls:MC26163641,677 Mackenzie Ct,Merced,95341,379900,3,2,1000,4998,2024,Single Family Residential,Active,2026-07-27,37.2792618,-120.4943634,https://www.redfin.com/CA/Merced/677-Mackenzie-Ct-95341/home/180787315,redfin
2026-09-23,mls:MC26106631,684 Skyler Ln Unit 69 B2,Merced,95348,439990,4,2,1509,5830,2026,Single Family Residential,Active,2026-07-19,37.3586629,-120.4807985,https://www.redfin.com/CA/Merced/684-Skyler-Ln-95348/unit-69-B2/home/201858480,redfin
2026-09-23,mls:MC24096982,6922 G St,Merced,95340,3599999,2,3,6300,2964258,1982,Single Family Residential,Active,2024-05-16,37.3891143,-120.4663615,https://www.redfin.com/CA/Merced/6922-G-St-95340/home/187852220,redfin
2026-09-23,mls:MC26111249,693 Cadiz Ave,Merced,95341,450900,4,2.5,2182,3744,2022,Single Family Residential,Active,2026-05-22,37.274742,-120.48485,https://www.redfin.com/CA/Merced/693-Cadiz-Ave-95341/home/180787922,redfin
2026-09-23,mls:41148105,698 Keng Ct,Merced,95341,410000,3,2,1214,6838,2024,Single Family Residential,Active,2026-09-11,37.2802099,-120.494785,https://www.redfin.com/CA/Merced/698-Keng-Ct-95341/home/186321375,redfin
2026-09-23,mls:MC26183512,698 Roberts Ct,Merced,95340,475000,4,2,1900,12610,1967,Single Family Residential,Active,2026-09-01,37.3112846,-120.4628734,https://www.redfin.com/CA/Merced/698-Roberts-Ct-95340/home/19702775,redfin
2026-09-23,mls:226035968,7044 Hwy 59 & Sandy Mush Rd,Merced,95340,399000,3,1.5,,1001880,,Vacant Land,Active,2026-03-25,37.3145748,-120.4687351,https://www.redfin.com/CA/Merced/59-Sandy-Ln-95340/home/19703233,redfin
2026-09-23,mls:MC26008284,71 Tyler Rd,Merced,95341,1199000,,,,392040,,Vacant Land,Active,2026-01-13,37.2869741,-120.4703556,https://www.redfin.com/CA/Merced/71-Tyler-Rd-95341/home/194153528,redfin
2026-09-23,mls:MC26189059,713 Stone Ridge West Ave,Merced,95341,344140,3,2.5,1358,1649,2026,Single Family Residential,Active,2026-08-28,37.2768573,-120.4808773,https://www.redfin.com/CA/Merced/713-Stone-Ridge-West-Ave-95341/home/196426217,redfin
2026-09-23,mls:MC26053673,714 Dean Ct,Merced,95341,399900,3,2,1214,5200,2023,Single Family Residential,Active,2026-03-11,37.2788436,-120.4953763,https://www.redfin.com/CA/Merced/714-Dean-Ct-95341/home/180787328,redfin
2026-09-23,mls:MC26152873,714 Suzanne,Merced,95348,440000,3,2,1435,5065,2021,Single Family Residential,Active,2026-07-30,37.3512045,-120.4806199,https://www.redfin.com/CA/Merced/714-Suzanne-Dr-95348/home/172360276,redfin
2026-09-23,mls:226038701,72 E 12th St,Merced,95341,650000,6,4,3002,7505,1976,Multi-Family (5+ Unit),Active,2026-05-20,37.2926913,-120.4778409,https://www.redfin.com/CA/Merced/72-E-12th-St-95341/home/19687379,redfin
2026-09-23,mls:MC26013670,724 Robin Dr,Merced,95340,579900,5,3,2021,10109,1997,Single Family Residential,Active,2026-02-11,37.3369707,-120.4617846,https://www.redfin.com/CA/Merced/724-Robin-Dr-95340/home/19661373,redfin
2026-09-23,mls:MC26181900,725 Stone Ridge West Ave,Merced,95341,374750,3,2.5,1623,2774,2026,Single Family Residential,Active,2026-08-19,37.27672,-120.4808686,https://www.redfin.com/CA/Merced/725-Stone-Ridge-West-Ave-95341/home/196426220,redfin
2026-09-23,mls:MP26164276,726 Skyler Ct,Merced,95348,439000,3,2,1435,5269,2026,Single Family Residential,Active,2026-07-28,37.358728,-120.481646,https://www.redfin.com/CA/Merced/726-Skyler-Ln-95348/home/196426122,redfin
2026-09-23,mls:MC26094809,732 Stone Ridge East Ave,Merced,95341,328540,2,2.5,1259,1652,2026,Single Family Residential,Active,2026-09-10,37.2751972,-120.4843636,https://www.redfin.com/CA/Merced/732-Stone-Ridge-East-Ave-95341/home/196426251,redfin
2026-09-23,mls:MC26095163,733 Marshall Ct,Merced,95348,445000,3,2,1620,5611,2026,Single Family Residential,Active,2026-05-01,37.35993,-120.481585,https://www.redfin.com/CA/Merced/733-Marshall-Ct-95348/home/201673758,redfin
2026-09-23,mls:226083180,733 Newton Ct,Merced,95348,450000,5,2.5,1919,5502,2020,Single Family Residential,Active,2026-06-30,37.3481419,-120.4808294,https://www.redfin.com/CA/Merced/733-Newton-Ct-95348/home/28948811,redfin
2026-09-23,mls:MC26027458,738 Skyler Ct,Merced,95348,445000,3,2,1620,5300,2026,Single Family Residential,Active,2026-03-10,37.358728,-120.481818,https://www.redfin.com/CA/Merced/738-Skyler-Ln-95348/home/196426123,redfin
2026-09-23,mls:226092145,747 Marcus Ct,Merced,95341,385000,3,2,1443,5001,2022,Single Family Residential,Active,2026-07-24,37.2799617,-120.4959358,https://www.redfin.com/CA/Merced/747-Marcus-Ct-95341/home/179425220,redfin
2026-09-23,mls:cmpmoqogk10nys6015tvoig1e,751 Yosemite Pkwy,Merced,95340,250000,3,1,1036,,1959,Unknown,Active,2026-05-26,37.2955401,-120.4653358,https://www.redfin.com/CA/Merced/751-Yosemite-Pkwy-95340/home/19687728,redfin
2026-09-23,mls:MC26185562,756 Brianne Ct,Merced,95341,385000,3,2,1214,5175,2021,Single Family Residential,Active,2026-08-24,37.2825904,-120.4960306,https://www.redfin.com/CA/Merced/756-Brianne-Ct-95341/home/176247864,redfin
2026-09-23,mls:MC26001848,756 Crist,Merced,95341,105000,,,,14894,,Vacant Land,Active,2026-01-05,37.2936235,-120.4685564,https://www.redfin.com/CA/Merced/756-Crist-Ave-95341/home/19687412,redfin
2026-09-23,mls:MC26009493,767 Taryn Ct,Merced,95341,340000,3,2,1000,5433,2020,Single Family Residential,Active,2026-03-17,37.2843948,-120.4961734,https://www.redfin.com/CA/Merced/767-Taryn-Ct-95341/home/172356595,redfin
2026-09-23,mls:226118402,785 Dean Ct,Merced,95341,379950,3,2,1214,5772,2023,Single Family Residential,Active,2026-09-21,37.2792518,-120.496442,https://www.redfin.com/CA/Merced/785-Dean-Ct-95341/home/180787305,redfin
2026-09-23,mls:MC26073213,789 Yosemite,Merced,95340,299999,3,1,1032,7500,1953,Single Family Residential,Active,2026-05-26,37.295444,-120.4651341,https://www.redfin.com/CA/Merced/789-Yosemite-Pkwy-95340/home/19687612,redfin
2026-09-23,mls:226081813,794 Dean Ct,Merced,95341,455000,4,2,1862,7000,2023,Single Family Residential,Active,2026-06-26,37.2788084,-120.4967438,https://www.redfin.com/CA/Merced/794-Dean-Ct-95341/home/180787335,redfin
2026-09-23,mls:MC25254770,835 W 10th St,Merced,95341,145000,,,,14536,,Vacant Land,Active,2025-11-05,37.2963738,-120.4927217,https://www.redfin.com/CA/Merced/835-W-10th-St-95341/home/183226295,redfin
2026-09-23,mls:MC25202610,84 Jack Ct,Merced,95341,379000,4,2.5,1945,4595,2007,Single Family Residential,Active,2025-11-12,37.2893222,-120.4274259,https://www.redfin.com/CA/Merced/84-Jack-Ct-95341/home/19657494,redfin
2026-09-23,mls:MC26133869,86 Sedona,Merced,95341,445000,4,2.5,2182,3199,2022,Single Family Residential,Active,2026-06-19,37.2744305,-120.485051,https://www.redfin.com/CA/Merced/86-Sedona-Dr-95341/home/180787875,redfin
2026-09-23,mls:MC26148980,864 E Childs,Merced,95341,2190000,,,,871200,,Vacant Land,Active,2026-07-10,37.2875663,-120.4660284,https://www.redfin.com/CA/Merced/864-E-Childs-Ave-95341/home/188876508,redfin
2026-09-23,mls:MC26041835,890 Barney,Merced,95340,299000,2,1,1233,6075,1951,Single Family Residential,Active,2026-05-06,37.3009501,-120.4613226,https://www.redfin.com/CA/Merced/890-Barney-St-95340/home/19687980,redfin
2026-09-23,mls:MC25242208,902 W 20th St,Merced,95340,345000,2,1,1378,7368,1917,Single Family Residential,Active,2025-10-17,37.3065016,-120.4880009,https://www.redfin.com/CA/Merced/902-W-20th-St-95340/home/19691004,redfin
2026-09-23,mls:MC25252460,915 R St,Merced,95341,325000,3,1,1232,5391,1930,Single Family Residential,Active,2025-11-02,37.2968727,-120.497309,https://www.redfin.com/CA/Merced/915-R-St-95341/home/19690941,redfin
2026-09-23,mls:242694,929 W 6th St,Merced,95341,625500,5,3,2300,6200,2026,Single Family Residential,Active,2026-07-06,37.2929392,-120.4963773,https://www.redfin.com/CA/Merced/929-W-6th-St-95341/home/189156477,redfin
2026-09-23,mls:651525,929 W 6th St #2,Merced,95341,625500,5,2.75,2298,6198,2026,Multi-Family (2-4 Unit),Active,2026-07-06,37.2929392,-120.4963773,https://www.redfin.com/CA/Merced/929-W-6th-St-95341/unit-2/home/202660811,redfin
2026-09-23,mls:226004168,930 W 23rd St,Merced,95340,295000,2,1,912,7501,1940,Single Family Residential,Active,2026-01-23,37.309677,-120.4867814,https://www.redfin.com/CA/Merced/930-W-23rd-St-95340/home/19692025,redfin
2026-09-23,mls:MC25270339,965 N Bryant Ct,Merced,95341,190000,,,,47916,,Vacant Land,Active,2025-12-03,37.300171,-120.520387,https://www.redfin.com/CA/Merced/965-N-Bryant-Ct-95341/home/49858867,redfin
2026-09-23,mls:BEC68E49FC28,Coolidge Plan,Merced,95341,461490,4,3,1842,,,Single Family Residential,Active,2026-04-09,37.284751892089844,-120.43229675292969,https://www.redfin.com/CA/Merced/Merced/Coolidge/home/196730179,redfin
2026-09-23,mls:ACB25E048A12,Grayson Plan,Merced,95341,424990,3,2,1290,,,Single Family Residential,Active,2025-08-15,37.2918983,-120.4266809,https://www.redfin.com/CA/Merced/Merced/Grayson/home/197150413,redfin
2026-09-23,mls:FDD583518435,Lanner Plan,Merced,95341,498990,4,2.5,1924,,,Single Family Residential,Active,2026-04-02,37.291656,-120.42655,https://www.redfin.com/CA/Merced/Merced/Lanner/home/201094597,redfin
2026-09-23,mls:15061A6A2B6D,Mountain Top II Plan,Merced,95348,509000,5,3,1890,,,Single Family Residential,Active,2025-08-18,37.3615146,-120.4694483,https://www.redfin.com/CA/Merced/Merced/Mountain-Top-II/home/190509865,redfin
2026-09-23,mls:874769B64FE6,Skyview II Plan,Merced,95348,479000,4,2.5,1824,,,Single Family Residential,Active,2025-08-17,37.3615146,-120.4694483,https://www.redfin.com/CA/Merced/Merced/Skyview-II/home/190509863,redfin
2026-09-23,mls:BF6DF43CAE31,The Adelina Plan,Merced,95341,397838,3,2,1403,,,Single Family Residential,Active,2025-10-26,37.2862897,-120.4304902,https://www.redfin.com/CA/Merced/Merced/The-Adelina/home/198798410,redfin
2026-09-23,mls:AB628F81CA4C,The Ashington Plan,Merced,95348,465600,4,3,1750,,,Single Family Residential,Active,2025-11-02,37.3582045,-120.4809235,https://www.redfin.com/CA/Merced/Merced/The-Ashington/home/198836475,redfin
2026-09-23,mls:7544A213B692,The Ashington Plan,Merced,95341,438700,4,3,1750,,,Single Family Residential,Active,2025-10-26,37.2862897,-120.4304902,https://www.redfin.com/CA/Merced/Merced/The-Ashington/home/198798406,redfin
2026-09-23,mls:33109F27E8B2,The Caledonia Plan,Merced,95348,480600,4,3,1969,,,Single Family Residential,Active,2025-12-20,37.3582045,-120.4809235,https://www.redfin.com/CA/Merced/Merced/The-Caledonia/home/199743228,redfin
2026-09-23,mls:3335387E8898,The Carmelo Plan,Merced,95341,391874,3,2,1500,,,Single Family Residential,Active,2025-07-31,37.2917052,-120.4288446,https://www.redfin.com/CA/Merced/Merced/The-Carmelo/home/196756198,redfin
2026-09-23,mls:C841C396BC54,The Cascade Plan,Merced,95348,436368,3,2,1620,,,Single Family Residential,Active,2025-11-06,37.3582045,-120.4809235,https://www.redfin.com/CA/Merced/Merced/The-Cascade/home/198909838,redfin
2026-09-23,mls:2BB8EC88400D,The Cascade Plan,Merced,95341,421000,3,2,1620,,,Single Family Residential,Active,2025-10-26,37.2862897,-120.4304902,https://www.redfin.com/CA/Merced/Merced/The-Cascade/home/198798409,redfin
2026-09-23,mls:DECD7A7C0493,The Florencia Plan,Merced,95348,569600,5,3,2752,,,Single Family Residential,Active,2025-11-06,37.3582045,-120.4809235,https://www.redfin.com/CA/Merced/Merced/The-Florencia/home/198918663,redfin
2026-09-23,mls:EB4F2420027D,The Haven Plan,Merced,95341,362250,3,2.5,1623,,,Townhouse,Active,2025-10-13,37.2766279,-120.4806608,https://www.redfin.com/CA/Merced/Merced/The-Haven/home/198576924,redfin
2026-09-23,mls:C5D14AA59F41,The Kelsey Plan,Merced,95341,309900,2,2.5,1259,,,Townhouse,Active,2025-10-13,37.2766279,-120.4806608,https://www.redfin.com/CA/Merced/Merced/The-Kelsey/home/198576925,redfin
2026-09-23,mls:581E257A65CE,The Monterey Plan,Merced,95348,489600,4,2,1960,,,Single Family Residential,Active,2025-12-20,37.3582045,-120.4809235,https://www.redfin.com/CA/Merced/Merced/The-Monterey/home/199743230,redfin
2026-09-23,mls:7EE60E243966,The Monterey Plan,Merced,95341,471550,4,2,1960,,,Single Family Residential,Active,2025-10-27,37.2862897,-120.4304902,https://www.redfin.com/CA/Merced/Merced/The-Monterey/home/198798429,redfin
2026-09-23,mls:43516D609CFC,The Rainier Plan,Merced,95348,404900,3,2,1435,,,Single Family Residential,Active,2025-11-06,37.3582045,-120.4809235,https://www.redfin.com/CA/Merced/Merced/The-Rainier/home/198918611,redfin
2026-09-23,mls:C66618349959,The Santa Cruz Plan,Merced,95348,479600,4,3,1810,,,Single Family Residential,Active,2025-12-20,37.3582045,-120.4809235,https://www.redfin.com/CA/Merced/Merced/The-Santa-Cruz/home/199743229,redfin
2026-09-23,mls:35E70551F97C,The Santa Cruz Plan,Merced,95341,465200,4,3,1810,,,Single Family Residential,Active,2025-10-26,37.2862897,-120.4304902,https://www.redfin.com/CA/Merced/Merced/The-Santa-Cruz/home/198798407,redfin
2026-09-23,mls:91E012AEF7B7,The Shasta Plan,Merced,95348,479230,4,3,2207,,,Single Family Residential,Active,2025-11-02,37.3582045,-120.4809235,https://www.redfin.com/CA/Merced/Merced/The-Shasta/home/198836473,redfin
2026-09-23,mls:414BA255B8B4,The Sierra Plan,Merced,95341,325500,3,2.5,1358,,,Townhouse,Active,2025-10-13,37.2766279,-120.4806608,https://www.redfin.com/CA/Merced/Merced/The-Sierra/home/198576923,redfin
2026-09-23,mls:347EB8F16713,The Teton Plan,Merced,95348,470600,3,2,1854,,,Single Family Residential,Active,2025-11-06,37.3582045,-120.4809235,https://www.redfin.com/CA/Merced/Merced/The-Teton/home/198918058,redfin
2026-09-23,mls:DBF11679A93F,The Tolosa Plan,Merced,95341,483361,4,2,2392,,,Single Family Residential,Active,2025-10-13,37.2917052,-120.4288446,https://www.redfin.com/CA/Merced/Merced/The-Tolosa/home/198576922,redfin
2026-09-24,mls:226043198,0 Fruitland & Orchard Park Ave,Atwater,95301,1500000,,,,1337292,,Vacant Land,Active,2026-04-08,37.3626644,-120.5957832,https://www.redfin.com/CA/Atwater/0-Fruitland-Ave-95301/home/183517590,redfin
2026-09-24,mls:MC22098863,0 Green Sands Ave,Atwater,95301,720000,,,,45738,,Vacant Land,Active,2022-05-12,37.338095,-120.576147,https://www.redfin.com/CA/Atwater/Green-Sands-Ave-95301/home/179404945,redfin
2026-09-24,mls:MC26107959,1 Gurr Rd,Atwater,95301,425000,,,,213880,,Vacant Land,Active,2026-05-18,37.32537,-120.557565,https://www.redfin.com/CA/Atwater/1-Gurr-RD-95301/home/198748593,redfin
2026-09-24,mls:MC26025984,1 W Belcher Ave,Atwater,95348,290000,,,,54886,,Vacant Land,Active,2026-02-04,37.338472,-120.544579,https://www.redfin.com/CA/Atwater/1-W-Belcher-Ave-95301/home/200353831,redfin
2026-09-24,mls:226114978,101 Manzanita Dr,Atwater,95301,379900,4,2,1876,8019,1985,Single Family Residential,Active,2026-09-17,37.364388,-120.5960439,https://www.redfin.com/CA/Atwater/101-Manzanita-Dr-95301/home/19669071,redfin
2026-09-24,mls:MC26185791,1020 Prince William Ct,Atwater,95301,1250000,5,4.5,3632,43560,2026,Single Family Residential,Active,2026-08-24,37.3025539,-120.5839977,https://www.redfin.com/CA/Atwater/1020-Prince-William-Ct-95301/home/168648013,redfin
2026-09-24,mls:MC26125479,10366 Rose,Atwater,95301,813500,2,2,,1045440,,Vacant Land,Active,2026-06-09,37.324381,-120.675708,https://www.redfin.com/CA/Atwater/10366-Rose-Ave-95301/home/187905845,redfin
2026-09-24,mls:224602563,10511 White Crane Rd,Atwater,95301,1195950,,,,1751112,,Vacant Land,Active,2026-06-02,37.3160829,-120.6786226,https://www.redfin.com/CA/Atwater/10511-White-Crane-Rd-95301/home/182992353,redfin
2026-09-24,mls:MC26184825,111 Pacemaker,Atwater,95301,364999,3,2,1530,7264,1975,Single Family Residential,Active,2026-08-25,37.3532969,-120.5953379,https://www.redfin.com/CA/Atwater/111-Pacemaker-Dr-95301/home/19706647,redfin
2026-09-24,mls:ML82057518,1170 Spruce,Atwater,95301,370000,3,2,1481,6240,1957,Single Family Residential,Active,2026-08-12,37.3589015,-120.6042608,https://www.redfin.com/CA/Atwater/1170-Spruce-Ave-95301/home/19709053,redfin
2026-09-24,mls:MC26207071,1241 6th St,Atwater,95301,375000,3,2,1059,5663,1958,Single Family Residential,Active,2026-09-23,37.3490365,-120.6114262,https://www.redfin.com/CA/Atwater/1241-6th-St-95301/home/19708284,redfin
2026-09-24,mls:MC26203442,1291 Spruce,Atwater,95301,375000,3,2,1226,7475,1955,Single Family Residential,Active,2026-09-16,37.3590269,-120.6058987,https://www.redfin.com/CA/Atwater/1291-Spruce-Ave-95301/home/19708693,redfin
2026-09-24,mls:MC26115028,1319 3rd St,Atwater,95301,349900,3,1,1356,7321,1920,Single Family Residential,Active,2026-07-07,37.3485144,-120.608288,https://www.redfin.com/CA/Atwater/1319-3rd-St-95301/home/19708365,redfin
2026-09-24,mls:MC26198555,134 E Fir,Atwater,95301,295000,3,2,1425,10969,1959,Single Family Residential,Active,2026-09-10,37.3457031,-120.5946928,https://www.redfin.com/CA/Atwater/134-E-Fir-Ave-95301/home/19706101,redfin
2026-09-24,mls:MC26087176,136 Seville Ct,Atwater,95301,58000,2,1,672,,1980,Mobile/Manufactured Home,Active,2026-04-22,37.3413116,-120.5881367,https://www.redfin.com/CA/Atwater/136-Seville-Ct-95301/home/19655417,redfin
2026-09-24,mls:ML82058659,1405 Tamarack Ave,Atwater,95301,325000,3,2,1386,8075,1955,Single Family Residential,Active,2026-08-21,37.3595332,-120.6073025,https://www.redfin.com/CA/Atwater/1405-Tamarack-Ave-95301/home/19708185,redfin
2026-09-24,mls:MC26183256,1428 Vine Cir,Atwater,95301,330000,3,1.5,1216,2880,1990,Single Family Residential,Active,2026-09-02,37.3539283,-120.6210143,https://www.redfin.com/CA/Atwater/1428-Vine-Cir-95301/home/19659569,redfin
2026-09-24,mls:MC26196306,1453 Augusta,Atwater,95301,495000,4,2,1964,7492,2001,Single Family Residential,Active,2026-09-10,37.3418612,-120.5792132,https://www.redfin.com/CA/Atwater/1453-Augusta-Ln-95301/home/19665042,redfin
2026-09-24,mls:MC26191754,1463 Juniper Ave,Atwater,95301,319000,3,1,1306,8724,1951,Single Family Residential,Active,2026-09-11,37.3544585,-120.6076816,https://www.redfin.com/CA/Atwater/1463-Juniper-Ave-95301/home/19709001,redfin
2026-09-24,mls:MC26206077,149 E Clinton Ave,Atwater,95301,305000,3,1,1157,7125,1960,Single Family Residential,Active,2026-09-21,37.3454409,-120.594331,https://www.redfin.com/CA/Atwater/149-E-Clinton-Ave-95301/home/19706097,redfin
2026-09-24,mls:MC26136421,1501 Drakeley,Atwater,95301,297699,2,1,757,7116,1928,Single Family Residential,Active,2026-06-22,37.349514,-120.6110231,https://www.redfin.com/CA/Atwater/1501-Drakeley-Ave-95301/home/21887227,redfin
2026-09-24,mls:226107316,1505 Jorgensen St,Atwater,95301,389000,3,2,1333,6878,1956,Single Family Residential,Active,2026-08-26,37.3460862,-120.5935394,https://www.redfin.com/CA/Atwater/1505-Jorgensen-St-95301/home/19707009,redfin
2026-09-24,mls:226084471,1522 Vine Cir,Atwater,95301,349900,3,1.5,1216,2879,1990,Single Family Residential,Active,2026-07-07,37.3538377,-120.6212607,https://www.redfin.com/CA/Atwater/1522-Vine-Cir-95301/home/19650770,redfin
2026-09-24,mls:MC26178733,1527 Underwood,Atwater,95301,399000,3,2,1543,9005,1957,Single Family Residential,Active,2026-08-14,37.3598418,-120.6095756,https://www.redfin.com/CA/Atwater/1527-Underwood-Ave-95301/home/19708162,redfin
2026-09-24,mls:MC26176577,1536 Fir Ave,Atwater,95301,299999,3,2,1002,7232,1954,Single Family Residential,Active,2026-08-13,37.3509088,-120.6104503,https://www.redfin.com/CA/Atwater/1536-Fir-Ave-95301/home/19707972,redfin
2026-09-24,mls:MC26172461,160 Jeanna Ct,Atwater,95301,694999,4,3,2678,11325,2026,Single Family Residential,Active,2026-08-06,37.372538,-120.5937848,https://www.redfin.com/CA/Atwater/160-Jeanna-Ct-95301/home/28952238,redfin
2026-09-24,mls:MC26161061,1625 Osborn Ter,Atwater,95301,392000,3,2,1346,6628,1960,Single Family Residential,Active,2026-08-09,37.3476363,-120.5929879,https://www.redfin.com/CA/Atwater/1625-Osborn-Ter-95301/home/19707368,redfin
2026-09-24,mls:226109198,1694 Elm Ave,Atwater,95301,340000,2,2,806,6765,1938,Single Family Residential,Active,2026-08-28,37.350644,-120.6124198,https://www.redfin.com/CA/Atwater/1694-Elm-Ave-95301/home/19708326,redfin
2026-09-24,mls:CV26135510,171 ATWATER #29,Atwater,95301,120000,3,2,1390,,1989,Mobile/Manufactured Home,Active,2026-06-21,37.341906,-120.596759,https://www.redfin.com/CA/Atwater/171-Atwater-Blvd-95301/unit-29/home/19654911,redfin
2026-09-24,mls:MC26093531,1800 2nd,Atwater,95301,549900,3,2,1802,15153,1951,Single Family Residential,Active,2026-05-05,37.3519828,-120.6042363,https://www.redfin.com/CA/Atwater/1800-2nd-St-95301/home/161299203,redfin
2026-09-24,mls:FR26204431,1814 White Pines Ct,Atwater,95301,495000,3,2,1705,6956,2001,Single Family Residential,Active,2026-09-18,37.3413279,-120.5781118,https://www.redfin.com/CA/Atwater/1814-White-Pines-Ct-95301/home/19665151,redfin
2026-09-24,mls:MC25219261,1831 Olive Ave,Atwater,95301,325000,1,1,280,13778,1940,Single Family Residential,Active,2025-10-29,37.3493071,-120.6148542,https://www.redfin.com/CA/Atwater/1831-Olive-Ave-95301/home/19709352,redfin
2026-09-24,mls:MC26202224,1873 Grove Ave,Atwater,95301,995000,70,7,4642,14496,1979,Multi-Family (5+ Unit),Active,2026-09-15,37.3536168,-120.613139,https://www.redfin.com/CA/Atwater/1873-Grove-Ave-95301/home/19708355,redfin
2026-09-24,mls:MC24152023,1883 Sycamore Ave,Atwater,95301,650000,,,,52272,,Vacant Land,Active,2024-07-24,37.3469,-120.617299,https://www.redfin.com/CA/Atwater/1883-Sycamore-Ave-95301/home/21156099,redfin
2026-09-24,mls:MC26184580,190 Kadota,Atwater,95301,450000,3,2,1709,7350,1979,Single Family Residential,Active,2026-08-22,37.350776,-120.59799,https://www.redfin.com/CA/Atwater/190-Kadota-Ave-95301/home/19706882,redfin
2026-09-24,mls:MC26147011,1917 Shasta,Atwater,95301,475000,4,2,1841,6397,2007,Single Family Residential,Active,2026-07-07,37.3467111,-120.6242317,https://www.redfin.com/CA/Atwater/1917-Shasta-Dr-95301/home/19652770,redfin
2026-09-24,mls:MC26201134,1923 Joeys Ct,Atwater,95301,995000,4,3,2947,44431,2014,Single Family Residential,Active,2026-09-21,37.3159576,-120.6025602,https://www.redfin.com/CA/Atwater/1923-Joeys-Ct-95301/home/168648205,redfin
2026-09-24,mls:MC26136462,1971 Mitchell,Atwater,95301,240000,1,1,576,4262,1947,Single Family Residential,Active,2026-06-22,37.3530587,-120.6152921,https://www.redfin.com/CA/Atwater/1971-Mitchell-St-95301/home/19709243,redfin
2026-09-24,mls:MC26089924,2 Rancho Grande Cir,Atwater,95301,132000,2,2,864,,2019,Mobile/Manufactured Home,Active,2026-04-25,37.340844,-120.588071,https://www.redfin.com/CA/Atwater/2-Rancho-Grande-Cir-95301/home/185794860,redfin
2026-09-24,mls:MC26025317,2 W Belcher Ave Ave,Atwater,95348,275000,,,,44431,,Vacant Land,Active,2026-02-04,37.338379,-120.543985,https://www.redfin.com/CA/Atwater/2-W-Belcher-Ave-95301/home/200350163,redfin
2026-09-24,mls:cmrzhhmi800u1s601lhzf835k,2001 Eucalyptus St,Atwater,95301,300000,3,2,1263,,1970,Unknown,Active,2026-07-24,37.3525738,-120.6015444,https://www.redfin.com/CA/Atwater/2001-Eucalyptus-St-95301/home/19707873,redfin
2026-09-24,mls:MC26141326,2024 De La Vina Ct,Atwater,95301,489000,3,2,1728,6540,2024,Single Family Residential,Active,2026-06-29,37.3482248,-120.5689736,https://www.redfin.com/CA/Atwater/2024-De-la-Vina-Ct-95301/home/28947790,redfin
2026-09-24,mls:226092977,2039 Cambridge Dr,Atwater,95301,924950,4,2.5,2011,43560,1979,Single Family Residential,Active,2026-07-23,37.3172155,-120.5852308,https://www.redfin.com/CA/Atwater/2039-Cambridge-Dr-95301/home/19706483,redfin
2026-09-24,mls:226068921,2275 5th St,Atwater,95301,449000,3,2.5,1981,9561,1955,Single Family Residential,Active,2026-06-03,37.3566224,-120.6062774,https://www.redfin.com/CA/Atwater/2275-5th-St-95301/home/19709061,redfin
2026-09-24,mls:MC25147391,2294 Olive Ave,Atwater,95301,55000,8,4,,13966,,Vacant Land,Active,2025-07-01,37.3514598,-120.6208716,https://www.redfin.com/CA/Atwater/2294-Olive-Ave-95301/home/19709111,redfin
2026-09-24,mls:MC26114023,2350 Angelus Ct,Atwater,95301,439900,3,2,1609,12070,1976,Single Family Residential,Active,2026-06-09,37.3576477,-120.614814,https://www.redfin.com/CA/Atwater/2350-Angelus-Ct-95301/home/19708819,redfin
2026-09-24,mls:MC26051388,2355 Atwater Blvd Spc 22,Atwater,95301,55000,3,2,840,,2016,Mobile/Manufactured Home,Active,2026-03-11,37.3507817,-120.6214714,https://www.redfin.com/CA/Atwater/2355-Atwater-Blvd-95301/unit-22/home/172361410,redfin
2026-09-24,mls:cmtj7o0m6031rs6013ev0ioz8,2412 Brodalski St,Atwater,95301,410000,3,2,1840,,1981,Unknown,Active,2026-09-01,37.3606617,-120.6193387,https://www.redfin.com/CA/Atwater/2412-Brodalski-St-95301/home/19669346,redfin
2026-09-24,mls:MC26183608,2480 Boulder Dr,Atwater,95301,529900,4,2,2060,8472,2008,Single Family Residential,Active,2026-08-21,37.3573351,-120.5866815,https://www.redfin.com/CA/Atwater/2480-Boulder-Dr-95301/home/19651866,redfin
2026-09-24,mls:MC26204586,2484 Sierra Springs Ct,Atwater,95301,275000,,,,43560,,Vacant Land,Active,2026-09-18,37.3237013,-120.5916941,https://www.redfin.com/CA/Atwater/2484-Sierra-Springs-Ct-95301/home/28946843,redfin
2026-09-24,mls:MC26163242,249 Live Oak,Atwater,95301,465000,4,2,1876,10445,1989,Single Family Residential,Active,2026-07-27,37.3674341,-120.5979875,https://www.redfin.com/CA/Atwater/249-Live-Oak-Dr-95301/home/19669122,redfin
2026-09-24,mls:226095283,2755 Atwater Blvd Unit G,Atwater,95301,59000,2,1,601,,1977,Mobile/Manufactured Home,Active,2026-07-29,37.3530085,-120.6278709,https://www.redfin.com/CA/Atwater/2755-Atwater-Blvd-95301/unit-G/home/191959108,redfin
2026-09-24,mls:MC26152667,2850 Woodbury Ct,Atwater,95301,799901,3,2,1863,47916,1989,Single Family Residential,Active,2026-07-17,37.3292323,-120.5823632,https://www.redfin.com/CA/Atwater/2850-Woodbury-Ct-95301/home/19705301,redfin
2026-09-24,mls:226085476,290 E Grove,Atwater,95301,359900,4,2,1367,7932,1961,Single Family Residential,Active,2026-09-19,37.3464944,-120.5919392,https://www.redfin.com/CA/Atwater/290-E-Grove-Ave-95301/home/19706119,redfin
2026-09-24,mls:226115010,2914 Winners Cir,Atwater,95301,364988,3,2,1400,7431,1981,Single Family Residential,Active,2026-09-18,37.362913,-120.5795607,https://www.redfin.com/CA/Atwater/2914-Winners-Cir-95301/home/19668485,redfin
2026-09-24,mls:226040410,3196 Heather Glen Ln,Atwater,95301,200000,,,,52272,,Vacant Land,Active,2026-09-12,37.3672231,-120.6019773,https://www.redfin.com/CA/Atwater/3196-Heather-Glen-Ln-95301/home/28947254,redfin
2026-09-24,mls:MC26202908,3207 Manzanita,Atwater,95301,479000,4,2,1876,6000,1989,Single Family Residential,Active,2026-09-17,37.3672547,-120.600526,https://www.redfin.com/CA/Atwater/3207-Manzanita-Dr-95301/home/19668930,redfin
2026-09-24,mls:226114100,3268 Dakota St,Atwater,95301,180000,3,1.5,1120,8124,1960,Single Family Residential,Active,2026-09-21,37.3663749,-120.6201465,https://www.redfin.com/CA/Atwater/3268-Dakota-St-95301/home/19670141,redfin
2026-09-24,mls:MC26122925,3347 Stacey Ct,Atwater,95301,350000,4,2,1559,7446,1980,Single Family Residential,Active,2026-06-15,37.3672189,-120.6235651,https://www.redfin.com/CA/Atwater/3347-Stacey-Ct-95301/home/19670102,redfin
2026-09-24,mls:MC26200202,3369 Lighthouse Ct,Atwater,95301,525000,4,3,2442,7187,1991,Single Family Residential,Active,2026-09-12,37.3690061,-120.5986042,https://www.redfin.com/CA/Atwater/3369-Lighthouse-Ct-95301/home/19668649,redfin
2026-09-24,mls:MC26187134,3370 Harness Dr,Atwater,95301,539900,4,2.5,2375,6800,2006,Single Family Residential,Active,2026-08-27,37.3697202,-120.6002666,https://www.redfin.com/CA/Atwater/3370-Harness-Dr-95301/home/19658536,redfin
2026-09-24,mls:MC26061429,3379 Lighthouse Ct,Atwater,95301,249900,,,,7790,,Vacant Land,Active,2026-03-20,37.3691893,-120.5986279,https://www.redfin.com/CA/Atwater/3379-Lighthouse-Ct-95301/home/200957298,redfin
2026-09-24,mls:MC26102154,3650 Santa Fe,Atwater,95301,399000,,,,121968,,Vacant Land,Active,2026-05-11,37.3415852,-120.5414649,https://www.redfin.com/CA/Atwater/3650-N-Santa-Fe-Ave-95301/home/19655352,redfin
2026-09-24,mls:MC25260738,474 Aaron Ct,Atwater,95301,699900,4,3,2412,11000,2025,Single Family Residential,Active,2025-11-14,37.373416,-120.6014311,https://www.redfin.com/CA/Atwater/474-Aaron-Ct-95301/home/28947469,redfin
2026-09-24,mls:MC26146741,485 Windmill Ct,Atwater,95301,565000,4,2.5,2297,7079,2017,Single Family Residential,Active,2026-07-06,37.3703282,-120.6015627,https://www.redfin.com/CA/Atwater/485-Windmill-Ct-95301/home/28947233,redfin
2026-09-24,mls:MC25225932,4910-4910 Clover Ave,Atwater,95301,1100000,,,,125463,,Vacant Land,Active,2025-09-25,37.336971,-120.5754416,https://www.redfin.com/CA/Atwater/4910-Clover-Ave-95301/home/21627334,redfin
2026-09-24,mls:226108306,5200 Crest #49,Atwater,95301,109990,3,2,900,,2026,Mobile/Manufactured Home,Active,2026-08-27,37.3628637,-120.585355,https://www.redfin.com/CA/Atwater/5200-Crest-Rd-95301/unit-49/home/19655596,redfin
2026-09-24,mls:MC26154508,5200 Crest Rd #91,Atwater,95301,72999,3,1,828,,1979,Mobile/Manufactured Home,Active,2026-07-15,37.3628637,-120.585355,https://www.redfin.com/CA/Atwater/5200-Crest-Rd-95301/unit-91/home/168650464,redfin
2026-09-24,mls:MC26206085,601 Holly Ave,Atwater,95301,310000,3,1,945,10342,1953,Single Family Residential,Active,2026-09-21,37.3503121,-120.6001672,https://www.redfin.com/CA/Atwater/601-Holly-Ave-95301/home/19707741,redfin
2026-09-24,mls:226113413,6176 Fleming Rd,Atwater,95301,750000,7,6,1628,33572,2006,Multi-Family (2-4 Unit),Active,2026-09-18,37.3337342,-120.5989235,https://www.redfin.com/CA/Atwater/6176-Fleming-Rd-95301/home/19684469,redfin
2026-09-24,mls:MC26206805,6220 Yorkshire Dr,Atwater,95301,850000,4,2.5,2394,43996,2000,Single Family Residential,Active,2026-09-23,37.3033052,-120.6004018,https://www.redfin.com/CA/Atwater/6220-Yorkshire-Dr-95301/home/168648354,redfin
2026-09-24,mls:226112186,701 Palmer Pl,Atwater,95301,409900,3,2,1553,6172,1999,Single Family Residential,Active,2026-09-07,37.3385783,-120.5847579,https://www.redfin.com/CA/Atwater/701-Palmer-Pl-95301/home/19705383,redfin
2026-09-24,mls:MC26096434,729 Mulberry Ave,Atwater,95301,395000,3,2,1692,7800,1957,Single Family Residential,Active,2026-05-04,37.353723,-120.5996942,https://www.redfin.com/CA/Atwater/729-Mulberry-Ave-95301/home/19707210,redfin
2026-09-24,mls:MC26190598,730 Juniper,Atwater,95301,317500,3,2,1344,7793,1959,Single Family Residential,Active,2026-09-13,37.351102,-120.6011293,https://www.redfin.com/CA/Atwater/730-Juniper-Ave-95301/home/19707780,redfin
2026-09-24,mls:MC26187985,75 Rancho Grande Cir,Atwater,95301,90000,3,2,1080,,1986,Mobile/Manufactured Home,Active,2026-08-29,37.3432533,-120.5869225,https://www.redfin.com/CA/Atwater/75-Rancho-Grande-Cir-95301/home/19655409,redfin
2026-09-24,mls:MC26180099,8191 Sunset,Atwater,95301,689000,3,2.5,2236,47916,1967,Single Family Residential,Active,2026-08-17,37.3381526,-120.636439,https://www.redfin.com/CA/Atwater/8191-Sunset-Dr-95301/home/19684176,redfin
2026-09-24,mls:MC26197829,8753 Rose Ave,Atwater,95301,78000,4,2,1452,1000,1998,Mobile/Manufactured Home,Active,2026-09-15,37.3220994,-120.6458582,https://www.redfin.com/CA/Atwater/8753-Rose-Ave-95301/home/172361425,redfin
2026-09-24,mls:226116132,8766 Longview Rd,Atwater,95301,1250000,3,2,1901,548856,1978,Single Family Residential,Active,2026-09-16,37.3534837,-120.6469987,https://www.redfin.com/CA/Atwater/8766-Longview-Rd-95301/home/196422114,redfin
2026-09-24,mls:MC26206110,901 Elm Ave,Atwater,95301,275000,2,1,806,8397,1948,Single Family Residential,Active,2026-09-21,37.3481664,-120.6049172,https://www.redfin.com/CA/Atwater/901-Elm-Ave-95301/home/19707493,redfin
2026-09-24,mls:225082922,0 - 1/2 E Mission Ave,Merced,95341,2812500,,,,980100,,Vacant Land,Active,2025-06-21,37.273919,-120.4849237,https://www.redfin.com/CA/Merced/1-E-Mission-Ave-95341/home/196148474,redfin
2026-09-24,mls:MC26188109,0 Cabot Ave,Merced,95348,105000,,,,7440,,Vacant Land,Active,2026-08-27,37.31748,-120.524582,https://www.redfin.com/CA/Merced/Cabot-Ave-95348/home/205219350,redfin
2026-09-24,mls:MC26156234,0 Dunn Rd,Merced,95340,185000,,,,68824,,Vacant Land,Active,2026-07-31,37.340409,-120.435645,https://www.redfin.com/CA/Merced/Dunn-Rd-95340/home/104256713,redfin
2026-09-24,mls:MC25255724,0 E North Bear Creek Dr,Merced,95340,2280000,,,,162043,,Vacant Land,Active,2025-11-07,37.3098622,-120.4690825,https://www.redfin.com/CA/Merced/0-E-North-Bear-Creek-Dr-95340/home/198946738,redfin
2026-09-24,mls:MC26187045,0 Franklin Rd,Merced,95348,749900,,,,20817,,Vacant Land,Active,2026-08-26,37.323221,-120.540449,https://www.redfin.com/CA/Merced/Franklin-Rd-95348/home/104246777,redfin
2026-09-24,mls:MC25135004,0 Henry St,Merced,95341,1870000,,,,651657,,Vacant Land,Active,2025-06-17,37.270386,-120.450522,https://www.redfin.com/CA/Merced/Henry-St-95341/home/196428748,redfin
2026-09-24,mls:MC25253995,0 Kibby,Merced,95340,222000,,,,43560,,Vacant Land,Active,2025-11-05,37.3052,-120.414692,https://www.redfin.com/CA/Merced/Kibby-Rd-95340/home/198874981,redfin
2026-09-24,mls:MC26181963,0 Massasso,Merced,95348,125000,,,,13860,,Vacant Land,Active,2026-08-23,37.297305,-120.514048,https://www.redfin.com/CA/Merced/Massasso-St-95341/home/40000091,redfin
2026-09-24,mls:MC25134922,0 Mission Ave,Merced,95341,2812500,,,,980100,,Vacant Land,Active,2025-06-17,37.2732983,-120.4858775,https://www.redfin.com/CA/Merced/0-E-Mission-Ave-95341/home/196428730,redfin
2026-09-24,mls:MC26182133,0 S P St,Merced,95340,150000,,,,74052,,Vacant Land,Active,2026-08-19,37.2881933,-120.498403,https://www.redfin.com/CA/Merced/0-S-P-St-95341/home/204651464,redfin
2026-09-24,mls:MC21265605,0 Stretch St,Merced,95340,2650000,,,,1785960,,Vacant Land,Active,2022-01-19,37.298527,-120.444069,https://www.redfin.com/CA/Merced/Stretch-Rd-95340/home/40000310,redfin
2026-09-24,mls:648773,0 Thorton Rd,Merced,95341,920000,0,,,1001880,,Ranch,Active,2026-05-13,37.288299,-120.5235747,https://www.redfin.com/CA/Merced/0-Thornton-Rd-95341/home/201832321,redfin
2026-09-24,mls:MC25117690,0 Vassar Ave,Merced,95341,1488000,,,,864230,,Vacant Land,Active,2025-06-13,37.2659362,-120.487877,https://www.redfin.com/CA/Merced/0-Vassar-Ave-95341/home/179519741,redfin
2026-09-24,mls:MC25117743,0-1/2 Henry St,Merced,95341,1473000,,,,855518,,Vacant Land,Active,2025-06-13,37.267067,-120.450494,https://www.redfin.com/CA/Merced/0-1-2-Henry-St-95341/home/196428747,redfin
2026-09-24,mls:MC25259914,1 E N Bear Creek Dr,Merced,95340,3875000,,,,281398,,Vacant Land,Active,2025-11-13,37.3098622,-120.4690825,https://www.redfin.com/CA/Merced/1-E-North-Bear-Creek-Dr-95340/home/199064423,redfin
2026-09-24,mls:MC26115943,1004 W 13th,Merced,95341,250000,,,,7500,,Vacant Land,Active,2026-05-29,37.2996949,-120.4937475,https://www.redfin.com/CA/Merced/1004-W-13th-St-95341/home/28952923,redfin
2026-09-24,mls:226081831,1011 Oregon Dr,Merced,95340,540000,3,2,2028,14066,1968,Single Family Residential,Active,2026-06-26,37.3138592,-120.4591668,https://www.redfin.com/CA/Merced/1011-Oregon-Dr-95340/home/19703043,redfin
2026-09-24,mls:MC26187904,1012 Wyoming,Merced,95340,690000,4,3,3121,16250,1961,Single Family Residential,Active,2026-08-29,37.3103318,-120.4591887,https://www.redfin.com/CA/Merced/1012-Wyoming-Dr-95340/home/19702940,redfin
2026-09-24,mls:226113579,1013 - 1017 W Santa Fe Ave,Merced,95340,449900,2,1,720,6499,1960,Multi-Family (2-4 Unit),Active,2026-09-10,37.3116755,-120.4870991,https://www.redfin.com/CA/Merced/1017-W-Santa-Fe-Ave-95340/home/19693027,redfin
2026-09-24,mls:MC26180949,1052 Northwood,Merced,95348,428000,4,2,1534,8628,1972,Single Family Residential,Active,2026-08-19,37.3159149,-120.4856132,https://www.redfin.com/CA/Merced/1052-Northwood-Dr-95348/home/19701776,redfin
2026-09-24,mls:MC26117150,1055 Lees Ct,Merced,95340,434991,3,2,1656,9077,1972,Single Family Residential,Active,2026-05-29,37.3203274,-120.4585027,https://www.redfin.com/CA/Merced/1055-Lees-Ct-95340/home/19704425,redfin
2026-09-24,mls:MC26188514,1065 Mallard,Merced,95340,459999,3,2,1824,5998,2002,Single Family Residential,Active,2026-08-27,37.3367597,-120.4589052,https://www.redfin.com/CA/Merced/1065-Mallard-Dr-95340/home/19661701,redfin
2026-09-24,mls:MC26198295,1068 Kiwi Ct,Merced,95340,475000,3,2,1591,6001,2002,Single Family Residential,Active,2026-09-10,37.3370358,-120.4590921,https://www.redfin.com/CA/Merced/1068-Kiwi-Ct-95340/home/19661176,redfin
2026-09-24,mls:MC26173032,1075 Martin Luther King Jr,Merced,95341,649000,,,,37622,,Vacant Land,Active,2026-08-10,37.2939687,-120.484676,https://www.redfin.com/CA/Merced/1075-Martin-Luther-King-Junior-Way-95341/home/196040546,redfin
2026-09-24,mls:MC26199692,1076 E Estancia Dr,Merced,95348,285000,,,,43560,,Vacant Land,Active,2026-09-11,37.3736192,-120.4669637,https://www.redfin.com/CA/Merced/1076-E-Estancia-Dr-95340/home/168647417,redfin
2026-09-24,mls:MC26174826,1111 E Donna Dr,Merced,95340,499900,3,2,1752,6909,1989,Single Family Residential,Active,2026-08-10,37.3287346,-120.457712,https://www.redfin.com/CA/Merced/1111-E-Donna-Dr-95340/home/19703890,redfin
2026-09-24,mls:MC26050732,1134 Puerto Vallarta Ct,Merced,95348,450000,5,3,2250,5401,2002,Single Family Residential,Active,2026-03-08,37.32734,-120.4877533,https://www.redfin.com/CA/Merced/1134-Puerto-Vallarta-Ct-95348/home/19681832,redfin
2026-09-24,mls:MC26206794,1139 Curry Village Ct,Merced,95340,575000,4,2,2337,14892,1991,Single Family Residential,Active,2026-09-22,37.3317923,-120.4575219,https://www.redfin.com/CA/Merced/1139-Curry-Village-Ct-95340/home/19702610,redfin
2026-09-24,mls:MC26133604,115 W 19th,Merced,95340,299999,2,1,1014,7500,1915,Single Family Residential,Active,2026-06-18,37.3015764,-120.4764496,https://www.redfin.com/CA/Merced/115-W-19th-St-95340/home/19691911,redfin
2026-09-24,mls:MC26171548,1163 W 25th,Merced,95340,399999,3,2,1772,9409,1956,Single Family Residential,Active,2026-08-05,37.3134377,-120.4891296,https://www.redfin.com/CA/Merced/1163-W-25th-St-95340/home/19692191,redfin
2026-09-24,mls:MC26116262,1175 Evening Star,Merced,95348,454000,4,2.5,2023,6720,2005,Single Family Residential,Active,2026-06-10,37.3390078,-120.4899652,https://www.redfin.com/CA/Merced/1175-Evening-Star-Dr-95348/home/19658721,redfin
2026-09-24,mls:226098023,1179 Crescent Dr,Merced,95348,459000,4,4,3545,6704,2005,Single Family Residential,Active,2026-08-04,37.3379097,-120.4894157,https://www.redfin.com/CA/Merced/1179-Crescent-Dr-95348/home/19657584,redfin
2026-09-24,mls:226072996,118 Mcgregor,Merced,95341,295000,3,1,1064,3585,1947,Single Family Residential,Active,2026-06-15,37.2868171,-120.502523,https://www.redfin.com/CA/Merced/118-McGregor-St-95341/home/19681662,redfin
2026-09-24,mls:226076514,12 E San Clemente Dr,Merced,95341,365000,3,2,1313,6325,2003,Single Family Residential,Active,2026-07-22,37.2794952,-120.4818857,https://www.redfin.com/CA/Merced/12-E-San-Clemente-Dr-95341/home/19659458,redfin
2026-09-24,mls:MC26125121,1210 G St,Merced,95341,125000,,,,5010,,Vacant Land,Active,2026-06-08,37.2934266,-120.4784941,https://www.redfin.com/CA/Merced/1210-G-St-95341/home/40001457,redfin
2026-09-24,mls:226107490,1216 Brookdale Dr,Merced,95340,399000,3,2,1813,7701,1976,Single Family Residential,Active,2026-08-26,37.3214384,-120.4579621,https://www.redfin.com/CA/Merced/1216-Brookdale-Dr-95340/home/19703487,redfin
2026-09-24,mls:41148492,1223 W Santa Fe Ave,Merced,95340,289000,3,1,1044,7800,1956,Single Family Residential,Active,2026-09-16,37.3128635,-120.4902929,https://www.redfin.com/CA/Merced/1223-W-Santa-Fe-Ave-95340/home/19691310,redfin
2026-09-24,mls:MC26183039,1228 Wildcat Dr,Merced,95348,429000,4,2,1727,5000,2018,Single Family Residential,Active,2026-08-21,37.3379631,-120.4923012,https://www.redfin.com/CA/Merced/1228-Wildcat-Dr-95348/home/28947278,redfin
2026-09-24,mls:MC26084287,1247 Aspen,Merced,95340,305000,3,2.5,1293,2778,1989,Townhouse,Active,2026-05-29,37.3182302,-120.4570592,https://www.redfin.com/CA/Merced/1247-Aspen-St-95340/home/19703625,redfin
2026-09-24,mls:MC26165216,1248 W 9th,Merced,95341,399999,,,,15000,,Vacant Land,Active,2026-07-31,37.2970535,-120.4997506,https://www.redfin.com/CA/Merced/1248-W-9th-St-95341/home/161268254,redfin
2026-09-24,mls:MC26158013,125 N Parsons,Merced,95341,600000,,,,95832,,Vacant Land,Active,2026-07-24,37.289108,-120.452237,https://www.redfin.com/CA/Merced/125-N-Parsons-Ave-95341/home/19686748,redfin
2026-09-24,mls:41149059,1250 W Cardella Rd,Merced,95348,2288000,,,,333669,,Vacant Land,Active,2026-09-22,37.3459004,-120.4925466,https://www.redfin.com/CA/Merced/1250-W-Cardella-Rd-95348/home/205652135,redfin
2026-09-24,mls:SR26155316,1255 Carol,Merced,95341,212520,2,1,878,10659,1945,Single Family Residential,Active,2026-07-16,37.2911539,-120.4547374,https://www.redfin.com/CA/Merced/1255-Carol-Ave-95341/home/19687416,redfin
2026-09-24,mls:8595DE3FC6C7,126 Sugar Creek Ln,Merced,95341,396990,3,2,1230,,2026,Single Family Residential,Active,2026-06-25,37.286017,-120.430897,https://www.redfin.com/CA/Merced/126-Sugar-Creek-Ln-95341/home/196422602,redfin
2026-09-24,mls:MC26147340,126 Sugar Creek Ln Unit 144 S2,Merced,95341,409490,3,2,1230,5237,2026,Single Family Residential,Active,2026-07-07,37.286017,-120.430897,https://www.redfin.com/CA/Merced/126-Sugar-Creek-Ln-95341/unit-144-S2/home/202672067,redfin
2026-09-24,mls:MC26192342,1260 Brightday,Merced,95348,465000,5,3,2352,3601,2004,Single Family Residential,Active,2026-09-21,37.3339626,-120.4934448,https://www.redfin.com/CA/Merced/1260-Brightday-Dr-95348/home/19659528,redfin
2026-09-24,mls:41146671,1280 Dodd Ct,Merced,95341,390000,3,2,1136,9854,1958,Single Family Residential,Active,2026-08-30,37.2940166,-120.4596405,https://www.redfin.com/CA/Merced/1280-Dodd-Ct-95341/home/19687216,redfin
2026-09-24,mls:226119361,1289 Lurs Ct,Merced,95348,649999,6,4,3576,5998,2006,Single Family Residential,Active,2026-09-23,37.3399683,-120.494627,https://www.redfin.com/CA/Merced/1289-Lurs-Ct-95348/home/19652856,redfin
2026-09-24,mls:226118378,1317 Derby Dr,Merced,95348,450000,4,2,1894,5123,2005,Single Family Residential,Active,2026-09-21,37.3391514,-120.4961679,https://www.redfin.com/CA/Merced/1317-Derby-Dr-95348/home/19656266,redfin
2026-09-24,mls:MC26157505,1338 Christopher,Merced,95340,519000,4,3,1926,6991,2003,Single Family Residential,Active,2026-07-29,37.3370659,-120.4558575,https://www.redfin.com/CA/Merced/1338-Christopher-Dr-95340/home/19661258,redfin
2026-09-24,mls:MC26189958,134 Wonderland Trail Ln,Merced,95341,320000,2,2.5,1259,1649,2025,Townhouse,Active,2026-08-30,37.2759829,-120.480413,https://www.redfin.com/CA/Merced/134-Wonderland-Trail-Ln-95341/home/196426234,redfin
2026-09-24,mls:MC26169820,1370 Belmont,Merced,95348,399000,4,2.5,1793,3894,2007,Single Family Residential,Active,2026-08-10,37.3322996,-120.4978172,https://www.redfin.com/CA/Merced/1370-Belmont-Dr-95348/home/19654301,redfin
2026-09-24,mls:MC25269518,1375 Loughborough,Merced,95348,339000,3,2,1335,6015,1977,Single Family Residential,Active,2025-12-04,37.3236212,-120.4923658,https://www.redfin.com/CA/Merced/1375-Loughborough-Dr-95348/home/19682673,redfin
2026-09-24,mls:MC26131391,1396 Belmont,Merced,95348,450000,4,2.5,2044,8244,2007,Single Family Residential,Active,2026-08-06,37.3322877,-120.4986726,https://www.redfin.com/CA/Merced/1396-Belmont-Dr-95348/home/19656137,redfin
2026-09-24,mls:226107956,1405 E 22nd St,Merced,95340,275000,3,2,1570,10624,1948,Single Family Residential,Active,2026-08-26,37.2980334,-120.45711,https://www.redfin.com/CA/Merced/1405-E-22nd-St-95340/home/19688065,redfin
2026-09-24,mls:MC26152644,1420 Q,Merced,95340,359000,2,1,739,3300,1888,Single Family Residential,Active,2026-07-19,37.3011937,-120.4924052,https://www.redfin.com/CA/Merced/1420-Q-St-95340/home/19691845,redfin
2026-09-24,mls:MC26194119,1430 Jackson Ct,Merced,95340,440000,4,2,1743,8109,1983,Single Family Residential,Active,2026-09-04,37.3069701,-120.4552671,https://www.redfin.com/CA/Merced/1430-Jackson-Ct-95340/home/19688693,redfin
2026-09-24,mls:4F1114110B6D,144 Sugar Creek Ln,Merced,95341,402990,3,2,1230,,2026,Single Family Residential,Active,2026-08-02,37.285743,-120.430897,https://www.redfin.com/CA/Merced/144-Sugar-Creek-Ln-95341/home/196422605,redfin
2026-09-24,mls:MC26169778,144 Sugar Creek Ln Unit 146 S2,Merced,95341,411490,3,2,1230,5237,2026,Single Family Residential,Active,2026-08-04,37.285743,-120.430897,https://www.redfin.com/CA/Merced/144-Sugar-Creek-Ln-95341/unit-146-S2/home/204345514,redfin
2026-09-24,mls:PW26187649,1445 San Simeon Ct,Merced,95348,550000,5,2.5,2374,8712,2003,Single Family Residential,Active,2026-09-12,37.3293642,-120.5020601,https://www.redfin.com/CA/Merced/1445-San-Simeon-Ct-95348/home/19657788,redfin
2026-09-24,mls:MC26187679,145 E 20th,Merced,95340,365000,3,2,1387,10500,1937,Single Family Residential,Active,2026-08-26,37.3009629,-120.4714669,https://www.redfin.com/CA/Merced/145-E-20th-St-95340/home/19688370,redfin
2026-09-24,mls:MC26139057,1456 Cameron Unit 1-4,Merced,95340,895500,6,4,2420,60984,1950,Multi-Family (2-4 Unit),Active,2026-06-29,37.3062067,-120.455665,https://www.redfin.com/CA/Merced/1456-Cameron-Ln-95340/unit-1-4/home/195049604,redfin
2026-09-24,mls:PTP2606984,1490 Cameron Ln,Merced,95340,225000,2,1,1008,85813,1920,Single Family Residential,Active,2026-09-15,37.306095,-120.4550565,https://www.redfin.com/CA/Merced/1490-Cameron-Ln-95340/home/19689404,redfin
2026-09-24,mls:MC26182786,1495 Davenport,Merced,95340,565000,5,2.5,2447,10670,2004,Single Family Residential,Active,2026-09-01,37.3391653,-120.4514234,https://www.redfin.com/CA/Merced/1495-Davenport-Dr-95340/home/19662192,redfin
2026-09-24,mls:MC26021538,15 E 22nd,Merced,95340,389999,3,2,1275,7500,1928,Single Family Residential,Active,2026-01-29,37.3036766,-120.4723446,https://www.redfin.com/CA/Merced/15-E-22nd-St-95340/home/19688184,redfin
2026-09-24,mls:MC26020247,1515 E Mission,Merced,95341,25000000,,,,100188,,Vacant Land,Active,2026-01-28,37.2736919,-120.4556914,https://www.redfin.com/CA/Merced/1515-E-Mission-Ave-95341/home/28953789,redfin
2026-09-24,mls:MC26053870,1525 La Sierra St,Merced,95348,380000,3,2,1482,4564,2007,Single Family Residential,Active,2026-03-11,37.3361477,-120.5021372,https://www.redfin.com/CA/Merced/1525-La-Sierra-St-95348/home/19650533,redfin
2026-09-24,mls:226109516,1528 W 9th St,Merced,95341,299999,3,1,1022,7501,1953,Single Family Residential,Active,2026-08-30,37.2987079,-120.5039731,https://www.redfin.com/CA/Merced/1528-W-9th-St-95341/home/19690419,redfin
2026-09-24,mls:MC26179416,1560 W 23rd,Merced,95340,429000,3,2,1184,8643,1953,Single Family Residential,Active,2026-08-17,37.3132768,-120.4966458,https://www.redfin.com/CA/Merced/1560-W-23rd-St-95340/home/19692739,redfin
2026-09-24,mls:MC26093833,1567-- 1573 Ellen Ct,Merced,95341,630000,32,16,3360,8077,1980,Multi-Family (2-4 Unit),Active,2026-05-19,37.2905282,-120.4537923,https://www.redfin.com/CA/Merced/1567-Ellen-Ct-95341/home/19686231,redfin
2026-09-24,mls:5682D2EA5AD7,157 Sugar Creek Ln,Merced,95341,402990,3,2,1230,,2026,Single Family Residential,Active,2026-07-02,37.285605,-120.431451,https://www.redfin.com/CA/Merced/157-Sugar-Creek-Ln-95341/home/196422617,redfin
2026-09-24,mls:MC26147358,157 Sugar Creek Ln Unit 156 S2,Merced,95341,414490,3,2,1230,5000,2026,Single Family Residential,Active,2026-07-07,37.285605,-120.431451,https://www.redfin.com/CA/Merced/157-Sugar-Creek-Ln-95341/unit-156-S2/home/202672141,redfin
2026-09-24,mls:226115574,1645 Rose Ave,Merced,95341,310000,3,1.5,986,5998,1951,Single Family Residential,Active,2026-09-15,37.2926887,-120.4609236,https://www.redfin.com/CA/Merced/1645-Rose-Ave-95341/home/19687580,redfin
2026-09-24,mls:225113378,1650 Bette St,Merced,95341,399000,3,1,1182,6800,1955,Multi-Family (2-4 Unit),Active,2025-09-25,37.2927086,-120.4563639,https://www.redfin.com/CA/Merced/1650-Bette-St-95341/home/19687274,redfin
2026-09-24,mls:653237,1657 Cypress Way,Merced,95341,425000,4,3,2546,2543,,Multi-Family (2-4 Unit),Active,2026-08-05,37.2938798,-120.4643555,https://www.redfin.com/CA/Merced/1657-Cypress-Way-95341/home/19687242,redfin
2026-09-24,mls:MC26098101,1670 W North Bear Crk,Merced,95348,230000,2,1.5,972,508,1984,Condo/Co-op,Active,2026-05-06,37.3095386,-120.5036708,https://www.redfin.com/CA/Merced/1670-W-North-Bear-Creek-Dr-95348/home/19682008,redfin
2026-09-24,mls:B5633E295B15,168 Sugar Creek Ln,Merced,95341,517490,5,3.5,2554,,2026,Single Family Residential,Active,2026-08-14,37.285468,-120.430896,https://www.redfin.com/CA/Merced/168-Sugar-Creek-Ln-95341/home/196422607,redfin
2026-09-24,mls:MC26177022,1720 E 26th,Merced,95340,260000,3,2,1617,8712,1956,Single Family Residential,Active,2026-09-14,37.3014793,-120.4515503,https://www.redfin.com/CA/Merced/1720-E-26th-St-95340/home/19690030,redfin
2026-09-24,mls:466936FB0DD2,173 Sugar Creek Ln,Merced,95341,402990,3,2,1230,,2026,Single Family Residential,Active,2026-08-02,37.28533,-120.431451,https://www.redfin.com/CA/Merced/173-Sugar-Creek-Ln-95341/home/196422615,redfin
2026-09-24,mls:MC26169793,173 Sugar Creek Ln Unit 154 S2,Merced,95341,411490,3,2,1230,5237,2026,Single Family Residential,Active,2026-08-04,37.28533,-120.431451,https://www.redfin.com/CA/Merced/173-Sugar-Creek-Ln-95341/unit-154-S2/home/204345595,redfin
2026-09-24,mls:MC26125253,1744 Wildwood Ct,Merced,95340,479000,4,2,1920,6200,1977,Single Family Residential,Active,2026-06-09,37.31414,-120.4499462,https://www.redfin.com/CA/Merced/1744-Wildwood-Ct-95340/home/19701174,redfin
2026-09-24,mls:MC26026210,1754 Merced,Merced,95341,229900,2,2,1004,1011,1988,Condo/Co-op,Active,2026-02-04,37.2910389,-120.4557599,https://www.redfin.com/CA/Merced/1754-Merced-Ave-95341/home/19686738,redfin
2026-09-24,mls:MC26167368,178 La Purisima Ct,Merced,95341,365000,4,2,1511,5094,2003,Single Family Residential,Active,2026-07-31,37.2780743,-120.4849678,https://www.redfin.com/CA/Merced/178-La-Purisima-Ct-95341/home/19661588,redfin
2026-09-24,mls:MC26179624,1780 W 8th,Merced,95341,415000,4,2,1099,9384,1960,Single Family Residential,Active,2026-08-17,37.2979996,-120.5065563,https://www.redfin.com/CA/Merced/1780-W-8th-St-95341/home/19681858,redfin
2026-09-24,mls:226069650,179 Sullivan Dr,Merced,95348,395000,4,2.5,1737,2452,2021,Single Family Residential,Active,2026-06-02,37.345954,-120.4708116,https://www.redfin.com/CA/Merced/179-Sullivan-Dr-95348/home/28949071,redfin
2026-09-24,mls:MC26085666,1800 E South Bear Creek Dr,Merced,95340,1850000,,,,165528,,Vacant Land,Active,2026-04-20,37.3084271,-120.4505241,https://www.redfin.com/CA/Merced/1800-E-South-Bear-Creek-Dr-95340/home/201469166,redfin
2026-09-24,mls:B34D6784F381,184 Sugar Creek Ln,Merced,95341,411490,3,2,1230,,2026,Single Family Residential,Active,2026-09-17,37.285194,-120.430896,https://www.redfin.com/CA/Merced/184-Sugar-Creek-Ln-95341/home/196422610,redfin
2026-09-24,mls:226095261,1843 Brookside Dr,Merced,95348,439999,3,2,1300,5998,1993,Single Family Residential,Active,2026-07-29,37.3107607,-120.5000968,https://www.redfin.com/CA/Merced/1843-Brookside-Dr-95348/home/19681785,redfin
2026-09-24,mls:226086370,1848 Ashby Rd #46,Merced,95348,35000,1,1,550,,1963,Mobile/Manufactured Home,Active,2026-07-09,37.3160299,-120.5246712,https://www.redfin.com/CA/Merced/1848-Ashby-Rd-95348/unit-46/home/202691800,redfin
2026-09-24,mls:226116786,1903 Belcher Ave,Merced,95348,335000,4,2,1344,10006,1942,Single Family Residential,Active,2026-09-18,37.3388978,-120.5165499,https://www.redfin.com/CA/Merced/1903-Belcher-Ave-95348/home/19684069,redfin
2026-09-24,mls:MC26185027,1921 Fultz Ct,Merced,95341,368000,3,2,1623,6870,1994,Single Family Residential,Active,2026-08-24,37.3036484,-120.5108838,https://www.redfin.com/CA/Merced/1921-Fultz-Ct-95341/home/19680273,redfin
2026-09-24,mls:226108604,1927 I St,Merced,95340,229900,2,1,1067,4251,1920,Single Family Residential,Active,2026-08-28,37.3024475,-120.4775801,https://www.redfin.com/CA/Merced/1927-I-St-95340/home/19691592,redfin
2026-09-24,mls:4B0A11C7BE34,193 Squaw Valley Dr,Merced,95341,440840,4,2,1509,,2026,Single Family Residential,Active,2026-09-17,37.285045,-120.430547,https://www.redfin.com/CA/Merced/193-Squaw-Valley-Dr-95341/home/196422599,redfin
2026-09-24,mls:MC26158152,1949 Sierra Ct,Merced,95340,475000,4,2,1981,6966,1972,Single Family Residential,Active,2026-07-23,37.3152907,-120.4483733,https://www.redfin.com/CA/Merced/1949-Sierra-Ct-95340/home/19701573,redfin
2026-09-24,mls:22A3827BD3CD,196 Sugar Creek Ln,Merced,95341,518490,5,3.5,2554,,2026,Single Family Residential,Active,2026-09-17,37.285044,-120.430892,https://www.redfin.com/CA/Merced/196-Sugar-Creek-Ln-95341/home/196422611,redfin
2026-09-24,mls:MC26182916,1961 Heather Ct,Merced,95340,450000,4,2.5,2142,11499,1968,Single Family Residential,Active,2026-09-09,37.3217927,-120.4478115,https://www.redfin.com/CA/Merced/1961-Heather-Ct-95340/home/19701510,redfin
2026-09-24,mls:MC26201033,1962-1976 Edwards,Merced,95340,1099000,16,8,6800,16203,1979,Multi-Family (5+ Unit),Active,2026-09-14,37.2960443,-120.4497828,https://www.redfin.com/CA/Merced/1976-Edwards-Ave-95340/home/194349022,redfin
2026-09-24,mls:226118761,1975 E Alexander Ave,Merced,95340,460000,4,2,1981,7196,1972,Single Family Residential,Active,2026-09-23,37.3162653,-120.4476882,https://www.redfin.com/CA/Merced/1975-E-Alexander-Ave-95340/home/19647629,redfin
2026-09-24,mls:45DECE2E6E03,198 Squaw Valley Dr,Merced,95341,524390,5,3.5,2554,,2026,Single Family Residential,Active,2026-09-17,37.285044,-120.429985,https://www.redfin.com/CA/Merced/198-Squaw-Valley-Dr-95341/home/196422598,redfin
2026-09-24,mls:MC26104173,2020 Ashby #37,Merced,95348,45000,2,1,784,,1990,Mobile/Manufactured Home,Active,2026-05-26,37.319875,-120.531759,https://www.redfin.com/CA/Merced/2020-Ashby-Rd-95348/unit-37/home/19655033,redfin
2026-09-24,mls:MC26111129,2021 W,Merced,95340,975000,2,2,2609,15762,1952,Single Family Residential,Active,2026-05-21,37.3109651,-120.4982227,https://www.redfin.com/CA/Merced/2021-W-St-95340/home/19691996,redfin
2026-09-24,mls:MC26033812,203 W 20th,Merced,95340,549000,3,3,3551,15000,1950,Single Family Residential,Active,2026-04-23,37.303043,-120.4771877,https://www.redfin.com/CA/Merced/203-W-20th-St-95340/home/21856884,redfin
2026-09-24,mls:226109168,2030 Calimyrna Ave,Merced,95340,299900,3,1,1502,5942,1923,Single Family Residential,Active,2026-09-02,37.2994439,-120.4668591,https://www.redfin.com/CA/Merced/2030-Calimyrna-Ave-95340/home/19688270,redfin
2026-09-24,mls:MC26174063,2033 Highland,Merced,95340,259000,2,1,898,5508,1940,Single Family Residential,Active,2026-08-10,37.2964825,-120.4592823,https://www.redfin.com/CA/Merced/2033-Highland-Dr-95340/home/19687669,redfin
2026-09-24,mls:MC26138430,2035 Highland,Merced,95340,287750,2,1,900,5508,1940,Single Family Residential,Active,2026-06-24,37.2966447,-120.4591808,https://www.redfin.com/CA/Merced/2035-Highland-Dr-95340/home/19687670,redfin
2026-09-24,mls:MC25255358,2051 Wardrobe,Merced,95341,1200000,,,,217800,,Vacant Land,Active,2025-11-06,37.2965338,-120.5135744,https://www.redfin.com/CA/Merced/2051-Wardrobe-Ave-95341/home/198908746,redfin
2026-09-24,mls:MC25183712,2052 W Solis St,Merced,95348,425000,4,2,1757,6096,2006,Single Family Residential,Active,2025-08-14,37.3226855,-120.5238217,https://www.redfin.com/CA/Merced/2052-W-Solis-St-95348/home/19652571,redfin
2026-09-24,mls:226116217,207 Yorktown,Merced,95341,335000,3,2,1086,7566,1996,Single Family Residential,Active,2026-09-16,37.284626,-120.4469835,https://www.redfin.com/CA/Merced/207-Yorktown-Sq-95341/home/19679090,redfin
2026-09-24,mls:MC26187494,2085 Cabot Ave,Merced,95348,400000,4,2,1520,7469,1960,Single Family Residential,Active,2026-08-27,37.3174702,-120.5243999,https://www.redfin.com/CA/Merced/2085-Cabot-Ave-95348/home/19684261,redfin
2026-09-24,mls:MC26192421,209 E 18th,Merced,95340,300000,2,1,950,6000,1940,Single Family Residential,Active,2026-09-02,37.298438,-120.4712615,https://www.redfin.com/CA/Merced/209-E-18th-St-95340/home/19687645,redfin
2026-09-24,mls:MC25022775,2094 W Pincay St,Merced,95348,399000,4,2,1527,5000,2017,Single Family Residential,Active,2025-05-25,37.3219899,-120.5245414,https://www.redfin.com/CA/Merced/2094-W-Pincay-St-95348/home/28948293,redfin
2026-09-24,mls:MC26207782,2121 Almondwood,Merced,95340,380000,3,2.5,2029,10000,1964,Single Family Residential,Active,2026-09-23,37.3104334,-120.4458442,https://www.redfin.com/CA/Merced/2121-Almondwood-Ln-95340/home/19701362,redfin
2026-09-24,mls:MC26205621,2129 Balboa,Merced,95348,365000,3,2,1176,7799,1973,Single Family Residential,Active,2026-09-20,37.3193005,-120.5251999,https://www.redfin.com/CA/Merced/2129-Balboa-Ave-95348/home/19683694,redfin
2026-09-24,mls:MC26191646,2142 Coronado,Merced,95348,349900,3,2,1200,9180,1975,Single Family Residential,Active,2026-09-01,37.3206102,-120.5253783,https://www.redfin.com/CA/Merced/2142-Coronado-Ave-95348/home/19683760,redfin
2026-09-24,mls:MC26009630,2148 Keely,Merced,95340,179900,3,1,1120,9975,1944,Single Family Residential,Active,2026-02-09,37.2959326,-120.4539261,https://www.redfin.com/CA/Merced/2148-Keely-Ave-95340/home/19688454,redfin
2026-09-24,mls:226093612,2151 Martin Luther King Jr Way,Merced,95340,499900,4,3,2004,7501,1968,Multi-Family (2-4 Unit),Active,2026-07-23,37.3051118,-120.4778688,https://www.redfin.com/CA/Merced/2151-Martin-Luther-King-Jr-Way-95340/home/19691728,redfin
2026-09-24,mls:MC26195940,2201 F,Merced,95340,325000,3,1.5,1053,5212,1938,Single Family Residential,Active,2026-09-19,37.3033178,-120.4713791,https://www.redfin.com/CA/Merced/2201-F-St-95340/home/19688666,redfin
2026-09-24,mls:MC26125038,2201 Leeward Ct,Merced,95340,279000,,,,43560,,Vacant Land,Active,2026-06-12,37.3622349,-120.4462804,https://www.redfin.com/CA/Merced/2201-Leeward-Ct-95340/home/168647664,redfin
2026-09-24,mls:MC26196327,2205 O,Merced,95340,475000,4,2,1470,7500,1961,Multi-Family (2-4 Unit),Active,2026-09-16,37.3083803,-120.4851105,https://www.redfin.com/CA/Merced/2205-O-St-95340/home/19691167,redfin
2026-09-24,mls:CC0C964D4B95,222 Nadine St,Merced,95341,458360,3,2.5,1777,,2026,Single Family Residential,Active,2026-09-17,37.291803,-120.426595,https://www.redfin.com/CA/Merced/222-Nadine-St-95341/home/196422449,redfin
2026-09-24,mls:403B01679356,223 Nadine St,Merced,95341,482360,4,2.5,1924,,2026,Single Family Residential,Active,2026-09-17,37.291811,-120.427129,https://www.redfin.com/CA/Merced/223-Nadine-St-95341/home/196422452,redfin
2026-09-24,mls:MC25117734,2230 Vassar Ave,Merced,95341,1484250,,,,862052,,Vacant Land,Active,2025-06-13,37.2658466,-120.4474761,https://www.redfin.com/CA/Merced/2230-Vassar-Ave-95341/home/196078103,redfin
2026-09-24,mls:MC26187159,2235 Dunn,Merced,95340,695000,4,3.5,3140,69696,1977,Single Family Residential,Active,2026-08-31,37.3391724,-120.4435818,https://www.redfin.com/CA/Merced/2235-Dunn-Rd-95340/home/19657222,redfin
2026-09-24,mls:MC26071153,2240 Golden Oak #119,Merced,95341,89500,2,2,1150,,1976,Mobile/Manufactured Home,Active,2026-04-02,37.292158,-120.446125,https://www.redfin.com/CA/Merced/2240-Golden-Oak-Ln-95341/unit-119/home/19655756,redfin
2026-09-24,mls:MC26170275,2240 Golden Oak #3,Merced,95341,99900,2,2,1750,,1976,Mobile/Manufactured Home,Active,2026-08-04,37.29489,-120.446153,https://www.redfin.com/CA/Merced/2240-Golden-Oak-Ln-95341/unit-3/home/19654936,redfin
2026-09-24,mls:MC26173824,2240 Golden Oak #78,Merced,95341,49999,2,2,1040,,1990,Mobile/Manufactured Home,Active,2026-08-11,37.292974,-120.445599,https://www.redfin.com/CA/Merced/2240-Golden-Oak-Ln-95341/unit-78/home/19655047,redfin
2026-09-24,mls:MC26109234,2240 Golden Oak #88,Merced,95341,54900,2,2,1322,,1976,Mobile/Manufactured Home,Active,2026-05-19,37.294494,-120.445842,https://www.redfin.com/CA/Merced/2240-Golden-Oak-Ln-95341/unit-88/home/19654807,redfin
2026-09-24,mls:226086303,2240 Golden Oak Ln #103,Merced,95341,39000,2,2,1200,,1988,Mobile/Manufactured Home,Active,2026-07-08,37.291986,-120.445836,https://www.redfin.com/CA/Merced/2240-Golden-Oak-Ln-95341/unit-103/home/19655095,redfin
2026-09-24,mls:MC25186079,2240 Golden Oak Ln #117,Merced,95341,124900,3,2,,,2023,Mobile/Manufactured Home,Active,2025-08-18,37.2931187,-120.4458279,https://www.redfin.com/CA/Merced/2240-Golden-Oak-Ln-95341/unit-117/home/19654948,redfin
2026-09-24,mls:226111087,2240 Golden Oak Ln #131,Merced,95340,32900,2,2,856,,1977,Mobile/Manufactured Home,Active,2026-09-03,37.292229,-120.44648,https://www.redfin.com/CA/Merced/2240-Golden-Oak-Ln-95341/unit-131/home/19653889,redfin
2026-09-24,mls:226091001,2240 Golden Oak Ln #134,Merced,95341,89900,2,2,1440,,1973,Mobile/Manufactured Home,Active,2026-07-17,37.3015976,-120.4808915,https://www.redfin.com/CA/Merced/2240-Golden-Oak-Ln-95341/unit-134/home/196130863,redfin
2026-09-24,mls:MC26142503,2240 Golden Oak Ln #28,Merced,95341,69000,2,1,,,1976,Mobile/Manufactured Home,Active,2026-06-30,37.292482,-120.444925,https://www.redfin.com/CA/Merced/2240-Golden-Oak-Ln-95341/unit-28/home/19654671,redfin
2026-09-24,mls:MC26050607,2240 Golden Oak Ln #47,Merced,95341,99999,2,2,,,1976,Mobile/Manufactured Home,Active,2026-03-07,37.294003,-120.445243,https://www.redfin.com/CA/Merced/2240-Golden-Oak-Ln-95341/unit-47/home/19655135,redfin
2026-09-24,mls:226056493,2240 Golden Oak Ln #73,Merced,95341,48000,1,1,672,,1969,Mobile/Manufactured Home,Active,2026-05-07,37.293636,-120.44562,https://www.redfin.com/CA/Merced/2240-Golden-Oak-Ln-95341/unit-73/home/19655777,redfin
2026-09-24,mls:226093239,2240 Golden Oak Ln #94,Merced,95341,80000,2,2,1248,1248,1978,Mobile/Manufactured Home,Active,2026-07-27,37.293678,-120.445909,https://www.redfin.com/CA/Merced/2240-Golden-Oak-Ln-95341/unit-94/home/19654824,redfin
2026-09-24,mls:226012270,2240 Golden Oak Ln #98,Merced,95341,75000,2,1.5,720,,1977,Mobile/Manufactured Home,Active,2026-02-03,37.292737,-120.445858,https://www.redfin.com/CA/Merced/2240-Golden-Oak-Ln-95341/unit-98/home/19655775,redfin
2026-09-24,mls:MC25134955,2246 E Mission Ave,Merced,95341,2812500,3,2,,980100,,Vacant Land,Active,2025-06-17,37.2728692,-120.447396,https://www.redfin.com/CA/Merced/2246-E-Mission-Ave-95341/home/148012696,redfin
2026-09-24,mls:MC25117715,2260 Vassar Ave,Merced,95341,1484250,,,,862052,,Vacant Land,Active,2025-06-13,37.2661175,-120.4465739,https://www.redfin.com/CA/Merced/2260-Vassar-Ave-95341/home/196077950,redfin
2026-09-24,mls:226036725,230 W 25th St,Merced,95340,310000,2,1,1151,7501,1940,Single Family Residential,Active,2026-03-26,37.307796,-120.4750627,https://www.redfin.com/CA/Merced/230-W-25th-St-95340/home/19692754,redfin
2026-09-24,mls:FE2960DBDF13,231 Nadine St,Merced,95341,433360,3,2,1567,,2026,Single Family Residential,Active,2026-09-17,37.291933,-120.427126,https://www.redfin.com/CA/Merced/231-Nadine-St-95341/home/196422453,redfin
2026-09-24,mls:MC26201787,2318 Beachwood,Merced,95348,170000,,,,10131,,Vacant Land,Active,2026-09-15,37.3218577,-120.5277841,https://www.redfin.com/CA/Merced/2318-Beachwood-Dr-95348/home/19683786,redfin
2026-09-24,mls:226115232,2324 Q St,Merced,95340,379600,2,2,960,5001,1945,Multi-Family (2-4 Unit),Active,2026-09-14,37.3105252,-120.486923,https://www.redfin.com/CA/Merced/2324-Q-St-95340/home/19692696,redfin
2026-09-24,mls:MC26058771,2330 Meadowbrook,Merced,95348,299900,3,1,796,10131,1955,Single Family Residential,Active,2026-03-18,37.3219624,-120.5265673,https://www.redfin.com/CA/Merced/2330-Meadowbrook-Ave-95348/home/19683370,redfin
2026-09-24,mls:8B5C5ABDB3A3,234 Nadine St,Merced,95341,483360,4,2.5,1924,,2026,Single Family Residential,Active,2026-09-17,37.291933,-120.426587,https://www.redfin.com/CA/Merced/234-Nadine-St-95341/home/196422448,redfin
2026-09-24,mls:MC26198886,2382 Explorador,Merced,95340,449900,4,3,2111,5198,2020,Single Family Residential,Active,2026-09-10,37.3314996,-120.4391447,https://www.redfin.com/CA/Merced/2382-Explorador-Dr-95340/home/28949993,redfin
2026-09-24,mls:MC26136816,2400 K,Merced,95340,1900000,34,14,10800,43560,1950,Multi-Family (5+ Unit),Active,2026-06-23,37.3079833,-120.4774917,https://www.redfin.com/CA/Merced/2400-K-St-95340/home/19692168,redfin
2026-09-24,mls:MC26130264,242 Torino Ct,Merced,95341,379000,4,2,1617,5369,2006,Single Family Residential,Active,2026-06-30,37.2846754,-120.4436122,https://www.redfin.com/CA/Merced/242-Torino-Ct-95341/home/19658046,redfin
2026-09-24,mls:652381,2429 Explorador,Merced,95348,526900,6,3,2621,9082,2022,Single Family Residential,Active,2026-07-21,37.3311588,-120.4362697,https://www.redfin.com/CA/Merced/2429-Explorador-Dr-95340/home/172354337,redfin
2026-09-24,mls:MC26096689,2432 Meadowbrook,Merced,95348,210000,2,1,753,10098,1956,Single Family Residential,Active,2026-06-02,37.323458,-120.5264721,https://www.redfin.com/CA/Merced/2432-Meadowbrook-Ave-95348/home/19683397,redfin
2026-09-24,mls:MC26165208,2446 Valverde,Merced,95340,489000,4,2,2265,7797,2020,Single Family Residential,Active,2026-08-18,37.3275318,-120.4351416,https://www.redfin.com/CA/Merced/2446-Valverde-Dr-95340/home/172354531,redfin
2026-09-24,mls:994DC9242AC9,246 Nadine St,Merced,95341,430360,3,2,1567,,2026,Single Family Residential,Active,2026-08-08,37.292059,-120.426601,https://www.redfin.com/CA/Merced/246-Nadine-St-95341/home/196422447,redfin
2026-09-24,mls:MC26168944,2462 Valverde Dr,Merced,95340,490000,4,2,2265,7797,2021,Single Family Residential,Active,2026-08-04,37.3275309,-120.4341928,https://www.redfin.com/CA/Merced/2462-Valverde-Dr-95340/home/172354535,redfin
2026-09-24,mls:1A7A12C09B01,247 Nadine St,Merced,95341,490360,4,2.5,1924,,2026,Single Family Residential,Active,2026-09-17,37.292055,-120.42714,https://www.redfin.com/CA/Merced/247-Nadine-St-95341/home/196422454,redfin
2026-09-24,mls:41142267,2481 Pineda Dr,Merced,95340,525888,6,3,2621,5255,2021,Single Family Residential,Active,2026-07-21,37.3289769,-120.4337045,https://www.redfin.com/CA/Merced/2481-Pineda-Dr-95340/home/172354416,redfin
2026-09-24,mls:DW26079389,2482 Valdes Dr,Merced,95340,489000,5,2.5,2282,6216,2021,Single Family Residential,Active,2026-04-17,37.3282178,-120.4337124,https://www.redfin.com/CA/Merced/2482-Valdes-Dr-95340/home/172354499,redfin
2026-09-24,mls:MC26150631,2499 E Gerard #153,Merced,95341,109000,4,2,1584,,1974,Mobile/Manufactured Home,Active,2026-07-10,37.283791,-120.44268,https://www.redfin.com/CA/Merced/2499-E-Gerard-Ave-95341/unit-153/home/19653440,redfin
2026-09-24,mls:MC25223780,2500 N Highway 59 #270,Merced,95348,65000,2,2,828,2774,1993,Mobile/Manufactured Home,Active,2025-09-23,37.31288,-120.50228,https://www.redfin.com/CA/Merced/2500-N-State-Highway-59-95348/unit-270/home/19655158,redfin
2026-09-24,mls:MC26177592,2500 N STATE HIGHWAY 59,Merced,95348,23000,2,1,720,1400,1972,Mobile/Manufactured Home,Active,2026-08-13,37.311751,-120.503155,https://www.redfin.com/CA/Merced/2500-N-State-Highway-59-95348/home/19653725,redfin
2026-09-24,mls:226100905,2500 N State Highway 59 #239,Merced,95348,59000,3,2,1440,,1973,Mobile/Manufactured Home,Active,2026-08-10,37.312075,-120.503703,https://www.redfin.com/CA/Merced/2500-N-State-Highway-59-95348/unit-239/home/19655259,redfin
2026-09-24,mls:MC26203025,2501 3rd Ave,Merced,95340,320000,3,2,1759,9000,1949,Single Family Residential,Active,2026-09-22,37.3060473,-120.469433,https://www.redfin.com/CA/Merced/2501-3rd-Ave-95340/home/19690084,redfin
2026-09-24,mls:226084553,2511 Franklin Rd,Merced,95348,2730000,2,1,,1698840,,Vacant Land,Active,2026-07-06,37.3246509,-120.5412329,https://www.redfin.com/CA/Merced/2511-Franklin-Rd-95348/home/196420034,redfin
2026-09-24,mls:MC26198267,252 S Gurr,Merced,95341,848000,,,,1286327,,Vacant Land,Active,2026-09-13,37.283567,-120.5598286,https://www.redfin.com/CA/Merced/252-S-Gurr-Rd-95341/home/168650428,redfin
2026-09-24,mls:MC25009072,2520 Mckee Rd,Merced,95340,410000,2,1,1257,17264,1946,Single Family Residential,Active,2025-01-14,37.3029949,-120.4445901,https://www.redfin.com/CA/Merced/2520-McKee-Rd-95340/home/19679429,redfin
2026-09-24,mls:MC26197299,2521 K,Merced,95340,125000,,,,7500,,Vacant Land,Active,2026-09-15,37.3093214,-120.477197,https://www.redfin.com/CA/Merced/2521-K-St-95340/home/19692139,redfin
2026-09-24,mls:MC26143143,2524 B And B,Merced,95348,649999,3,2.5,2321,39969,1988,Single Family Residential,Active,2026-07-01,37.3247897,-120.5374749,https://www.redfin.com/CA/Merced/2524-B-and-B-Blvd-95348/home/19683310,redfin
2026-09-24,mls:25AF009521C3,253 Nadine St,Merced,95341,459360,3,2.5,1777,,2026,Single Family Residential,Active,2026-09-17,37.292204,-120.427132,https://www.redfin.com/CA/Merced/253-Nadine-St-95341/home/196422455,redfin
2026-09-24,mls:MC26165503,255 Travis Ct,Merced,95341,442990,3,2.5,1777,4736,2026,Single Family Residential,Active,2026-07-29,37.292198,-120.428042,https://www.redfin.com/CA/Merced/255-Travis-Ct-95341/home/192932898,redfin
2026-09-24,mls:MC26202480,2574 Beachwood,Merced,95348,325000,3,1,1036,9690,1961,Single Family Residential,Active,2026-09-16,37.3254655,-120.5278073,https://www.redfin.com/CA/Merced/2574-Beachwood-Dr-95348/home/19683381,redfin
2026-09-24,mls:MC25044845,2577 Lobo Ave,Merced,95348,2400000,,,,1067220,,Vacant Land,Active,2025-03-01,37.3243265,-120.5329261,https://www.redfin.com/CA/Merced/2577-Lobo-Ave-95348/home/21155511,redfin
2026-09-24,mls:09F1B76C48AE,258 Nadine St,Merced,95341,489360,4,2.5,1924,,2026,Single Family Residential,Active,2026-09-17,37.29217,-120.42659,https://www.redfin.com/CA/Merced/258-Nadine-St-95341/home/196422446,redfin
2026-09-24,mls:FR26142565,2581 E Gerard,Merced,95341,359900,3,2,1065,8400,1957,Single Family Residential,Active,2026-08-14,37.280311,-120.441154,https://www.redfin.com/CA/Merced/2581-E-Gerard-Ave-95341/home/19679316,redfin
2026-09-24,mls:C80A812199D4,261 Nadine St,Merced,95341,430360,3,2,1290,,2026,Single Family Residential,Active,2026-09-17,37.292315,-120.427134,https://www.redfin.com/CA/Merced/261-Nadine-St-95341/home/196422456,redfin
2026-09-24,mls:MC26168613,2617 Agnes,Merced,95340,389000,3,2,1561,6124,1962,Single Family Residential,Active,2026-08-03,37.3040711,-120.4605559,https://www.redfin.com/CA/Merced/2617-Agnes-Way-95340/home/19689760,redfin
2026-09-24,mls:MC26206090,2618 Hoover Ct,Merced,95340,374500,3,2,1220,6098,1961,Single Family Residential,Active,2026-09-21,37.3046028,-120.4616319,https://www.redfin.com/CA/Merced/2618-Hoover-Ct-95340/home/19689196,redfin
2026-09-24,mls:562A9715BEFE,262 Nadine St,Merced,95341,521260,4,2.5,1924,,2026,Single Family Residential,Active,2026-06-23,37.292304,-120.426592,https://www.redfin.com/CA/Merced/262-Nadine-St-95341/home/196422445,redfin
2026-09-24,mls:MC26194628,2651 1st,Merced,95340,150000,,,,12104,,Vacant Land,Active,2026-09-09,37.3080934,-120.4698823,https://www.redfin.com/CA/Merced/2651-1st-Ave-95340/home/19689677,redfin
2026-09-24,mls:MC26096382,2653 E North Bear Crk,Merced,95340,925000,5,4,3658,27634,1969,Single Family Residential,Active,2026-05-26,37.309902,-120.4383286,https://www.redfin.com/CA/Merced/2653-E-North-Bear-Creek-Dr-95340/home/19701225,redfin
2026-09-24,mls:MC26189302,2672 9th Ave,Merced,95340,309900,3,1,1168,6600,1960,Single Family Residential,Active,2026-09-16,37.305767,-120.4629463,https://www.redfin.com/CA/Merced/2672-9th-Ave-95340/home/19689558,redfin
2026-09-24,mls:225144310,2679 Lobo Ave,Merced,95348,1200000,3,2,2319,779724,1928,Single Family Residential,Active,2025-12-02,37.3236077,-120.5352663,https://www.redfin.com/CA/Merced/2679-Lobo-Ave-95348/home/196422248,redfin
2026-09-24,mls:MC26196564,268 E 10th,Merced,95341,345000,4,3,1636,5012,1989,Single Family Residential,Active,2026-09-08,37.2901023,-120.476157,https://www.redfin.com/CA/Merced/268-E-10th-St-95341/home/19687247,redfin
2026-09-24,mls:MC26126325,2698 E South Bear Crk,Merced,95340,1049000,4,3.5,3340,52272,1985,Single Family Residential,Active,2026-06-10,37.3085571,-120.4379379,https://www.redfin.com/CA/Merced/2698-E-South-Bear-Creek-Dr-95340/home/19679981,redfin
2026-09-24,mls:MC26165744,272 Travis Ct,Merced,95341,400990,3,2,1290,4723,2026,Single Family Residential,Active,2026-07-29,37.292435,-120.427468,https://www.redfin.com/CA/Merced/272-Travis-Ct-95341/home/192932887,redfin
2026-09-24,mls:MC26163311,2729 Pioneer,Merced,95341,725000,3,2,1412,653400,1975,Single Family Residential,Active,2026-08-03,37.24845,-120.398781,https://www.redfin.com/CA/Merced/2729-Pioneer-95340/home/103654057,redfin
2026-09-24,mls:D019C2C7B656,274 Nadine St,Merced,95341,437260,3,2,1290,,2026,Single Family Residential,Active,2026-06-23,37.29243,-120.426576,https://www.redfin.com/CA/Merced/274-Nadine-St-95341/home/196422444,redfin
2026-09-24,mls:226116770,2747 Saratoga Ave,Merced,95340,365000,3,2,1412,7013,1977,Single Family Residential,Active,2026-09-16,37.3049953,-120.44807,https://www.redfin.com/CA/Merced/2747-Saratoga-Ave-95340/home/19689152,redfin
2026-09-24,mls:5CF4E55D687A,277 Nadine St,Merced,95341,524260,4,2.5,1924,,2026,Single Family Residential,Active,2026-06-23,37.292439,-120.427113,https://www.redfin.com/CA/Merced/277-Nadine-St-95341/home/196422457,redfin
2026-09-24,mls:226061481,2779 Story Ave,Merced,95340,449999,4,3,2039,8934,1985,Single Family Residential,Active,2026-05-14,37.3053253,-120.4490194,https://www.redfin.com/CA/Merced/2779-Story-Ave-95340/home/19688945,redfin
2026-09-24,mls:MC26190802,2782 STORY Ave,Merced,95340,389000,3,2,1486,7318,1983,Single Family Residential,Active,2026-09-01,37.3053286,-120.4484633,https://www.redfin.com/CA/Merced/2782-Story-Ave-95340/home/19688940,redfin
2026-09-24,mls:596EB08EDC46,283 Nadine St,Merced,95341,440360,3,2,1290,,2026,Single Family Residential,Active,2026-06-23,37.29255,-120.427132,https://www.redfin.com/CA/Merced/283-Nadine-St-95341/home/196422459,redfin
2026-09-24,mls:MC26156305,2830 Dunn Rd,Merced,95340,895000,4,2,2031,43560,1973,Single Family Residential,Active,2026-08-05,37.3398907,-120.4355855,https://www.redfin.com/CA/Merced/2830-Dunn-Rd-95340/home/19680822,redfin
2026-09-24,mls:41144069,284 Zion Canyon Ct,Merced,95341,410000,4,2,1515,5000,2022,Single Family Residential,Active,2026-08-14,37.2757847,-120.4783038,https://www.redfin.com/CA/Merced/284-Zion-Canyon-Ct-95341/home/176248635,redfin
2026-09-24,mls:839C3B3E99AE,286 Nadine St,Merced,95341,488360,4,2.5,1924,,2026,Single Family Residential,Active,2026-09-17,37.292548,-120.426598,https://www.redfin.com/CA/Merced/286-Nadine-St-95341/home/196422443,redfin
2026-09-24,mls:MC26154089,2868 Beachwood,Merced,95348,317500,3,1,970,9683,1953,Single Family Residential,Active,2026-07-16,37.3297323,-120.5277546,https://www.redfin.com/CA/Merced/2868-Beachwood-Dr-95348/home/19683986,redfin
2026-09-24,mls:MC26168066,288 Travis Ct,Merced,95341,465990,4,2.5,1924,4723,2026,Single Family Residential,Active,2026-08-01,37.292559,-120.427487,https://www.redfin.com/CA/Merced/288-Travis-Ct-95341/home/192932886,redfin
2026-09-24,mls:B55EDD923106,289 Travis Ct,Merced,95341,399990,3,2,1290,,2026,Single Family Residential,Active,2026-04-05,37.292563,-120.428037,https://www.redfin.com/CA/Merced/289-Travis-Ct-95341/home/192932901,redfin
2026-09-24,mls:MC26148713,2894 Elm,Merced,95348,320000,3,1,1328,9524,1960,Single Family Residential,Active,2026-07-16,37.3299751,-120.5307807,https://www.redfin.com/CA/Merced/2894-Elm-Ave-95348/home/19684020,redfin
2026-09-24,mls:MC26143205,2924 E South Bear Crk,Merced,95348,415000,4,2,1560,26947,2003,Mobile/Manufactured Home,Active,2026-08-12,37.3082062,-120.4343361,https://www.redfin.com/CA/Merced/2924-E-South-Bear-Creek-Dr-95340/home/19679214,redfin
2026-09-24,mls:MC26172497,2943 Capella Dr,Merced,95341,559999,4,3,2420,7000,2026,Single Family Residential,Active,2026-08-06,37.282142,-120.434315,https://www.redfin.com/CA/Merced/2943-Capella-Dr-95341/home/196422467,redfin
2026-09-24,mls:ML82045002,2972 Tuxford Ct,Merced,95340,365000,3,2,1365,10173,1961,Single Family Residential,Active,2026-07-03,37.3147871,-120.451915,https://www.redfin.com/CA/Merced/2972-Tuxford-Ct-95340/home/19703141,redfin
2026-09-24,mls:MC26178287,2985 Redwood Dr,Merced,95340,494900,4,3,2388,8306,1972,Single Family Residential,Active,2026-08-18,37.315166,-120.4465798,https://www.redfin.com/CA/Merced/2985-Redwood-Dr-95340/home/19701434,redfin
2026-09-24,mls:SR26189124,2993 N Parsons,Merced,95340,253500,3,2,1008,7694,1961,Single Family Residential,Active,2026-08-28,37.3155234,-120.451559,https://www.redfin.com/CA/Merced/2993-N-Parsons-Ave-95340/home/19702218,redfin
2026-09-24,mls:MC26026481,3 W Belcher Ave,Merced,95348,275000,,,,44431,,Vacant Land,Active,2026-02-04,37.338447,-120.543574,https://www.redfin.com/CA/Merced/3-W-Belcher-Ave-95348/home/200354004,redfin
2026-09-24,mls:MC26138437,3054 Silver Elm Ct,Merced,95340,425000,4,2.5,1938,4178,1988,Single Family Residential,Active,2026-07-03,37.3171564,-120.4584988,https://www.redfin.com/CA/Merced/3054-Silver-Elm-Ct-95340/home/19703672,redfin
2026-09-24,mls:MC25270306,3056 Bedford,Merced,95340,385000,3,2,1358,6296,1974,Single Family Residential,Active,2026-01-26,37.3173625,-120.447616,https://www.redfin.com/CA/Merced/3056-Bedford-Dr-95340/home/19701345,redfin
2026-09-24,mls:MC26174015,3063 Bodie,Merced,95341,495000,4,3.5,3545,5000,2006,Single Family Residential,Active,2026-08-14,37.2931004,-120.4325597,https://www.redfin.com/CA/Merced/3063-Bodie-St-95341/home/19652898,redfin
2026-09-24,mls:226111094,3119 Dinkey Creek Ave,Merced,95341,140000,,,,6970,,Vacant Land,Active,2026-09-03,37.2843783,-120.4324245,https://www.redfin.com/CA/Merced/3119-Dinkey-Creek-Ave-95341/home/28560868,redfin
2026-09-24,mls:MC26189491,3125 N Parsons,Merced,95340,385000,4,2,1569,6699,1968,Single Family Residential,Active,2026-08-28,37.3191569,-120.4515217,https://www.redfin.com/CA/Merced/3125-N-Parsons-Ave-95340/home/19704375,redfin
2026-09-24,mls:226076083,313 Sullivan Dr,Merced,95348,419999,5,2.5,2378,2378,2022,Single Family Residential,Active,2026-07-04,37.3455019,-120.4725467,https://www.redfin.com/CA/Merced/313-Sullivan-Dr-95348/home/28949241,redfin
2026-09-24,mls:MC26031224,3216 El Capitan,Merced,95340,345000,3,2,1446,7440,1960,Single Family Residential,Active,2026-03-30,37.3211364,-120.4649618,https://www.redfin.com/CA/Merced/3216-El-Capitan-Ave-95340/home/19704773,redfin
2026-09-24,mls:MC26159955,3224 Nashville Ct,Merced,95348,485000,5,4,2287,6898,1980,Multi-Family (2-4 Unit),Active,2026-07-23,37.3220853,-120.493789,https://www.redfin.com/CA/Merced/3224-Nashville-Ct-95348/home/19682183,redfin
2026-09-24,mls:MC26168916,324 W 22nd,Merced,95340,475000,4,4,1850,7500,1935,Multi-Family (2-4 Unit),Active,2026-08-03,37.3050876,-120.4782527,https://www.redfin.com/CA/Merced/324-W-22nd-St-95340/home/200649590,redfin
2026-09-24,mls:MC26154809,3257 Juneau Ct,Merced,95348,389000,3,1,1123,6626,1972,Single Family Residential,Active,2026-07-15,37.3215246,-120.4974698,https://www.redfin.com/CA/Merced/3257-Juneau-Ct-95348/home/19682962,redfin
2026-09-24,mls:226063276,328 E 20th St,Merced,95340,285000,2,1,800,8002,1940,Single Family Residential,Active,2026-07-05,37.2993004,-120.4683459,https://www.redfin.com/CA/Merced/328-E-20th-St-95340/home/19688111,redfin
2026-09-24,mls:MC26194620,3311 Shamrock,Merced,95340,465000,4,2,1923,6683,1985,Single Family Residential,Active,2026-09-04,37.3236358,-120.4547312,https://www.redfin.com/CA/Merced/3311-Shamrock-Ave-95340/home/19704697,redfin
2026-09-24,mls:41145302,3362 San Jacinto Ct,Merced,95348,350000,3,2,1635,6356,1980,Single Family Residential,Active,2026-08-17,37.3255898,-120.4830739,https://www.redfin.com/CA/Merced/3362-San-Jacinto-Ct-95348/home/19667903,redfin
2026-09-24,mls:MC26174310,3372 Wawona Ct,Merced,95340,405000,3,2,1766,6824,1974,Single Family Residential,Active,2026-08-18,37.3256468,-120.4641113,https://www.redfin.com/CA/Merced/3372-Wawona-Ct-95340/home/19703460,redfin
2026-09-24,mls:MC26165548,3394 Banbury,Merced,95340,829000,4,3.5,2470,8741,2023,Single Family Residential,Active,2026-07-30,37.3262185,-120.4490424,https://www.redfin.com/CA/Merced/3394-Banbury-Ln-95340/home/28949845,redfin
2026-09-24,mls:226114912,34 Skylark Ct,Merced,95341,329000,3,2,1095,4256,1989,Single Family Residential,Active,2026-09-11,37.2855327,-120.4827358,https://www.redfin.com/CA/Merced/34-Skylark-Ct-95341/home/19647366,redfin
2026-09-24,mls:MC26099037,3411 Baker,Merced,95341,890000,12,6,5000,100188,1942,Multi-Family (5+ Unit),Active,2026-05-07,37.294377,-120.4260501,https://www.redfin.com/CA/Merced/3411-Baker-Dr-95341/home/19679932,redfin
2026-09-24,mls:MC26111721,3442 Joerg Ave,Merced,95340,550000,4,2.5,2187,7754,1988,Single Family Residential,Active,2026-05-22,37.3267638,-120.4556038,https://www.redfin.com/CA/Merced/3442-Joerg-Ave-95340/home/19704871,redfin
2026-09-24,mls:MC26187696,3452 Paseo Verde,Merced,95348,575000,5,3,2243,8173,2002,Single Family Residential,Active,2026-08-28,37.3280963,-120.4873391,https://www.redfin.com/CA/Merced/3452-Paseo-Verde-Ave-95348/home/19681930,redfin
2026-09-24,mls:MC26113319,3454 G St,Merced,95340,425000,,,,28038,,Vacant Land,Active,2026-05-25,37.3294978,-120.4687811,https://www.redfin.com/CA/Merced/3454-G-St-95340/home/19704553,redfin
2026-09-24,mls:MC26019215,350 S Bermuda,Merced,95341,320000,,,,7575,,Vacant Land,Active,2026-02-13,37.283142,-120.4738245,https://www.redfin.com/CA/Merced/350-Bermuda-St-95341/home/28953795,redfin
2026-09-24,mls:MC26194375,3507 Sunstone Ct,Merced,95340,535000,3,2,2062,9307,2021,Single Family Residential,Active,2026-09-09,37.3254376,-120.4354688,https://www.redfin.com/CA/Merced/3507-Sunstone-Ct-95340/home/28949730,redfin
2026-09-24,mls:226001268,3515 E Yosemite Ave,Merced,95340,6000000,,,,2178000,,Vacant Land,Active,2026-01-06,37.331258,-120.421489,https://www.redfin.com/CA/Merced/3515-E-Yosemite-Ave-95340/home/40050563,redfin
2026-09-24,mls:MC26026650,355 E Main,Merced,95340,390000,3,2,1136,9758,1947,Single Family Residential,Active,2026-02-05,37.2967409,-120.4698506,https://www.redfin.com/CA/Merced/355-E-Main-St-95340/home/19687493,redfin
2026-09-24,mls:MC26051040,3552 Wathen Ct,Merced,95348,390000,3,2,1589,6180,1977,Single Family Residential,Active,2026-03-09,37.3315474,-120.4755399,https://www.redfin.com/CA/Merced/3552-Wathen-Ct-95348/home/19668079,redfin
2026-09-24,mls:MC26136486,3553 Beals,Merced,95348,399950,3,2,1589,6180,1977,Single Family Residential,Active,2026-06-22,37.3315473,-120.4751694,https://www.redfin.com/CA/Merced/3553-Beals-Ave-95348/home/19668503,redfin
2026-09-24,mls:FR26143684,3583 Sarasota,Merced,95348,399950,3,2,1705,5500,2006,Single Family Residential,Active,2026-07-01,37.3306482,-120.5033077,https://www.redfin.com/CA/Merced/3583-Sarasota-Ave-95348/home/19652932,redfin
2026-09-24,mls:MC26201253,360 E 19th St,Merced,95340,290000,2,1,1084,8975,1946,Single Family Residential,Active,2026-09-14,37.2983569,-120.4691015,https://www.redfin.com/CA/Merced/360-E-19th-St-95340/home/19688124,redfin
2026-09-24,mls:MC26179423,362 Rhianon,Merced,95341,395000,3,2,1475,5973,2019,Single Family Residential,Active,2026-08-18,37.2794023,-120.4771709,https://www.redfin.com/CA/Merced/362-Rhianon-Dr-95341/home/28951403,redfin
2026-09-24,mls:226000354,3622 N State Highway 59,Merced,95348,3490000,,,,467399,,Vacant Land,Active,2026-01-02,37.335149,-120.501768,https://www.redfin.com/CA/Merced/3622-N-State-Highway-59-95348/home/28947260,redfin
2026-09-24,mls:MC26123261,3629 N Lake,Merced,95340,1100000,4,2,2680,204732,1977,Single Family Residential,Active,2026-06-05,37.3359882,-120.433376,https://www.redfin.com/CA/Merced/3629-N-Lake-Rd-95340/home/19680577,redfin
2026-09-24,mls:226097306,365 E Main St,Merced,95340,359998,3,1.5,1256,9008,1947,Single Family Residential,Active,2026-08-01,37.2966338,-120.4696126,https://www.redfin.com/CA/Merced/365-E-Main-St-95340/home/19687494,redfin
2026-09-24,mls:MC26189146,3675 Quail Ave,Merced,95340,430000,3,2,1772,6501,1990,Single Family Residential,Active,2026-09-01,37.3332024,-120.4578991,https://www.redfin.com/CA/Merced/3675-Quail-Ave-95340/home/19679473,redfin
2026-09-24,mls:MC26141078,3726 Crane,Merced,95348,434900,4,2,1789,6600,2006,Single Family Residential,Active,2026-06-29,37.3345017,-120.4956177,https://www.redfin.com/CA/Merced/3726-Crane-Ave-95348/home/19656269,redfin
2026-09-24,mls:MC26141821,3774 Magellan,Merced,95340,474900,4,2.5,2282,6215,2020,Single Family Residential,Active,2026-07-01,37.3290761,-120.4408036,https://www.redfin.com/CA/Merced/3774-Magellan-95340/home/28949670,redfin
2026-09-24,mls:226105884,379 Edan Ct,Merced,95341,445000,3,2,1511,7588,2002,Single Family Residential,Active,2026-08-21,37.2831608,-120.4817525,https://www.redfin.com/CA/Merced/379-Edan-Ct-95341/home/19663940,redfin
2026-09-24,mls:MC26184740,3851 Twilight Ave,Merced,95348,459900,4,2.5,3286,6906,2005,Single Family Residential,Active,2026-08-24,37.3372152,-120.4898191,https://www.redfin.com/CA/Merced/3851-Twilight-Ave-95348/home/19645819,redfin
2026-09-24,mls:DW26039485,3880 Early Lgt,Merced,95348,400000,5,2.5,2023,4275,2005,Single Family Residential,Active,2026-03-01,37.3369528,-120.4904075,https://www.redfin.com/CA/Merced/3880-Early-Light-Ave-95348/home/19658704,redfin
2026-09-24,mls:MC26105349,3888 Solstice,Merced,95348,515000,8,4,3286,9833,2005,Single Family Residential,Active,2026-05-14,37.3390975,-120.4872439,https://www.redfin.com/CA/Merced/3888-Solstice-Ave-95348/home/19657581,redfin
2026-09-24,mls:226105372,3910 Twilight Ave,Merced,95348,449999,4,4,2352,5728,2006,Single Family Residential,Active,2026-08-20,37.3383451,-120.4900763,https://www.redfin.com/CA/Merced/3910-Twilight-Ave-95348/home/19658692,redfin
2026-09-24,mls:MC26178671,394 St. Bermuda,Merced,95341,95000,2,1,,5752,,Vacant Land,Active,2026-08-14,37.2826567,-120.4738723,https://www.redfin.com/CA/Merced/394-Bermuda-St-95341/home/19666930,redfin
2026-09-24,mls:MC26201117,3947 Finch Ct,Merced,95340,585000,4,3,1904,7497,1997,Single Family Residential,Active,2026-09-16,37.3375469,-120.4608631,https://www.redfin.com/CA/Merced/3947-Finch-Ct-95340/home/19679529,redfin
2026-09-24,mls:MC26167281,4025 St Remy Ct,Merced,95348,589000,5,3.5,3291,6710,2007,Single Family Residential,Active,2026-07-31,37.3418674,-120.4915622,https://www.redfin.com/CA/Merced/4025-St-Remy-Ct-95348/home/19651325,redfin
2026-09-24,mls:MC26208060,4026 Casual Ct,Merced,95340,429900,3,2,1611,6045,2004,Single Family Residential,Active,2026-09-23,37.3399273,-120.4536351,https://www.redfin.com/CA/Merced/4026-Casual-Ct-95340/home/19661399,redfin
2026-09-24,mls:226118637,4039 Cinnabar Ave,Merced,95348,349999,3,2,1106,5275,2018,Single Family Residential,Active,2026-09-21,37.3413075,-120.4988863,https://www.redfin.com/CA/Merced/4039-Cinnabar-Ave-95348/home/28951939,redfin
2026-09-24,mls:MC26082691,4089 Bayonet,Merced,95348,469000,4,3,1842,5125,2023,Single Family Residential,Active,2026-04-16,37.3425668,-120.4963347,https://www.redfin.com/CA/Merced/4089-Bayonet-Dr-95348/home/180787106,redfin
2026-09-24,mls:MC26181953,409 W 25th St,Merced,95340,225000,2,1,982,3750,1932,Single Family Residential,Active,2026-08-23,37.3091936,-120.4774598,https://www.redfin.com/CA/Merced/409-W-25th-St-95340/home/19692138,redfin
2026-09-24,mls:226089687,4100 Scarlet Ct,Merced,95348,482880,4,2.5,1924,5083,2026,Single Family Residential,Active,2026-07-15,37.343721,-120.491211,https://www.redfin.com/CA/Merced/4100-Scarlet-Ct-95348/home/186321264,redfin
2026-09-24,mls:0751E62A3111,4101 Adobe Ct,Merced,95348,490800,3,2.5,1777,,2026,Single Family Residential,Active,2026-06-28,37.343725,-120.49441,https://www.redfin.com/CA/Merced/4101-Adobe-Ct-95348/home/186321150,redfin
2026-09-24,mls:226094076,4108 Adobe Ct,Merced,95348,449880,3,2.5,1777,4658,2026,Single Family Residential,Active,2026-07-24,37.343855,-120.493857,https://www.redfin.com/CA/Merced/4108-Adobe-Ct-95348/home/186321177,redfin
2026-09-24,mls:MC26163326,4115 Scarlet Ct,Merced,95348,459880,4,2.5,1924,4656,2026,Single Family Residential,Active,2026-07-27,37.3429784,-120.4934196,https://www.redfin.com/CA/Merced/4115-Scarlet-Ct-95348/home/186321239,redfin
2026-09-24,mls:9146B3B1C39A,4116 Scarlet Ct,Merced,95348,483250,4,2.5,1924,,2026,Single Family Residential,Active,2026-05-31,37.3429784,-120.4934196,https://www.redfin.com/CA/Merced/4116-Scarlet-Ct-95348/home/186321261,redfin
2026-09-24,mls:62D769E83AAC,4125 Adobe Ct,Merced,95348,552330,4,2.5,1924,,2026,Single Family Residential,Active,2026-08-05,37.344102,-120.494398,https://www.redfin.com/CA/Merced/4125-Adobe-Ct-95348/home/186321153,redfin
2026-09-24,mls:MC26139899,413 El Portal Ct,Merced,95348,405000,4,2,1440,6000,1993,Single Family Residential,Active,2026-06-26,37.327138,-120.4735865,https://www.redfin.com/CA/Merced/413-El-Portal-Ct-95348/home/19667718,redfin
2026-09-24,mls:ML82035268,413 Hydrangea Ct,Merced,95341,440000,4,2.5,1864,5471,2005,Single Family Residential,Active,2026-02-17,37.2819906,-120.4260934,https://www.redfin.com/CA/Merced/413-Hydrangea-Ct-95341/home/19648529,redfin
2026-09-24,mls:MC26198130,4180 Adobe Ct,Merced,95348,515000,4,2.5,1941,4527,2024,Single Family Residential,Active,2026-09-09,37.3449473,-120.4937563,https://www.redfin.com/CA/Merced/4180-Adobe-Ct-95348/home/186321168,redfin
2026-09-24,mls:41144861,4195 North Highway 59,Merced,95348,285000,,,,39340,,Vacant Land,Active,2026-08-13,37.3492155,-120.5042264,https://www.redfin.com/CA/Merced/4195-N-State-Highway-59-95348/home/19684726,redfin
2026-09-24,mls:MC26123889,42 Squaw Valley Ct,Merced,95341,463709,4,2,1969,5805,2026,Single Family Residential,Active,2026-06-07,37.2849016,-120.4302551,https://www.redfin.com/CA/Merced/42-Squaw-Valley-Dr-95341/home/202168801,redfin
2026-09-24,mls:MC26201983,420 W 19th St,Merced,95340,315000,2,1.5,1489,7500,1938,Single Family Residential,Active,2026-09-15,37.3028374,-120.4813392,https://www.redfin.com/CA/Merced/420-W-19th-St-95340/home/19690991,redfin
2026-09-24,mls:MC26140315,4208 Berryesa,Merced,95348,399000,3,2.5,1555,3837,2008,Single Family Residential,Active,2026-06-27,37.3452052,-120.4693254,https://www.redfin.com/CA/Merced/4208-Berryesa-Ave-95348/home/19651904,redfin
2026-09-24,mls:MC26158999,424 Barclay Way,Merced,95348,450000,4,2,1700,4925,2007,Single Family Residential,Active,2026-07-24,37.3553556,-120.4744038,https://www.redfin.com/CA/Merced/424-Barclay-Way-95348/home/19651643,redfin
2026-09-24,mls:MC26182055,4240 Los Olivos Rd,Merced,95340,1600000,4,2,2561,361548,1970,Single Family Residential,Active,2026-08-24,37.3500726,-120.4354813,https://www.redfin.com/CA/Merced/4240-Los-Olivos-Rd-95340/home/19679651,redfin
2026-09-24,mls:MC26178473,4265 Freemark Ave,Merced,95348,559900,5,3.5,2478,5240,2021,Single Family Residential,Active,2026-08-20,37.3448479,-120.482299,https://www.redfin.com/CA/Merced/4265-Freemark-Ave-95348/home/28949033,redfin
2026-09-24,mls:MC26168529,4395 Strathmore,Merced,95348,419000,4,2,1617,4725,2018,Single Family Residential,Active,2026-08-09,37.3494562,-120.4698107,https://www.redfin.com/CA/Merced/4395-Strathmore-Pl-95348/home/28951214,redfin
2026-09-24,mls:MC26195175,4431 Andrea,Merced,95348,450000,4,3,1745,5092,2022,Single Family Residential,Active,2026-09-05,37.3507554,-120.4829035,https://www.redfin.com/CA/Merced/4431-Andrea-Dr-95348/home/172360241,redfin
2026-09-24,mls:ML82053546,4449 Lacy Ln,Merced,95348,449000,3,2,1616,5125,2022,Single Family Residential,Active,2026-07-08,37.3508779,-120.482032,https://www.redfin.com/CA/Merced/4449-Lacy-Ln-95348/home/172360257,redfin
2026-09-24,mls:225139639,446 Tyler #148 Rd,Merced,95341,299000,3,1,,57543,,Vacant Land,Active,2025-10-31,37.2816477,-120.4693583,https://www.redfin.com/CA/Merced/446-Tyler-Rd-95341/home/28953786,redfin
2026-09-24,mls:MC26094946,4465 Andrea Dr,Merced,95348,451179,3,2,1620,4583,2026,Single Family Residential,Active,2026-06-06,37.3517279,-120.4830309,https://www.redfin.com/CA/Merced/4465-Andrea-Dr-95348/home/172360248,redfin
2026-09-24,mls:226106360,454 Jacobs Dr,Merced,95348,456644,4,3,1832,4800,2007,Single Family Residential,Active,2026-08-22,37.353343,-120.4733961,https://www.redfin.com/CA/Merced/454-Jacobs-Dr-95348/home/19651725,redfin
2026-09-24,mls:MC26182077,455 Columbia,Merced,95340,364900,3,2,1175,6000,1972,Single Family Residential,Active,2026-08-19,37.32404,-120.4645496,https://www.redfin.com/CA/Merced/455-Columbia-Ave-95340/home/19703734,redfin
2026-09-24,mls:226096553,457 Buena Vista Dr,Merced,95348,399999,3,2,1440,6569,1993,Single Family Residential,Active,2026-08-15,37.3278627,-120.4742567,https://www.redfin.com/CA/Merced/457-Buena-Vista-Dr-95348/home/19668122,redfin
2026-09-24,mls:226018792,4672 Beckman Way,Merced,95348,385000,4,2.5,2116,5357,2007,Single Family Residential,Active,2026-02-18,37.3559542,-120.4725258,https://www.redfin.com/CA/Merced/4672-Beckman-Way-95348/home/19651672,redfin
2026-09-24,mls:MC26193060,475 Tulane,Merced,95348,410000,3,2,1360,6366,1999,Single Family Residential,Active,2026-09-02,37.3257095,-120.4745678,https://www.redfin.com/CA/Merced/475-Tulane-Dr-95348/home/19667400,redfin
2026-09-24,mls:MC26087411,4822 Durant,Merced,95348,599900,5,4,3265,7784,2007,Single Family Residential,Active,2026-05-05,37.3585415,-120.4691243,https://www.redfin.com/CA/Merced/4822-Durant-Way-95348/home/19650686,redfin
2026-09-24,mls:MC26177612,4836 Mari Cruz Ln,Merced,95348,453212,3,2,1620,5923,2026,Single Family Residential,Active,2026-08-13,37.358853,-120.478632,https://www.redfin.com/CA/Merced/4836-Mari-Cruz-Ln-95348/home/196426148,redfin
2026-09-24,mls:MC26094924,4842 Mari Cruz,Merced,95348,481417,3,2,1854,5923,2026,Single Family Residential,Active,2026-05-01,37.358982,-120.478524,https://www.redfin.com/CA/Merced/4842-Mari-Cruz-Ln-95348/home/196426147,redfin
2026-09-24,mls:MC26159854,4861 Langley,Merced,95348,450000,3,2,1928,8708,2015,Single Family Residential,Active,2026-07-28,37.3586468,-120.4716258,https://www.redfin.com/CA/Merced/4861-Langley-Way-95348/home/28950816,redfin
2026-09-24,mls:MC26177603,4866 Mari Cruz Ln,Merced,95348,516548,4,3,2203,5839,2026,Single Family Residential,Active,2026-08-13,37.359204,-120.478255,https://www.redfin.com/CA/Merced/4866-Mari-Cruz-Ln-95348/home/204576604,redfin
2026-09-24,mls:MC26182718,4869 Langley Way,Merced,95348,535000,5,2.5,2288,6903,2015,Single Family Residential,Active,2026-08-20,37.3590131,-120.4716565,https://www.redfin.com/CA/Merced/4869-Langley-Way-95348/home/28950822,redfin
2026-09-24,mls:ML82054233,488 E Childs Ave,Merced,95341,478000,2,1,894,40792,1930,Single Family Residential,Active,2026-07-14,37.2876438,-120.4727241,https://www.redfin.com/CA/Merced/488-E-Childs-Ave-95341/home/19667352,redfin
2026-09-24,mls:MC26177584,4882 Mari Cruz Ln,Merced,95348,485789,4,3,1750,8042,2026,Single Family Residential,Active,2026-08-13,37.359382,-120.477905,https://www.redfin.com/CA/Merced/4882-Mari-Cruz-Ln-95348/home/204576504,redfin
2026-09-24,mls:MC26169759,5082 Palisade,Merced,95348,419999,4,2.5,1687,2116,2023,Single Family Residential,Active,2026-08-25,37.3625801,-120.46905,https://www.redfin.com/CA/Merced/5082-Palisade-Ave-95348/home/28952312,redfin
2026-09-24,mls:MC26150874,515 Cadiz Ct,Merced,95341,429000,4,2.5,1921,5055,2019,Single Family Residential,Active,2026-08-06,37.2770927,-120.4848762,https://www.redfin.com/CA/Merced/515-Cadiz-Ct-95341/home/28951744,redfin
2026-09-24,mls:MC26172479,52 Sedona Dr,Merced,95341,440000,4,3,1836,3200,2026,Single Family Residential,Active,2026-08-06,37.274382,-120.484204,https://www.redfin.com/CA/Merced/52-Sedona-Dr-95341/home/180787881,redfin
2026-09-24,mls:MC26190483,52 W 25th,Merced,95340,239000,2,1,830,7500,1939,Single Family Residential,Active,2026-08-31,37.3068829,-120.4725298,https://www.redfin.com/CA/Merced/52-W-25th-St-95340/home/19691446,redfin
2026-09-24,mls:MC26119524,523 Barcelona Ct,Merced,95341,379000,4,2.5,1999,3485,2023,Single Family Residential,Active,2026-06-02,37.276891,-120.4841532,https://www.redfin.com/CA/Merced/523-Barcelona-Ct-95341/home/28951740,redfin
2026-09-24,mls:MC26183832,537 Alfarata Blvd,Merced,95341,399900,4,2,1732,5970,2006,Single Family Residential,Active,2026-08-21,37.2799467,-120.4378632,https://www.redfin.com/CA/Merced/537-Alfarata-Blvd-95341/home/19652525,redfin
2026-09-24,mls:MC26202684,565 Tolman Way,Merced,95348,395000,3,2,1455,4938,2007,Single Family Residential,Active,2026-09-17,37.3537061,-120.4762962,https://www.redfin.com/CA/Merced/565-Tolman-Way-95348/home/19651075,redfin
2026-09-24,mls:MC22138199,5771 N Siena Ave,Merced,95340,265000,,,,43560,,Vacant Land,Active,2022-06-24,37.372404,-120.467821,https://www.redfin.com/CA/Merced/5771-N-Siena-Ave-95340/home/28949515,redfin
2026-09-24,mls:MC26162775,5820 N Siena Ave,Merced,95340,699000,,,,87120,,Vacant Land,Active,2026-07-25,37.372923,-120.466926,https://www.redfin.com/CA/Merced/5820-N-Siena-Ave-95340/home/28949517,redfin
2026-09-24,mls:226046872,5825 N Casa Sonada Ct,Merced,95340,285000,,,,43560,,Vacant Land,Active,2026-04-15,37.3732349,-120.4647476,https://www.redfin.com/CA/Merced/5825-N-Casa-Sonada-Ct-95340/home/168647420,redfin
2026-09-24,mls:MC26084705,5829 N Casa Sonada Ct,Merced,95340,300000,,,,43560,,Vacant Land,Active,2026-04-20,37.3737132,-120.464331,https://www.redfin.com/CA/Merced/5829-N-Casa-Sonada-Ct-95340/home/168647421,redfin
2026-09-24,mls:MC26084709,5830 N Rio Bonito Ct,Merced,95340,300000,,,,44431,,Vacant Land,Active,2026-04-20,37.373254,-120.462652,https://www.redfin.com/CA/Merced/5830-N-Rio-Bonito-Ct-95340/home/168647425,redfin
2026-09-24,mls:MC26138029,59 W 27th,Merced,95340,375000,3,2,1896,7500,1981,Single Family Residential,Active,2026-08-05,37.3093528,-120.4711085,https://www.redfin.com/CA/Merced/59-W-27th-St-95340/home/19693053,redfin
2026-09-24,mls:V1-38507,594 Granada Ct,Merced,95341,429900,4,3,1999,3671,2018,Single Family Residential,Active,2026-09-02,37.2760295,-120.4850942,https://www.redfin.com/CA/Merced/594-Granada-Ct-95341/home/28951771,redfin
2026-09-24,mls:MC26182432,60 E 12th,Merced,95341,599900,8,4,3000,7504,1977,Multi-Family (2-4 Unit),Active,2026-08-19,37.2927163,-120.4780047,https://www.redfin.com/CA/Merced/60-E-12th-St-95341/home/19687380,redfin
2026-09-24,mls:MC26167550,603 Weslie Way,Merced,95348,359037,3,2.5,1358,2200,2026,Single Family Residential,Active,2026-07-31,37.360665,-120.478211,https://www.redfin.com/CA/Merced/603-Weslie-Way-Unknown/home/203570268,redfin
2026-09-24,mls:MC26207088,611 E 20th St,Merced,95340,529000,4,2.5,2656,16000,1946,Single Family Residential,Active,2026-09-22,37.2987765,-120.4651547,https://www.redfin.com/CA/Merced/611-E-20th-St-95340/home/19688245,redfin
2026-09-24,mls:MC26177703,613 Weslie Way,Merced,95348,393290,3,2.5,1623,3969,2026,Single Family Residential,Active,2026-08-13,37.360675,-120.478516,https://www.redfin.com/CA/Merced/613-Weslie-Way-Unknown/home/204577766,redfin
2026-09-24,mls:MC26177694,615 Weslie Way,Merced,95348,359037,3,2.5,1358,2425,2026,Single Family Residential,Active,2026-08-13,37.360679,-120.478617,https://www.redfin.com/CA/Merced/615-Weslie-Way-Unknown/home/204577717,redfin
2026-09-24,mls:MC26177647,617 Weslie Way,Merced,95348,359037,3,2.5,1358,2473,2026,Single Family Residential,Active,2026-08-13,37.360682,-120.478693,https://www.redfin.com/CA/Merced/617-Weslie-Way-Unknown/home/204577547,redfin
2026-09-24,mls:MC26177619,621 Weslie Way,Merced,95348,393290,3,2.5,1623,4244,2026,Single Family Residential,Active,2026-08-13,37.360685,-120.478795,https://www.redfin.com/CA/Merced/621-Weslie-Way-Unknown/home/204576922,redfin
2026-09-24,mls:MC26127731,626 Heitz Ct,Merced,95348,429000,4,3,1852,5661,2020,Single Family Residential,Active,2026-07-01,37.3485926,-120.4781423,https://www.redfin.com/CA/Merced/626-Heitz-Ct-95348/home/28948826,redfin
2026-09-24,mls:226052760,627 Elizabeth Ct,Merced,95341,387500,3,2,1231,5301,2024,Single Family Residential,Active,2026-05-22,37.277912,-120.493846,https://www.redfin.com/CA/Merced/627-Elizabeth-Ct-95341/home/180787387,redfin
2026-09-24,mls:MC26163276,63 Maia Ct,Merced,95341,459000,4,2.5,1945,4595,2007,Single Family Residential,Active,2026-07-31,37.2890444,-120.4270611,https://www.redfin.com/CA/Merced/63-Maia-Ct-95341/home/19656885,redfin
2026-09-24,mls:MC26146533,636 W 25th,Merced,95340,330000,2,1,1056,7500,1949,Single Family Residential,Active,2026-07-06,37.3100838,-120.4811936,https://www.redfin.com/CA/Merced/636-W-25th-St-95340/home/19693007,redfin
2026-09-24,mls:MC26148395,654-- 658 W Yosemite,Merced,95348,499000,4,4,2378,6841,1984,Multi-Family (2-4 Unit),Active,2026-07-29,37.3318577,-120.4798624,https://www.redfin.com/CA/Merced/654-W-Yosemite-Ave-95348/home/19668082,redfin
2026-09-24,mls:MC26183806,670 Elizabeth Ct,Merced,95341,405000,4,2,1509,6118,2024,Single Family Residential,Active,2026-08-21,37.27745,-120.494384,https://www.redfin.com/CA/Merced/670-Elizabeth-Ct-95341/home/180787393,redfin
2026-09-24,mls:MC26163641,677 Mackenzie Ct,Merced,95341,379900,3,2,1000,4998,2024,Single Family Residential,Active,2026-07-27,37.2792618,-120.4943634,https://www.redfin.com/CA/Merced/677-Mackenzie-Ct-95341/home/180787315,redfin
2026-09-24,mls:MC26106631,684 Skyler Ln Unit 69 B2,Merced,95348,439990,4,2,1509,5830,2026,Single Family Residential,Active,2026-07-19,37.3586629,-120.4807985,https://www.redfin.com/CA/Merced/684-Skyler-Ln-95348/unit-69-B2/home/201858480,redfin
2026-09-24,mls:MC24096982,6922 G St,Merced,95340,3599999,2,3,6300,2964258,1982,Single Family Residential,Active,2024-05-16,37.3891143,-120.4663615,https://www.redfin.com/CA/Merced/6922-G-St-95340/home/187852220,redfin
2026-09-24,mls:MC26111249,693 Cadiz Ave,Merced,95341,450900,4,2.5,2182,3744,2022,Single Family Residential,Active,2026-05-22,37.274742,-120.48485,https://www.redfin.com/CA/Merced/693-Cadiz-Ave-95341/home/180787922,redfin
2026-09-24,mls:41148105,698 Keng Ct,Merced,95341,410000,3,2,1214,6838,2024,Single Family Residential,Active,2026-09-11,37.2802099,-120.494785,https://www.redfin.com/CA/Merced/698-Keng-Ct-95341/home/186321375,redfin
2026-09-24,mls:MC26183512,698 Roberts Ct,Merced,95340,475000,4,2,1900,12610,1967,Single Family Residential,Active,2026-09-01,37.3112846,-120.4628734,https://www.redfin.com/CA/Merced/698-Roberts-Ct-95340/home/19702775,redfin
2026-09-24,mls:226035968,7044 Hwy 59 & Sandy Mush Rd,Merced,95340,399000,3,1.5,,1001880,,Vacant Land,Active,2026-03-25,37.3145748,-120.4687351,https://www.redfin.com/CA/Merced/59-Sandy-Ln-95340/home/19703233,redfin
2026-09-24,mls:MC26008284,71 Tyler Rd,Merced,95341,1199000,,,,392040,,Vacant Land,Active,2026-01-13,37.2869741,-120.4703556,https://www.redfin.com/CA/Merced/71-Tyler-Rd-95341/home/194153528,redfin
2026-09-24,mls:MC26189059,713 Stone Ridge West Ave,Merced,95341,344140,3,2.5,1358,1649,2026,Single Family Residential,Active,2026-08-28,37.2768573,-120.4808773,https://www.redfin.com/CA/Merced/713-Stone-Ridge-West-Ave-95341/home/196426217,redfin
2026-09-24,mls:MC26053673,714 Dean Ct,Merced,95341,399900,3,2,1214,5200,2023,Single Family Residential,Active,2026-03-11,37.2788436,-120.4953763,https://www.redfin.com/CA/Merced/714-Dean-Ct-95341/home/180787328,redfin
2026-09-24,mls:MC26152873,714 Suzanne,Merced,95348,440000,3,2,1435,5065,2021,Single Family Residential,Active,2026-07-30,37.3512045,-120.4806199,https://www.redfin.com/CA/Merced/714-Suzanne-Dr-95348/home/172360276,redfin
2026-09-24,mls:226038701,72 E 12th St,Merced,95341,650000,6,4,3002,7505,1976,Multi-Family (5+ Unit),Active,2026-05-20,37.2926913,-120.4778409,https://www.redfin.com/CA/Merced/72-E-12th-St-95341/home/19687379,redfin
2026-09-24,mls:MC26013670,724 Robin Dr,Merced,95340,579900,5,3,2021,10109,1997,Single Family Residential,Active,2026-02-11,37.3369707,-120.4617846,https://www.redfin.com/CA/Merced/724-Robin-Dr-95340/home/19661373,redfin
2026-09-24,mls:MC26181900,725 Stone Ridge West Ave,Merced,95341,374750,3,2.5,1623,2774,2026,Single Family Residential,Active,2026-08-19,37.27672,-120.4808686,https://www.redfin.com/CA/Merced/725-Stone-Ridge-West-Ave-95341/home/196426220,redfin
2026-09-24,mls:MP26164276,726 Skyler Ct,Merced,95348,439000,3,2,1435,5269,2026,Single Family Residential,Active,2026-07-28,37.358728,-120.481646,https://www.redfin.com/CA/Merced/726-Skyler-Ln-95348/home/196426122,redfin
2026-09-24,mls:MC26094809,732 Stone Ridge East Ave,Merced,95341,328540,2,2.5,1259,1652,2026,Single Family Residential,Active,2026-09-10,37.2751972,-120.4843636,https://www.redfin.com/CA/Merced/732-Stone-Ridge-East-Ave-95341/home/196426251,redfin
2026-09-24,mls:MC26095163,733 Marshall Ct,Merced,95348,445000,3,2,1620,5611,2026,Single Family Residential,Active,2026-05-01,37.35993,-120.481585,https://www.redfin.com/CA/Merced/733-Marshall-Ct-95348/home/201673758,redfin
2026-09-24,mls:226083180,733 Newton Ct,Merced,95348,450000,5,2.5,1919,5502,2020,Single Family Residential,Active,2026-06-30,37.3481419,-120.4808294,https://www.redfin.com/CA/Merced/733-Newton-Ct-95348/home/28948811,redfin
2026-09-24,mls:MC26027458,738 Skyler Ct,Merced,95348,445000,3,2,1620,5300,2026,Single Family Residential,Active,2026-03-10,37.358728,-120.481818,https://www.redfin.com/CA/Merced/738-Skyler-Ln-95348/home/196426123,redfin
2026-09-24,mls:226092145,747 Marcus Ct,Merced,95341,385000,3,2,1443,5001,2022,Single Family Residential,Active,2026-07-24,37.2799617,-120.4959358,https://www.redfin.com/CA/Merced/747-Marcus-Ct-95341/home/179425220,redfin
2026-09-24,mls:cmpmoqogk10nys6015tvoig1e,751 Yosemite Pkwy,Merced,95340,250000,3,1,1036,,1959,Unknown,Active,2026-05-26,37.2955401,-120.4653358,https://www.redfin.com/CA/Merced/751-Yosemite-Pkwy-95340/home/19687728,redfin
2026-09-24,mls:MC26185562,756 Brianne Ct,Merced,95341,385000,3,2,1214,5175,2021,Single Family Residential,Active,2026-08-24,37.2825904,-120.4960306,https://www.redfin.com/CA/Merced/756-Brianne-Ct-95341/home/176247864,redfin
2026-09-24,mls:MC26001848,756 Crist,Merced,95341,105000,,,,14894,,Vacant Land,Active,2026-01-05,37.2936235,-120.4685564,https://www.redfin.com/CA/Merced/756-Crist-Ave-95341/home/19687412,redfin
2026-09-24,mls:MC26009493,767 Taryn Ct,Merced,95341,340000,3,2,1000,5433,2020,Single Family Residential,Active,2026-03-17,37.2843948,-120.4961734,https://www.redfin.com/CA/Merced/767-Taryn-Ct-95341/home/172356595,redfin
2026-09-24,mls:226118402,785 Dean Ct,Merced,95341,379950,3,2,1214,5772,2023,Single Family Residential,Active,2026-09-21,37.2792518,-120.496442,https://www.redfin.com/CA/Merced/785-Dean-Ct-95341/home/180787305,redfin
2026-09-24,mls:MC26073213,789 Yosemite,Merced,95340,299999,3,1,1032,7500,1953,Single Family Residential,Active,2026-05-26,37.295444,-120.4651341,https://www.redfin.com/CA/Merced/789-Yosemite-Pkwy-95340/home/19687612,redfin
2026-09-24,mls:226081813,794 Dean Ct,Merced,95341,455000,4,2,1862,7000,2023,Single Family Residential,Active,2026-06-26,37.2788084,-120.4967438,https://www.redfin.com/CA/Merced/794-Dean-Ct-95341/home/180787335,redfin
2026-09-24,mls:MC25254770,835 W 10th St,Merced,95341,145000,,,,14536,,Vacant Land,Active,2025-11-05,37.2963738,-120.4927217,https://www.redfin.com/CA/Merced/835-W-10th-St-95341/home/183226295,redfin
2026-09-24,mls:MC25202610,84 Jack Ct,Merced,95341,379000,4,2.5,1945,4595,2007,Single Family Residential,Active,2025-11-12,37.2893222,-120.4274259,https://www.redfin.com/CA/Merced/84-Jack-Ct-95341/home/19657494,redfin
2026-09-24,mls:MC26133869,86 Sedona,Merced,95341,445000,4,2.5,2182,3199,2022,Single Family Residential,Active,2026-06-19,37.2744305,-120.485051,https://www.redfin.com/CA/Merced/86-Sedona-Dr-95341/home/180787875,redfin
2026-09-24,mls:MC26148980,864 E Childs,Merced,95341,2190000,,,,871200,,Vacant Land,Active,2026-07-10,37.2875663,-120.4660284,https://www.redfin.com/CA/Merced/864-E-Childs-Ave-95341/home/188876508,redfin
2026-09-24,mls:MC26041835,890 Barney,Merced,95340,299000,2,1,1233,6075,1951,Single Family Residential,Active,2026-05-06,37.3009501,-120.4613226,https://www.redfin.com/CA/Merced/890-Barney-St-95340/home/19687980,redfin
2026-09-24,mls:MC25242208,902 W 20th St,Merced,95340,345000,2,1,1378,7368,1917,Single Family Residential,Active,2025-10-17,37.3065016,-120.4880009,https://www.redfin.com/CA/Merced/902-W-20th-St-95340/home/19691004,redfin
2026-09-24,mls:MC25252460,915 R St,Merced,95341,325000,3,1,1232,5391,1930,Single Family Residential,Active,2025-11-02,37.2968727,-120.497309,https://www.redfin.com/CA/Merced/915-R-St-95341/home/19690941,redfin
2026-09-24,mls:242694,929 W 6th St,Merced,95341,625500,5,3,2300,6200,2026,Single Family Residential,Active,2026-07-06,37.2929392,-120.4963773,https://www.redfin.com/CA/Merced/929-W-6th-St-95341/home/189156477,redfin
2026-09-24,mls:651525,929 W 6th St #2,Merced,95341,625500,5,2.75,2298,6198,2026,Multi-Family (2-4 Unit),Active,2026-07-06,37.2929392,-120.4963773,https://www.redfin.com/CA/Merced/929-W-6th-St-95341/unit-2/home/202660811,redfin
2026-09-24,mls:226004168,930 W 23rd St,Merced,95340,295000,2,1,912,7501,1940,Single Family Residential,Active,2026-01-23,37.309677,-120.4867814,https://www.redfin.com/CA/Merced/930-W-23rd-St-95340/home/19692025,redfin
2026-09-24,mls:MC25270339,965 N Bryant Ct,Merced,95341,190000,,,,47916,,Vacant Land,Active,2025-12-03,37.300171,-120.520387,https://www.redfin.com/CA/Merced/965-N-Bryant-Ct-95341/home/49858867,redfin
2026-09-24,mls:BEC68E49FC28,Coolidge Plan,Merced,95341,461490,4,3,1842,,,Single Family Residential,Active,2026-04-09,37.284751892089844,-120.43229675292969,https://www.redfin.com/CA/Merced/Merced/Coolidge/home/196730179,redfin
2026-09-24,mls:ACB25E048A12,Grayson Plan,Merced,95341,424990,3,2,1290,,,Single Family Residential,Active,2025-08-15,37.2918983,-120.4266809,https://www.redfin.com/CA/Merced/Merced/Grayson/home/197150413,redfin
2026-09-24,mls:FDD583518435,Lanner Plan,Merced,95341,498990,4,2.5,1924,,,Single Family Residential,Active,2026-04-02,37.291656,-120.42655,https://www.redfin.com/CA/Merced/Merced/Lanner/home/201094597,redfin
2026-09-24,mls:15061A6A2B6D,Mountain Top II Plan,Merced,95348,509000,5,3,1890,,,Single Family Residential,Active,2025-08-18,37.3615146,-120.4694483,https://www.redfin.com/CA/Merced/Merced/Mountain-Top-II/home/190509865,redfin
2026-09-24,mls:874769B64FE6,Skyview II Plan,Merced,95348,479000,4,2.5,1824,,,Single Family Residential,Active,2025-08-17,37.3615146,-120.4694483,https://www.redfin.com/CA/Merced/Merced/Skyview-II/home/190509863,redfin
2026-09-24,mls:BF6DF43CAE31,The Adelina Plan,Merced,95341,397838,3,2,1403,,,Single Family Residential,Active,2025-10-26,37.2862897,-120.4304902,https://www.redfin.com/CA/Merced/Merced/The-Adelina/home/198798410,redfin
2026-09-24,mls:AB628F81CA4C,The Ashington Plan,Merced,95348,465600,4,3,1750,,,Single Family Residential,Active,2025-11-02,37.3582045,-120.4809235,https://www.redfin.com/CA/Merced/Merced/The-Ashington/home/198836475,redfin
2026-09-24,mls:7544A213B692,The Ashington Plan,Merced,95341,438700,4,3,1750,,,Single Family Residential,Active,2025-10-26,37.2862897,-120.4304902,https://www.redfin.com/CA/Merced/Merced/The-Ashington/home/198798406,redfin
2026-09-24,mls:33109F27E8B2,The Caledonia Plan,Merced,95348,480600,4,3,1969,,,Single Family Residential,Active,2025-12-20,37.3582045,-120.4809235,https://www.redfin.com/CA/Merced/Merced/The-Caledonia/home/199743228,redfin
2026-09-24,mls:3335387E8898,The Carmelo Plan,Merced,95341,391874,3,2,1500,,,Single Family Residential,Active,2025-07-31,37.2917052,-120.4288446,https://www.redfin.com/CA/Merced/Merced/The-Carmelo/home/196756198,redfin
2026-09-24,mls:C841C396BC54,The Cascade Plan,Merced,95348,436368,3,2,1620,,,Single Family Residential,Active,2025-11-06,37.3582045,-120.4809235,https://www.redfin.com/CA/Merced/Merced/The-Cascade/home/198909838,redfin
2026-09-24,mls:2BB8EC88400D,The Cascade Plan,Merced,95341,421000,3,2,1620,,,Single Family Residential,Active,2025-10-26,37.2862897,-120.4304902,https://www.redfin.com/CA/Merced/Merced/The-Cascade/home/198798409,redfin
2026-09-24,mls:DECD7A7C0493,The Florencia Plan,Merced,95348,569600,5,3,2752,,,Single Family Residential,Active,2025-11-06,37.3582045,-120.4809235,https://www.redfin.com/CA/Merced/Merced/The-Florencia/home/198918663,redfin
2026-09-24,mls:EB4F2420027D,The Haven Plan,Merced,95341,362250,3,2.5,1623,,,Townhouse,Active,2025-10-13,37.2766279,-120.4806608,https://www.redfin.com/CA/Merced/Merced/The-Haven/home/198576924,redfin
2026-09-24,mls:C5D14AA59F41,The Kelsey Plan,Merced,95341,309900,2,2.5,1259,,,Townhouse,Active,2025-10-13,37.2766279,-120.4806608,https://www.redfin.com/CA/Merced/Merced/The-Kelsey/home/198576925,redfin
2026-09-24,mls:581E257A65CE,The Monterey Plan,Merced,95348,489600,4,2,1960,,,Single Family Residential,Active,2025-12-20,37.3582045,-120.4809235,https://www.redfin.com/CA/Merced/Merced/The-Monterey/home/199743230,redfin
2026-09-24,mls:7EE60E243966,The Monterey Plan,Merced,95341,471550,4,2,1960,,,Single Family Residential,Active,2025-10-27,37.2862897,-120.4304902,https://www.redfin.com/CA/Merced/Merced/The-Monterey/home/198798429,redfin
2026-09-24,mls:43516D609CFC,The Rainier Plan,Merced,95348,404900,3,2,1435,,,Single Family Residential,Active,2025-11-06,37.3582045,-120.4809235,https://www.redfin.com/CA/Merced/Merced/The-Rainier/home/198918611,redfin
2026-09-24,mls:C66618349959,The Santa Cruz Plan,Merced,95348,479600,4,3,1810,,,Single Family Residential,Active,2025-12-20,37.3582045,-120.4809235,https://www.redfin.com/CA/Merced/Merced/The-Santa-Cruz/home/199743229,redfin
2026-09-24,mls:35E70551F97C,The Santa Cruz Plan,Merced,95341,465200,4,3,1810,,,Single Family Residential,Active,2025-10-26,37.2862897,-120.4304902,https://www.redfin.com/CA/Merced/Merced/The-Santa-Cruz/home/198798407,redfin
2026-09-24,mls:91E012AEF7B7,The Shasta Plan,Merced,95348,479230,4,3,2207,,,Single Family Residential,Active,2025-11-02,37.3582045,-120.4809235,https://www.redfin.com/CA/Merced/Merced/The-Shasta/home/198836473,redfin
2026-09-24,mls:414BA255B8B4,The Sierra Plan,Merced,95341,325500,3,2.5,1358,,,Townhouse,Active,2025-10-13,37.2766279,-120.4806608,https://www.redfin.com/CA/Merced/Merced/The-Sierra/home/198576923,redfin
2026-09-24,mls:347EB8F16713,The Teton Plan,Merced,95348,470600,3,2,1854,,,Single Family Residential,Active,2025-11-06,37.3582045,-120.4809235,https://www.redfin.com/CA/Merced/Merced/The-Teton/home/198918058,redfin
2026-09-24,mls:DBF11679A93F,The Tolosa Plan,Merced,95341,483361,4,2,2392,,,Single Family Residential,Active,2025-10-13,37.2917052,-120.4288446,https://www.redfin.com/CA/Merced/Merced/The-Tolosa/home/198576922,redfin
2026-09-25,mls:226043198,0 Fruitland & Orchard Park Ave,Atwater,95301,1500000,,,,1337292,,Vacant Land,Active,2026-04-08,37.3626644,-120.5957832,https://www.redfin.com/CA/Atwater/0-Fruitland-Ave-95301/home/183517590,redfin
2026-09-25,mls:MC22098863,0 Green Sands Ave,Atwater,95301,720000,,,,45738,,Vacant Land,Active,2022-05-12,37.338095,-120.576147,https://www.redfin.com/CA/Atwater/Green-Sands-Ave-95301/home/179404945,redfin
2026-09-25,mls:MC26107959,1 Gurr Rd,Atwater,95301,425000,,,,213880,,Vacant Land,Active,2026-05-18,37.32537,-120.557565,https://www.redfin.com/CA/Atwater/1-Gurr-RD-95301/home/198748593,redfin
2026-09-25,mls:MC26025984,1 W Belcher Ave,Atwater,95348,290000,,,,54886,,Vacant Land,Active,2026-02-04,37.338472,-120.544579,https://www.redfin.com/CA/Atwater/1-W-Belcher-Ave-95301/home/200353831,redfin
2026-09-25,mls:226114978,101 Manzanita Dr,Atwater,95301,379900,4,2,1876,8019,1985,Single Family Residential,Active,2026-09-17,37.364388,-120.5960439,https://www.redfin.com/CA/Atwater/101-Manzanita-Dr-95301/home/19669071,redfin
2026-09-25,mls:MC26185791,1020 Prince William Ct,Atwater,95301,1250000,5,4.5,3632,43560,2026,Single Family Residential,Active,2026-08-24,37.3025539,-120.5839977,https://www.redfin.com/CA/Atwater/1020-Prince-William-Ct-95301/home/168648013,redfin
2026-09-25,mls:MC26125479,10366 Rose,Atwater,95301,813500,2,2,,1045440,,Vacant Land,Active,2026-06-09,37.324381,-120.675708,https://www.redfin.com/CA/Atwater/10366-Rose-Ave-95301/home/187905845,redfin
2026-09-25,mls:224602563,10511 White Crane Rd,Atwater,95301,1195950,,,,1751112,,Vacant Land,Active,2026-06-02,37.3160829,-120.6786226,https://www.redfin.com/CA/Atwater/10511-White-Crane-Rd-95301/home/182992353,redfin
2026-09-25,mls:MC26184825,111 Pacemaker,Atwater,95301,364999,3,2,1530,7264,1975,Single Family Residential,Active,2026-08-25,37.3532969,-120.5953379,https://www.redfin.com/CA/Atwater/111-Pacemaker-Dr-95301/home/19706647,redfin
2026-09-25,mls:ML82057518,1170 Spruce,Atwater,95301,370000,3,2,1481,6240,1957,Single Family Residential,Active,2026-08-12,37.3589015,-120.6042608,https://www.redfin.com/CA/Atwater/1170-Spruce-Ave-95301/home/19709053,redfin
2026-09-25,mls:MC26207071,1241 6th St,Atwater,95301,375000,3,2,1059,5663,1958,Single Family Residential,Active,2026-09-23,37.3490365,-120.6114262,https://www.redfin.com/CA/Atwater/1241-6th-St-95301/home/19708284,redfin
2026-09-25,mls:MC26203442,1291 Spruce,Atwater,95301,375000,3,2,1226,7475,1955,Single Family Residential,Active,2026-09-16,37.3590269,-120.6058987,https://www.redfin.com/CA/Atwater/1291-Spruce-Ave-95301/home/19708693,redfin
2026-09-25,mls:MC26115028,1319 3rd St,Atwater,95301,349900,3,1,1356,7321,1920,Single Family Residential,Active,2026-07-07,37.3485144,-120.608288,https://www.redfin.com/CA/Atwater/1319-3rd-St-95301/home/19708365,redfin
2026-09-25,mls:MC26087176,136 Seville Ct,Atwater,95301,58000,2,1,672,,1980,Mobile/Manufactured Home,Active,2026-04-22,37.3413116,-120.5881367,https://www.redfin.com/CA/Atwater/136-Seville-Ct-95301/home/19655417,redfin
2026-09-25,mls:ML82058659,1405 Tamarack Ave,Atwater,95301,325000,3,2,1386,8075,1955,Single Family Residential,Active,2026-08-21,37.3595332,-120.6073025,https://www.redfin.com/CA/Atwater/1405-Tamarack-Ave-95301/home/19708185,redfin
2026-09-25,mls:MC26183256,1428 Vine Cir,Atwater,95301,330000,3,1.5,1216,2880,1990,Single Family Residential,Active,2026-09-02,37.3539283,-120.6210143,https://www.redfin.com/CA/Atwater/1428-Vine-Cir-95301/home/19659569,redfin
2026-09-25,mls:MC26196306,1453 Augusta,Atwater,95301,495000,4,2,1964,7492,2001,Single Family Residential,Active,2026-09-10,37.3418612,-120.5792132,https://www.redfin.com/CA/Atwater/1453-Augusta-Ln-95301/home/19665042,redfin
2026-09-25,mls:MC26191754,1463 Juniper Ave,Atwater,95301,319000,3,1,1306,8724,1951,Single Family Residential,Active,2026-09-11,37.3544585,-120.6076816,https://www.redfin.com/CA/Atwater/1463-Juniper-Ave-95301/home/19709001,redfin
2026-09-25,mls:MC26206077,149 E Clinton Ave,Atwater,95301,305000,3,1,1157,7125,1960,Single Family Residential,Active,2026-09-21,37.3454409,-120.594331,https://www.redfin.com/CA/Atwater/149-E-Clinton-Ave-95301/home/19706097,redfin
2026-09-25,mls:MC26136421,1501 Drakeley,Atwater,95301,297699,2,1,757,7116,1928,Single Family Residential,Active,2026-06-22,37.349514,-120.6110231,https://www.redfin.com/CA/Atwater/1501-Drakeley-Ave-95301/home/21887227,redfin
2026-09-25,mls:226107316,1505 Jorgensen St,Atwater,95301,389000,3,2,1333,6878,1956,Single Family Residential,Active,2026-08-26,37.3460862,-120.5935394,https://www.redfin.com/CA/Atwater/1505-Jorgensen-St-95301/home/19707009,redfin
2026-09-25,mls:226084471,1522 Vine Cir,Atwater,95301,349900,3,1.5,1216,2879,1990,Single Family Residential,Active,2026-07-07,37.3538377,-120.6212607,https://www.redfin.com/CA/Atwater/1522-Vine-Cir-95301/home/19650770,redfin
2026-09-25,mls:MC26178733,1527 Underwood,Atwater,95301,399000,3,2,1543,9005,1957,Single Family Residential,Active,2026-08-14,37.3598418,-120.6095756,https://www.redfin.com/CA/Atwater/1527-Underwood-Ave-95301/home/19708162,redfin
2026-09-25,mls:MC26176577,1536 Fir Ave,Atwater,95301,299999,3,2,1002,7232,1954,Single Family Residential,Active,2026-08-13,37.3509088,-120.6104503,https://www.redfin.com/CA/Atwater/1536-Fir-Ave-95301/home/19707972,redfin
2026-09-25,mls:MC26172461,160 Jeanna Ct,Atwater,95301,694999,4,3,2678,11325,2026,Single Family Residential,Active,2026-08-06,37.372538,-120.5937848,https://www.redfin.com/CA/Atwater/160-Jeanna-Ct-95301/home/28952238,redfin
2026-09-25,mls:MC26161061,1625 Osborn Ter,Atwater,95301,392000,3,2,1346,6628,1960,Single Family Residential,Active,2026-08-09,37.3476363,-120.5929879,https://www.redfin.com/CA/Atwater/1625-Osborn-Ter-95301/home/19707368,redfin
2026-09-25,mls:226109198,1694 Elm Ave,Atwater,95301,340000,2,2,806,6765,1938,Single Family Residential,Active,2026-08-28,37.350644,-120.6124198,https://www.redfin.com/CA/Atwater/1694-Elm-Ave-95301/home/19708326,redfin
2026-09-25,mls:CV26135510,171 ATWATER #29,Atwater,95301,120000,3,2,1390,,1989,Mobile/Manufactured Home,Active,2026-06-21,37.341906,-120.596759,https://www.redfin.com/CA/Atwater/171-Atwater-Blvd-95301/unit-29/home/19654911,redfin
2026-09-25,mls:MC26093531,1800 2nd,Atwater,95301,549900,3,2,1802,15153,1951,Single Family Residential,Active,2026-05-05,37.3519828,-120.6042363,https://www.redfin.com/CA/Atwater/1800-2nd-St-95301/home/161299203,redfin
2026-09-25,mls:FR26204431,1814 White Pines Ct,Atwater,95301,495000,3,2,1705,6956,2001,Single Family Residential,Active,2026-09-18,37.3413279,-120.5781118,https://www.redfin.com/CA/Atwater/1814-White-Pines-Ct-95301/home/19665151,redfin
2026-09-25,mls:MC25219261,1831 Olive Ave,Atwater,95301,325000,1,1,280,13778,1940,Single Family Residential,Active,2025-10-29,37.3493071,-120.6148542,https://www.redfin.com/CA/Atwater/1831-Olive-Ave-95301/home/19709352,redfin
2026-09-25,mls:MC26202224,1873 Grove Ave,Atwater,95301,995000,70,7,4642,14496,1979,Multi-Family (5+ Unit),Active,2026-09-15,37.3536168,-120.613139,https://www.redfin.com/CA/Atwater/1873-Grove-Ave-95301/home/19708355,redfin
2026-09-25,mls:MC24152023,1883 Sycamore Ave,Atwater,95301,650000,,,,52272,,Vacant Land,Active,2024-07-24,37.3469,-120.617299,https://www.redfin.com/CA/Atwater/1883-Sycamore-Ave-95301/home/21156099,redfin
2026-09-25,mls:MC26184580,190 Kadota,Atwater,95301,450000,3,2,1709,7350,1979,Single Family Residential,Active,2026-08-22,37.350776,-120.59799,https://www.redfin.com/CA/Atwater/190-Kadota-Ave-95301/home/19706882,redfin
2026-09-25,mls:MC26147011,1917 Shasta,Atwater,95301,475000,4,2,1841,6397,2007,Single Family Residential,Active,2026-07-07,37.3467111,-120.6242317,https://www.redfin.com/CA/Atwater/1917-Shasta-Dr-95301/home/19652770,redfin
2026-09-25,mls:MC26201134,1923 Joeys Ct,Atwater,95301,995000,4,3,2947,44431,2014,Single Family Residential,Active,2026-09-21,37.3159576,-120.6025602,https://www.redfin.com/CA/Atwater/1923-Joeys-Ct-95301/home/168648205,redfin
2026-09-25,mls:MC26136462,1971 Mitchell,Atwater,95301,240000,1,1,576,4262,1947,Single Family Residential,Active,2026-06-22,37.3530587,-120.6152921,https://www.redfin.com/CA/Atwater/1971-Mitchell-St-95301/home/19709243,redfin
2026-09-25,mls:MC26089924,2 Rancho Grande Cir,Atwater,95301,132000,2,2,864,,2019,Mobile/Manufactured Home,Active,2026-04-25,37.340844,-120.588071,https://www.redfin.com/CA/Atwater/2-Rancho-Grande-Cir-95301/home/185794860,redfin
2026-09-25,mls:MC26025317,2 W Belcher Ave Ave,Atwater,95348,275000,,,,44431,,Vacant Land,Active,2026-02-04,37.338379,-120.543985,https://www.redfin.com/CA/Atwater/2-W-Belcher-Ave-95301/home/200350163,redfin
2026-09-25,mls:cmrzhhmi800u1s601lhzf835k,2001 Eucalyptus St,Atwater,95301,300000,3,2,1263,,1970,Unknown,Active,2026-07-24,37.3525738,-120.6015444,https://www.redfin.com/CA/Atwater/2001-Eucalyptus-St-95301/home/19707873,redfin
2026-09-25,mls:MC26141326,2024 De La Vina Ct,Atwater,95301,489000,3,2,1728,6540,2024,Single Family Residential,Active,2026-06-29,37.3482248,-120.5689736,https://www.redfin.com/CA/Atwater/2024-De-la-Vina-Ct-95301/home/28947790,redfin
2026-09-25,mls:226092977,2039 Cambridge Dr,Atwater,95301,924950,4,2.5,2011,43560,1979,Single Family Residential,Active,2026-07-23,37.3172155,-120.5852308,https://www.redfin.com/CA/Atwater/2039-Cambridge-Dr-95301/home/19706483,redfin
2026-09-25,mls:226068921,2275 5th St,Atwater,95301,449000,3,2.5,1981,9561,1955,Single Family Residential,Active,2026-06-03,37.3566224,-120.6062774,https://www.redfin.com/CA/Atwater/2275-5th-St-95301/home/19709061,redfin
2026-09-25,mls:MC25147391,2294 Olive Ave,Atwater,95301,55000,8,4,,13966,,Vacant Land,Active,2025-07-01,37.3514598,-120.6208716,https://www.redfin.com/CA/Atwater/2294-Olive-Ave-95301/home/19709111,redfin
2026-09-25,mls:MC26114023,2350 Angelus Ct,Atwater,95301,439900,3,2,1609,12070,1976,Single Family Residential,Active,2026-06-09,37.3576477,-120.614814,https://www.redfin.com/CA/Atwater/2350-Angelus-Ct-95301/home/19708819,redfin
2026-09-25,mls:MC26051388,2355 Atwater Blvd Spc 22,Atwater,95301,55000,3,2,840,,2016,Mobile/Manufactured Home,Active,2026-03-11,37.3507817,-120.6214714,https://www.redfin.com/CA/Atwater/2355-Atwater-Blvd-95301/unit-22/home/172361410,redfin
2026-09-25,mls:cmtj7o0m6031rs6013ev0ioz8,2412 Brodalski St,Atwater,95301,410000,3,2,1840,,1981,Unknown,Active,2026-09-01,37.3606617,-120.6193387,https://www.redfin.com/CA/Atwater/2412-Brodalski-St-95301/home/19669346,redfin
2026-09-25,mls:MC26183608,2480 Boulder Dr,Atwater,95301,529900,4,2,2060,8472,2008,Single Family Residential,Active,2026-08-21,37.3573351,-120.5866815,https://www.redfin.com/CA/Atwater/2480-Boulder-Dr-95301/home/19651866,redfin
2026-09-25,mls:MC26204586,2484 Sierra Springs Ct,Atwater,95301,275000,,,,43560,,Vacant Land,Active,2026-09-18,37.3237013,-120.5916941,https://www.redfin.com/CA/Atwater/2484-Sierra-Springs-Ct-95301/home/28946843,redfin
2026-09-25,mls:MC26163242,249 Live Oak,Atwater,95301,465000,4,2,1876,10445,1989,Single Family Residential,Active,2026-07-27,37.3674341,-120.5979875,https://www.redfin.com/CA/Atwater/249-Live-Oak-Dr-95301/home/19669122,redfin
2026-09-25,mls:226095283,2755 Atwater Blvd Unit G,Atwater,95301,59000,2,1,601,,1977,Mobile/Manufactured Home,Active,2026-07-29,37.3530085,-120.6278709,https://www.redfin.com/CA/Atwater/2755-Atwater-Blvd-95301/unit-G/home/191959108,redfin
2026-09-25,mls:MC26152667,2850 Woodbury Ct,Atwater,95301,799901,3,2,1863,47916,1989,Single Family Residential,Active,2026-07-17,37.3292323,-120.5823632,https://www.redfin.com/CA/Atwater/2850-Woodbury-Ct-95301/home/19705301,redfin
2026-09-25,mls:226085476,290 E Grove,Atwater,95301,359900,4,2,1367,7932,1961,Single Family Residential,Active,2026-09-19,37.3464944,-120.5919392,https://www.redfin.com/CA/Atwater/290-E-Grove-Ave-95301/home/19706119,redfin
2026-09-25,mls:226115010,2914 Winners Cir,Atwater,95301,364988,3,2,1400,7431,1981,Single Family Residential,Active,2026-09-18,37.362913,-120.5795607,https://www.redfin.com/CA/Atwater/2914-Winners-Cir-95301/home/19668485,redfin
2026-09-25,mls:226040410,3196 Heather Glen Ln,Atwater,95301,200000,,,,52272,,Vacant Land,Active,2026-09-12,37.3672231,-120.6019773,https://www.redfin.com/CA/Atwater/3196-Heather-Glen-Ln-95301/home/28947254,redfin
2026-09-25,mls:MC26202908,3207 Manzanita,Atwater,95301,479000,4,2,1876,6000,1989,Single Family Residential,Active,2026-09-17,37.3672547,-120.600526,https://www.redfin.com/CA/Atwater/3207-Manzanita-Dr-95301/home/19668930,redfin
2026-09-25,mls:226114100,3268 Dakota St,Atwater,95301,180000,3,1.5,1120,8124,1960,Single Family Residential,Active,2026-09-21,37.3663749,-120.6201465,https://www.redfin.com/CA/Atwater/3268-Dakota-St-95301/home/19670141,redfin
2026-09-25,mls:MC26122925,3347 Stacey Ct,Atwater,95301,350000,4,2,1559,7446,1980,Single Family Residential,Active,2026-06-15,37.3672189,-120.6235651,https://www.redfin.com/CA/Atwater/3347-Stacey-Ct-95301/home/19670102,redfin
2026-09-25,mls:MC26200202,3369 Lighthouse Ct,Atwater,95301,525000,4,3,2442,7187,1991,Single Family Residential,Active,2026-09-12,37.3690061,-120.5986042,https://www.redfin.com/CA/Atwater/3369-Lighthouse-Ct-95301/home/19668649,redfin
2026-09-25,mls:MC26187134,3370 Harness Dr,Atwater,95301,539900,4,2.5,2375,6800,2006,Single Family Residential,Active,2026-08-27,37.3697202,-120.6002666,https://www.redfin.com/CA/Atwater/3370-Harness-Dr-95301/home/19658536,redfin
2026-09-25,mls:MC26061429,3379 Lighthouse Ct,Atwater,95301,249900,,,,7790,,Vacant Land,Active,2026-03-20,37.3691893,-120.5986279,https://www.redfin.com/CA/Atwater/3379-Lighthouse-Ct-95301/home/200957298,redfin
2026-09-25,mls:MC26102154,3650 Santa Fe,Atwater,95301,399000,,,,121968,,Vacant Land,Active,2026-05-11,37.3415852,-120.5414649,https://www.redfin.com/CA/Atwater/3650-N-Santa-Fe-Ave-95301/home/19655352,redfin
2026-09-25,mls:MC25260738,474 Aaron Ct,Atwater,95301,699900,4,3,2412,11000,2025,Single Family Residential,Active,2025-11-14,37.373416,-120.6014311,https://www.redfin.com/CA/Atwater/474-Aaron-Ct-95301/home/28947469,redfin
2026-09-25,mls:MC26146741,485 Windmill Ct,Atwater,95301,565000,4,2.5,2297,7079,2017,Single Family Residential,Active,2026-07-06,37.3703282,-120.6015627,https://www.redfin.com/CA/Atwater/485-Windmill-Ct-95301/home/28947233,redfin
2026-09-25,mls:MC25225932,4910-4910 Clover Ave,Atwater,95301,1100000,,,,125463,,Vacant Land,Active,2025-09-25,37.336971,-120.5754416,https://www.redfin.com/CA/Atwater/4910-Clover-Ave-95301/home/21627334,redfin
2026-09-25,mls:ML82030890,5086 Moran Ave,Atwater,95301,999999,4,3.5,2661,39600,2003,Single Family Residential,Active,2026-01-12,37.3102472,-120.5792905,https://www.redfin.com/CA/Atwater/5086-Moran-Ave-95301/home/168648427,redfin
2026-09-25,mls:226108306,5200 Crest #49,Atwater,95301,109990,3,2,900,,2026,Mobile/Manufactured Home,Active,2026-08-27,37.3628637,-120.585355,https://www.redfin.com/CA/Atwater/5200-Crest-Rd-95301/unit-49/home/19655596,redfin
2026-09-25,mls:MC26154508,5200 Crest Rd #91,Atwater,95301,72999,3,1,828,,1979,Mobile/Manufactured Home,Active,2026-07-15,37.3628637,-120.585355,https://www.redfin.com/CA/Atwater/5200-Crest-Rd-95301/unit-91/home/168650464,redfin
2026-09-25,mls:MC26206085,601 Holly Ave,Atwater,95301,310000,3,1,945,10342,1953,Single Family Residential,Active,2026-09-21,37.3503121,-120.6001672,https://www.redfin.com/CA/Atwater/601-Holly-Ave-95301/home/19707741,redfin
2026-09-25,mls:226113413,6176 Fleming Rd,Atwater,95301,750000,7,6,1628,33572,2006,Multi-Family (2-4 Unit),Active,2026-09-18,37.3337342,-120.5989235,https://www.redfin.com/CA/Atwater/6176-Fleming-Rd-95301/home/19684469,redfin
2026-09-25,mls:MC26206805,6220 Yorkshire Dr,Atwater,95301,850000,4,2.5,2394,43996,2000,Single Family Residential,Active,2026-09-23,37.3033052,-120.6004018,https://www.redfin.com/CA/Atwater/6220-Yorkshire-Dr-95301/home/168648354,redfin
2026-09-25,mls:226112186,701 Palmer Pl,Atwater,95301,409900,3,2,1553,6172,1999,Single Family Residential,Active,2026-09-07,37.3385783,-120.5847579,https://www.redfin.com/CA/Atwater/701-Palmer-Pl-95301/home/19705383,redfin
2026-09-25,mls:MC26096434,729 Mulberry Ave,Atwater,95301,395000,3,2,1692,7800,1957,Single Family Residential,Active,2026-05-04,37.353723,-120.5996942,https://www.redfin.com/CA/Atwater/729-Mulberry-Ave-95301/home/19707210,redfin
2026-09-25,mls:MC26187985,75 Rancho Grande Cir,Atwater,95301,90000,3,2,1080,,1986,Mobile/Manufactured Home,Active,2026-08-29,37.3432533,-120.5869225,https://www.redfin.com/CA/Atwater/75-Rancho-Grande-Cir-95301/home/19655409,redfin
2026-09-25,mls:MC26180099,8191 Sunset,Atwater,95301,689000,3,2.5,2236,47916,1967,Single Family Residential,Active,2026-08-17,37.3381526,-120.636439,https://www.redfin.com/CA/Atwater/8191-Sunset-Dr-95301/home/19684176,redfin
2026-09-25,mls:MC26197829,8753 Rose Ave,Atwater,95301,78000,4,2,1452,1000,1998,Mobile/Manufactured Home,Active,2026-09-15,37.3220994,-120.6458582,https://www.redfin.com/CA/Atwater/8753-Rose-Ave-95301/home/172361425,redfin
2026-09-25,mls:226116132,8766 Longview Rd,Atwater,95301,1250000,3,2,1901,548856,1978,Single Family Residential,Active,2026-09-16,37.3534837,-120.6469987,https://www.redfin.com/CA/Atwater/8766-Longview-Rd-95301/home/196422114,redfin
2026-09-25,mls:MC26206110,901 Elm Ave,Atwater,95301,275000,2,1,806,8397,1948,Single Family Residential,Active,2026-09-21,37.3481664,-120.6049172,https://www.redfin.com/CA/Atwater/901-Elm-Ave-95301/home/19707493,redfin
2026-09-25,mls:225082922,0 - 1/2 E Mission Ave,Merced,95341,2812500,,,,980100,,Vacant Land,Active,2025-06-21,37.273919,-120.4849237,https://www.redfin.com/CA/Merced/1-E-Mission-Ave-95341/home/196148474,redfin
2026-09-25,mls:MC26188109,0 Cabot Ave,Merced,95348,105000,,,,7440,,Vacant Land,Active,2026-08-27,37.31748,-120.524582,https://www.redfin.com/CA/Merced/Cabot-Ave-95348/home/205219350,redfin
2026-09-25,mls:MC26156234,0 Dunn Rd,Merced,95340,185000,,,,68824,,Vacant Land,Active,2026-07-31,37.34006,-120.435579,https://www.redfin.com/CA/Merced/Dunn-Rd-95340/home/104256713,redfin
2026-09-25,mls:MC25255724,0 E North Bear Creek Dr,Merced,95340,2280000,,,,162043,,Vacant Land,Active,2025-11-07,37.3098622,-120.4690825,https://www.redfin.com/CA/Merced/0-E-North-Bear-Creek-Dr-95340/home/198946738,redfin
2026-09-25,mls:MC26187045,0 Franklin Rd,Merced,95348,749900,,,,20817,,Vacant Land,Active,2026-08-26,37.323221,-120.540449,https://www.redfin.com/CA/Merced/Franklin-Rd-95348/home/104246777,redfin
2026-09-25,mls:MC25135004,0 Henry St,Merced,95341,1870000,,,,651657,,Vacant Land,Active,2025-06-17,37.270386,-120.450522,https://www.redfin.com/CA/Merced/Henry-St-95341/home/196428748,redfin
2026-09-25,mls:MC25253995,0 Kibby,Merced,95340,222000,,,,43560,,Vacant Land,Active,2025-11-05,37.3052,-120.414692,https://www.redfin.com/CA/Merced/Kibby-Rd-95340/home/198874981,redfin
2026-09-25,mls:MC26181963,0 Massasso,Merced,95348,125000,,,,13860,,Vacant Land,Active,2026-08-23,37.297305,-120.514048,https://www.redfin.com/CA/Merced/Massasso-St-95341/home/40000091,redfin
2026-09-25,mls:MC25134922,0 Mission Ave,Merced,95341,2812500,,,,980100,,Vacant Land,Active,2025-06-17,37.2732983,-120.4858775,https://www.redfin.com/CA/Merced/0-E-Mission-Ave-95341/home/196428730,redfin
2026-09-25,mls:MC26182133,0 S P St,Merced,95340,150000,,,,74052,,Vacant Land,Active,2026-08-19,37.2881933,-120.498403,https://www.redfin.com/CA/Merced/0-S-P-St-95341/home/204651464,redfin
2026-09-25,mls:MC21265605,0 Stretch St,Merced,95340,2650000,,,,1785960,,Vacant Land,Active,2022-01-19,37.298527,-120.444069,https://www.redfin.com/CA/Merced/Stretch-Rd-95340/home/40000310,redfin
2026-09-25,mls:648773,0 Thorton Rd,Merced,95341,920000,0,,,1001880,,Ranch,Active,2026-05-13,37.288299,-120.5235747,https://www.redfin.com/CA/Merced/0-Thornton-Rd-95341/home/201832321,redfin
2026-09-25,mls:MC25117690,0 Vassar Ave,Merced,95341,1488000,,,,864230,,Vacant Land,Active,2025-06-13,37.2659362,-120.487877,https://www.redfin.com/CA/Merced/0-Vassar-Ave-95341/home/179519741,redfin
2026-09-25,mls:MC25117743,0-1/2 Henry St,Merced,95341,1473000,,,,855518,,Vacant Land,Active,2025-06-13,37.267067,-120.450494,https://www.redfin.com/CA/Merced/0-1-2-Henry-St-95341/home/196428747,redfin
2026-09-25,mls:MC25259914,1 E N Bear Creek Dr,Merced,95340,3875000,,,,281398,,Vacant Land,Active,2025-11-13,37.3098622,-120.4690825,https://www.redfin.com/CA/Merced/1-E-North-Bear-Creek-Dr-95340/home/199064423,redfin
2026-09-25,mls:MC26115943,1004 W 13th,Merced,95341,250000,,,,7500,,Vacant Land,Active,2026-05-29,37.2996949,-120.4937475,https://www.redfin.com/CA/Merced/1004-W-13th-St-95341/home/28952923,redfin
2026-09-25,mls:226081831,1011 Oregon Dr,Merced,95340,540000,3,2,2028,14066,1968,Single Family Residential,Active,2026-06-26,37.3138592,-120.4591668,https://www.redfin.com/CA/Merced/1011-Oregon-Dr-95340/home/19703043,redfin
2026-09-25,mls:MC26187904,1012 Wyoming,Merced,95340,690000,4,3,3121,16250,1961,Single Family Residential,Active,2026-08-29,37.3103318,-120.4591887,https://www.redfin.com/CA/Merced/1012-Wyoming-Dr-95340/home/19702940,redfin
2026-09-25,mls:226113579,1013 - 1017 W Santa Fe Ave,Merced,95340,449900,2,1,720,6499,1960,Multi-Family (2-4 Unit),Active,2026-09-10,37.3116755,-120.4870991,https://www.redfin.com/CA/Merced/1017-W-Santa-Fe-Ave-95340/home/19693027,redfin
2026-09-25,mls:MC26180949,1052 Northwood,Merced,95348,419900,4,2,1534,8628,1972,Single Family Residential,Active,2026-08-19,37.3159149,-120.4856132,https://www.redfin.com/CA/Merced/1052-Northwood-Dr-95348/home/19701776,redfin
2026-09-25,mls:MC26117150,1055 Lees Ct,Merced,95340,434991,3,2,1656,9077,1972,Single Family Residential,Active,2026-05-29,37.3203274,-120.4585027,https://www.redfin.com/CA/Merced/1055-Lees-Ct-95340/home/19704425,redfin
2026-09-25,mls:MC26188514,1065 Mallard,Merced,95340,459999,3,2,1824,5998,2002,Single Family Residential,Active,2026-08-27,37.3367597,-120.4589052,https://www.redfin.com/CA/Merced/1065-Mallard-Dr-95340/home/19661701,redfin
2026-09-25,mls:MC26198295,1068 Kiwi Ct,Merced,95340,464500,3,2,1591,6001,2002,Single Family Residential,Active,2026-09-10,37.3370358,-120.4590921,https://www.redfin.com/CA/Merced/1068-Kiwi-Ct-95340/home/19661176,redfin
2026-09-25,mls:MC26173032,1075 Martin Luther King Jr,Merced,95341,649000,,,,37622,,Vacant Land,Active,2026-08-10,37.2939687,-120.484676,https://www.redfin.com/CA/Merced/1075-Martin-Luther-King-Junior-Way-95341/home/196040546,redfin
2026-09-25,mls:MC26199692,1076 E Estancia Dr,Merced,95348,285000,,,,43560,,Vacant Land,Active,2026-09-11,37.3736192,-120.4669637,https://www.redfin.com/CA/Merced/1076-E-Estancia-Dr-95340/home/168647417,redfin
2026-09-25,mls:MC26174826,1111 E Donna Dr,Merced,95340,499900,3,2,1752,6909,1989,Single Family Residential,Active,2026-08-10,37.3287346,-120.457712,https://www.redfin.com/CA/Merced/1111-E-Donna-Dr-95340/home/19703890,redfin
2026-09-25,mls:MC26050732,1134 Puerto Vallarta Ct,Merced,95348,450000,5,3,2250,5401,2002,Single Family Residential,Active,2026-03-08,37.32734,-120.4877533,https://www.redfin.com/CA/Merced/1134-Puerto-Vallarta-Ct-95348/home/19681832,redfin
2026-09-25,mls:MC26206794,1139 Curry Village Ct,Merced,95340,575000,4,2,2337,14892,1991,Single Family Residential,Active,2026-09-22,37.3317923,-120.4575219,https://www.redfin.com/CA/Merced/1139-Curry-Village-Ct-95340/home/19702610,redfin
2026-09-25,mls:MC26133604,115 W 19th,Merced,95340,299999,2,1,1014,7500,1915,Single Family Residential,Active,2026-06-18,37.3015764,-120.4764496,https://www.redfin.com/CA/Merced/115-W-19th-St-95340/home/19691911,redfin
2026-09-25,mls:MC26171548,1163 W 25th,Merced,95340,399999,3,2,1772,9409,1956,Single Family Residential,Active,2026-08-05,37.3134377,-120.4891296,https://www.redfin.com/CA/Merced/1163-W-25th-St-95340/home/19692191,redfin
2026-09-25,mls:MC26116262,1175 Evening Star,Merced,95348,454000,4,2.5,2023,6720,2005,Single Family Residential,Active,2026-06-10,37.3390078,-120.4899652,https://www.redfin.com/CA/Merced/1175-Evening-Star-Dr-95348/home/19658721,redfin
2026-09-25,mls:226098023,1179 Crescent Dr,Merced,95348,459000,4,4,3545,6704,2005,Single Family Residential,Active,2026-08-04,37.3379097,-120.4894157,https://www.redfin.com/CA/Merced/1179-Crescent-Dr-95348/home/19657584,redfin
2026-09-25,mls:226072996,118 Mcgregor,Merced,95341,295000,3,1,1064,3585,1947,Single Family Residential,Active,2026-06-15,37.2868171,-120.502523,https://www.redfin.com/CA/Merced/118-McGregor-St-95341/home/19681662,redfin
2026-09-25,mls:226076514,12 E San Clemente Dr,Merced,95341,365000,3,2,1313,6325,2003,Single Family Residential,Active,2026-07-22,37.2794952,-120.4818857,https://www.redfin.com/CA/Merced/12-E-San-Clemente-Dr-95341/home/19659458,redfin
2026-09-25,mls:MC26125121,1210 G St,Merced,95341,125000,,,,5010,,Vacant Land,Active,2026-06-08,37.2934266,-120.4784941,https://www.redfin.com/CA/Merced/1210-G-St-95341/home/40001457,redfin
2026-09-25,mls:226107490,1216 Brookdale Dr,Merced,95340,399000,3,2,1813,7701,1976,Single Family Residential,Active,2026-08-26,37.3214384,-120.4579621,https://www.redfin.com/CA/Merced/1216-Brookdale-Dr-95340/home/19703487,redfin
2026-09-25,mls:41148492,1223 W Santa Fe Ave,Merced,95340,289000,3,1,1044,7800,1956,Single Family Residential,Active,2026-09-16,37.3128635,-120.4902929,https://www.redfin.com/CA/Merced/1223-W-Santa-Fe-Ave-95340/home/19691310,redfin
2026-09-25,mls:MC26183039,1228 Wildcat Dr,Merced,95348,429000,4,2,1727,5000,2018,Single Family Residential,Active,2026-08-21,37.3379631,-120.4923012,https://www.redfin.com/CA/Merced/1228-Wildcat-Dr-95348/home/28947278,redfin
2026-09-25,mls:MC26084287,1247 Aspen,Merced,95340,305000,3,2.5,1293,2778,1989,Townhouse,Active,2026-05-29,37.3182302,-120.4570592,https://www.redfin.com/CA/Merced/1247-Aspen-St-95340/home/19703625,redfin
2026-09-25,mls:MC26165216,1248 W 9th,Merced,95341,399999,,,,15000,,Vacant Land,Active,2026-07-31,37.2970535,-120.4997506,https://www.redfin.com/CA/Merced/1248-W-9th-St-95341/home/161268254,redfin
2026-09-25,mls:MC26158013,125 N Parsons,Merced,95341,600000,,,,95832,,Vacant Land,Active,2026-07-24,37.289108,-120.452237,https://www.redfin.com/CA/Merced/125-N-Parsons-Ave-95341/home/19686748,redfin
2026-09-25,mls:41149059,1250 W Cardella Rd,Merced,95348,2288000,,,,333669,,Vacant Land,Active,2026-09-22,37.3459004,-120.4925466,https://www.redfin.com/CA/Merced/1250-W-Cardella-Rd-95348/home/205652135,redfin
2026-09-25,mls:SR26155316,1255 Carol,Merced,95341,212520,2,1,878,10659,1945,Single Family Residential,Active,2026-07-16,37.2911539,-120.4547374,https://www.redfin.com/CA/Merced/1255-Carol-Ave-95341/home/19687416,redfin
2026-09-25,mls:8595DE3FC6C7,126 Sugar Creek Ln,Merced,95341,396990,3,2,1230,,2026,Single Family Residential,Active,2026-06-25,37.286017,-120.430897,https://www.redfin.com/CA/Merced/126-Sugar-Creek-Ln-95341/home/196422602,redfin
2026-09-25,mls:MC26147340,126 Sugar Creek Ln Unit 144 S2,Merced,95341,409490,3,2,1230,5237,2026,Single Family Residential,Active,2026-07-07,37.286017,-120.430897,https://www.redfin.com/CA/Merced/126-Sugar-Creek-Ln-95341/unit-144-S2/home/202672067,redfin
2026-09-25,mls:MC26192342,1260 Brightday,Merced,95348,465000,5,3,2352,3601,2004,Single Family Residential,Active,2026-09-21,37.3339626,-120.4934448,https://www.redfin.com/CA/Merced/1260-Brightday-Dr-95348/home/19659528,redfin
2026-09-25,mls:41146671,1280 Dodd Ct,Merced,95341,390000,3,2,1136,9854,1958,Single Family Residential,Active,2026-08-30,37.2940166,-120.4596405,https://www.redfin.com/CA/Merced/1280-Dodd-Ct-95341/home/19687216,redfin
2026-09-25,mls:226119361,1289 Lurs Ct,Merced,95348,649999,6,4,3576,5998,2006,Single Family Residential,Active,2026-09-23,37.3399683,-120.494627,https://www.redfin.com/CA/Merced/1289-Lurs-Ct-95348/home/19652856,redfin
2026-09-25,mls:226118378,1317 Derby Dr,Merced,95348,450000,4,2,1894,5123,2005,Single Family Residential,Active,2026-09-21,37.3391514,-120.4961679,https://www.redfin.com/CA/Merced/1317-Derby-Dr-95348/home/19656266,redfin
2026-09-25,mls:MC26157505,1338 Christopher,Merced,95340,499000,4,3,1926,6991,2003,Single Family Residential,Active,2026-07-29,37.3370659,-120.4558575,https://www.redfin.com/CA/Merced/1338-Christopher-Dr-95340/home/19661258,redfin
2026-09-25,mls:MC26207906,1338 Hermosa,Merced,95348,425000,4,2.5,1637,2500,2022,Single Family Residential,Active,2026-09-24,37.3330789,-120.4964879,https://www.redfin.com/CA/Merced/1338-Hermosa-Dr-95348/home/28947375,redfin
2026-09-25,mls:MC26189958,134 Wonderland Trail Ln,Merced,95341,320000,2,2.5,1259,1649,2025,Townhouse,Active,2026-08-30,37.2759829,-120.480413,https://www.redfin.com/CA/Merced/134-Wonderland-Trail-Ln-95341/home/196426234,redfin
2026-09-25,mls:MC26169820,1370 Belmont,Merced,95348,399000,4,2.5,1793,3894,2007,Single Family Residential,Active,2026-08-10,37.3322996,-120.4978172,https://www.redfin.com/CA/Merced/1370-Belmont-Dr-95348/home/19654301,redfin
2026-09-25,mls:MC25269518,1375 Loughborough,Merced,95348,339000,3,2,1335,6015,1977,Single Family Residential,Active,2025-12-04,37.3236212,-120.4923658,https://www.redfin.com/CA/Merced/1375-Loughborough-Dr-95348/home/19682673,redfin
2026-09-25,mls:MC26131391,1396 Belmont,Merced,95348,436500,4,2.5,2044,8244,2007,Single Family Residential,Active,2026-08-06,37.3322877,-120.4986726,https://www.redfin.com/CA/Merced/1396-Belmont-Dr-95348/home/19656137,redfin
2026-09-25,mls:226114554,1402 W 22nd St,Merced,95340,365000,3,2,1302,7501,1952,Single Family Residential,Active,2026-09-24,37.3111596,-120.4943972,https://www.redfin.com/CA/Merced/1402-W-22nd-St-95340/home/19691926,redfin
2026-09-25,mls:226107956,1405 E 22nd St,Merced,95340,275000,3,2,1570,10624,1948,Single Family Residential,Active,2026-08-26,37.2980334,-120.45711,https://www.redfin.com/CA/Merced/1405-E-22nd-St-95340/home/19688065,redfin
2026-09-25,mls:MC26152644,1420 Q,Merced,95340,359000,2,1,739,3300,1888,Single Family Residential,Active,2026-07-19,37.3011937,-120.4924052,https://www.redfin.com/CA/Merced/1420-Q-St-95340/home/19691845,redfin
2026-09-25,mls:MC26194119,1430 Jackson Ct,Merced,95340,440000,4,2,1743,8109,1983,Single Family Residential,Active,2026-09-04,37.3069701,-120.4552671,https://www.redfin.com/CA/Merced/1430-Jackson-Ct-95340/home/19688693,redfin
2026-09-25,mls:4F1114110B6D,144 Sugar Creek Ln,Merced,95341,402990,3,2,1230,,2026,Single Family Residential,Active,2026-08-02,37.285743,-120.430897,https://www.redfin.com/CA/Merced/144-Sugar-Creek-Ln-95341/home/196422605,redfin
2026-09-25,mls:MC26169778,144 Sugar Creek Ln Unit 146 S2,Merced,95341,411490,3,2,1230,5237,2026,Single Family Residential,Active,2026-08-04,37.285743,-120.430897,https://www.redfin.com/CA/Merced/144-Sugar-Creek-Ln-95341/unit-146-S2/home/204345514,redfin
2026-09-25,mls:PW26187649,1445 San Simeon Ct,Merced,95348,550000,5,2.5,2374,8712,2003,Single Family Residential,Active,2026-09-12,37.3293642,-120.5020601,https://www.redfin.com/CA/Merced/1445-San-Simeon-Ct-95348/home/19657788,redfin
2026-09-25,mls:MC26187679,145 E 20th,Merced,95340,365000,3,2,1387,10500,1937,Single Family Residential,Active,2026-08-26,37.3009629,-120.4714669,https://www.redfin.com/CA/Merced/145-E-20th-St-95340/home/19688370,redfin
2026-09-25,mls:MC26139057,1456 Cameron Unit 1-4,Merced,95340,895500,6,4,2420,60984,1950,Multi-Family (2-4 Unit),Active,2026-06-29,37.3062067,-120.455665,https://www.redfin.com/CA/Merced/1456-Cameron-Ln-95340/unit-1-4/home/195049604,redfin
2026-09-25,mls:PTP2606984,1490 Cameron Ln,Merced,95340,225000,2,1,1008,85813,1920,Single Family Residential,Active,2026-09-15,37.306095,-120.4550565,https://www.redfin.com/CA/Merced/1490-Cameron-Ln-95340/home/19689404,redfin
2026-09-25,mls:MC26182786,1495 Davenport,Merced,95340,565000,5,2.5,2447,10670,2004,Single Family Residential,Active,2026-09-01,37.3391653,-120.4514234,https://www.redfin.com/CA/Merced/1495-Davenport-Dr-95340/home/19662192,redfin
2026-09-25,mls:MC26021538,15 E 22nd,Merced,95340,389999,3,2,1275,7500,1928,Single Family Residential,Active,2026-01-29,37.3036766,-120.4723446,https://www.redfin.com/CA/Merced/15-E-22nd-St-95340/home/19688184,redfin
2026-09-25,mls:MC26020247,1515 E Mission,Merced,95341,25000000,,,,100188,,Vacant Land,Active,2026-01-28,37.2736919,-120.4556914,https://www.redfin.com/CA/Merced/1515-E-Mission-Ave-95341/home/28953789,redfin
2026-09-25,mls:MC26053870,1525 La Sierra St,Merced,95348,380000,3,2,1482,4564,2007,Single Family Residential,Active,2026-03-11,37.3361477,-120.5021372,https://www.redfin.com/CA/Merced/1525-La-Sierra-St-95348/home/19650533,redfin
2026-09-25,mls:226109516,1528 W 9th St,Merced,95341,299999,3,1,1022,7501,1953,Single Family Residential,Active,2026-08-30,37.2987079,-120.5039731,https://www.redfin.com/CA/Merced/1528-W-9th-St-95341/home/19690419,redfin
2026-09-25,mls:MC26179416,1560 W 23rd,Merced,95340,429000,3,2,1184,8643,1953,Single Family Residential,Active,2026-08-17,37.3132768,-120.4966458,https://www.redfin.com/CA/Merced/1560-W-23rd-St-95340/home/19692739,redfin
2026-09-25,mls:MC26093833,1567-- 1573 Ellen Ct,Merced,95341,630000,32,16,3360,8077,1980,Multi-Family (2-4 Unit),Active,2026-05-19,37.2905282,-120.4537923,https://www.redfin.com/CA/Merced/1567-Ellen-Ct-95341/home/19686231,redfin
2026-09-25,mls:5682D2EA5AD7,157 Sugar Creek Ln,Merced,95341,402990,3,2,1230,,2026,Single Family Residential,Active,2026-07-02,37.285605,-120.431451,https://www.redfin.com/CA/Merced/157-Sugar-Creek-Ln-95341/home/196422617,redfin
2026-09-25,mls:MC26147358,157 Sugar Creek Ln Unit 156 S2,Merced,95341,414490,3,2,1230,5000,2026,Single Family Residential,Active,2026-07-07,37.285605,-120.431451,https://www.redfin.com/CA/Merced/157-Sugar-Creek-Ln-95341/unit-156-S2/home/202672141,redfin
2026-09-25,mls:226115574,1645 Rose Ave,Merced,95341,310000,3,1.5,986,5998,1951,Single Family Residential,Active,2026-09-15,37.2926887,-120.4609236,https://www.redfin.com/CA/Merced/1645-Rose-Ave-95341/home/19687580,redfin
2026-09-25,mls:225141468,165 Sullivan Dr,Merced,95348,424900,4,2.5,1919,2448,2021,Single Family Residential,Active,2026-03-27,37.3459156,-120.4705723,https://www.redfin.com/CA/Merced/165-Sullivan-Dr-95348/home/28949073,redfin
2026-09-25,mls:225113378,1650 Bette St,Merced,95341,399000,3,1,1182,6800,1955,Multi-Family (2-4 Unit),Active,2025-09-25,37.2927086,-120.4563639,https://www.redfin.com/CA/Merced/1650-Bette-St-95341/home/19687274,redfin
2026-09-25,mls:653237,1657 Cypress Way,Merced,95341,425000,4,3,2546,2543,,Multi-Family (2-4 Unit),Active,2026-08-05,37.2938798,-120.4643555,https://www.redfin.com/CA/Merced/1657-Cypress-Way-95341/home/19687242,redfin
2026-09-25,mls:MC26098101,1670 W North Bear Crk,Merced,95348,230000,2,1.5,972,508,1984,Condo/Co-op,Active,2026-05-06,37.3095386,-120.5036708,https://www.redfin.com/CA/Merced/1670-W-North-Bear-Creek-Dr-95348/home/19682008,redfin
2026-09-25,mls:B5633E295B15,168 Sugar Creek Ln,Merced,95341,517490,5,3.5,2554,,2026,Single Family Residential,Active,2026-08-14,37.285468,-120.430896,https://www.redfin.com/CA/Merced/168-Sugar-Creek-Ln-95341/home/196422607,redfin
2026-09-25,mls:MC26177022,1720 E 26th,Merced,95340,260000,3,2,1617,8712,1956,Single Family Residential,Active,2026-09-14,37.3014793,-120.4515503,https://www.redfin.com/CA/Merced/1720-E-26th-St-95340/home/19690030,redfin
2026-09-25,mls:466936FB0DD2,173 Sugar Creek Ln,Merced,95341,402990,3,2,1230,,2026,Single Family Residential,Active,2026-08-02,37.28533,-120.431451,https://www.redfin.com/CA/Merced/173-Sugar-Creek-Ln-95341/home/196422615,redfin
2026-09-25,mls:MC26169793,173 Sugar Creek Ln Unit 154 S2,Merced,95341,411490,3,2,1230,5237,2026,Single Family Residential,Active,2026-08-04,37.28533,-120.431451,https://www.redfin.com/CA/Merced/173-Sugar-Creek-Ln-95341/unit-154-S2/home/204345595,redfin
2026-09-25,mls:MC26125253,1744 Wildwood Ct,Merced,95340,479000,4,2,1920,6200,1977,Single Family Residential,Active,2026-06-09,37.31414,-120.4499462,https://www.redfin.com/CA/Merced/1744-Wildwood-Ct-95340/home/19701174,redfin
2026-09-25,mls:MC26026210,1754 Merced,Merced,95341,229900,2,2,1004,1011,1988,Condo/Co-op,Active,2026-02-04,37.2910389,-120.4557599,https://www.redfin.com/CA/Merced/1754-Merced-Ave-95341/home/19686738,redfin
2026-09-25,mls:MC26167368,178 La Purisima Ct,Merced,95341,365000,4,2,1511,5094,2003,Single Family Residential,Active,2026-07-31,37.2780743,-120.4849678,https://www.redfin.com/CA/Merced/178-La-Purisima-Ct-95341/home/19661588,redfin
2026-09-25,mls:MC26179624,1780 W 8th,Merced,95341,415000,4,2,1099,9384,1960,Single Family Residential,Active,2026-08-17,37.2979996,-120.5065563,https://www.redfin.com/CA/Merced/1780-W-8th-St-95341/home/19681858,redfin
2026-09-25,mls:226069650,179 Sullivan Dr,Merced,95348,395000,4,2.5,1737,2452,2021,Single Family Residential,Active,2026-06-02,37.345954,-120.4708116,https://www.redfin.com/CA/Merced/179-Sullivan-Dr-95348/home/28949071,redfin
2026-09-25,mls:MC26085666,1800 E South Bear Creek Dr,Merced,95340,1850000,,,,165528,,Vacant Land,Active,2026-04-20,37.3084271,-120.4505241,https://www.redfin.com/CA/Merced/1800-E-South-Bear-Creek-Dr-95340/home/201469166,redfin
2026-09-25,mls:B34D6784F381,184 Sugar Creek Ln,Merced,95341,411490,3,2,1230,,2026,Single Family Residential,Active,2026-09-17,37.285194,-120.430896,https://www.redfin.com/CA/Merced/184-Sugar-Creek-Ln-95341/home/196422610,redfin
2026-09-25,mls:226095261,1843 Brookside Dr,Merced,95348,439999,3,2,1300,5998,1993,Single Family Residential,Active,2026-07-29,37.3107607,-120.5000968,https://www.redfin.com/CA/Merced/1843-Brookside-Dr-95348/home/19681785,redfin
2026-09-25,mls:226086370,1848 Ashby Rd #46,Merced,95348,35000,1,1,550,,1963,Mobile/Manufactured Home,Active,2026-07-09,37.3160299,-120.5246712,https://www.redfin.com/CA/Merced/1848-Ashby-Rd-95348/unit-46/home/202691800,redfin
2026-09-25,mls:226116786,1903 Belcher Ave,Merced,95348,335000,4,2,1344,10006,1942,Single Family Residential,Active,2026-09-18,37.3388978,-120.5165499,https://www.redfin.com/CA/Merced/1903-Belcher-Ave-95348/home/19684069,redfin
2026-09-25,mls:MC26185027,1921 Fultz Ct,Merced,95341,368000,3,2,1623,6870,1994,Single Family Residential,Active,2026-08-24,37.3036484,-120.5108838,https://www.redfin.com/CA/Merced/1921-Fultz-Ct-95341/home/19680273,redfin
2026-09-25,mls:226108604,1927 I St,Merced,95340,229900,2,1,1067,4251,1920,Single Family Residential,Active,2026-08-28,37.3024475,-120.4775801,https://www.redfin.com/CA/Merced/1927-I-St-95340/home/19691592,redfin
2026-09-25,mls:4B0A11C7BE34,193 Squaw Valley Dr,Merced,95341,440840,4,2,1509,,2026,Single Family Residential,Active,2026-09-17,37.285045,-120.430547,https://www.redfin.com/CA/Merced/193-Squaw-Valley-Dr-95341/home/196422599,redfin
2026-09-25,mls:MC26158152,1949 Sierra Ct,Merced,95340,475000,4,2,1981,6966,1972,Single Family Residential,Active,2026-07-23,37.3152907,-120.4483733,https://www.redfin.com/CA/Merced/1949-Sierra-Ct-95340/home/19701573,redfin
2026-09-25,mls:22A3827BD3CD,196 Sugar Creek Ln,Merced,95341,518490,5,3.5,2554,,2026,Single Family Residential,Active,2026-09-17,37.285044,-120.430892,https://www.redfin.com/CA/Merced/196-Sugar-Creek-Ln-95341/home/196422611,redfin
2026-09-25,mls:MC26201033,1962-1976 Edwards Ave,Merced,95340,1099000,16,8,6800,16203,1979,Multi-Family (5+ Unit),Active,2026-09-14,37.2960443,-120.4497828,https://www.redfin.com/CA/Merced/1976-Edwards-Ave-95340/home/194349022,redfin
2026-09-25,mls:226118761,1975 E Alexander Ave,Merced,95340,460000,4,2,1981,7196,1972,Single Family Residential,Active,2026-09-23,37.3162653,-120.4476882,https://www.redfin.com/CA/Merced/1975-E-Alexander-Ave-95340/home/19647629,redfin
2026-09-25,mls:45DECE2E6E03,198 Squaw Valley Dr,Merced,95341,524390,5,3.5,2554,,2026,Single Family Residential,Active,2026-09-17,37.285044,-120.429985,https://www.redfin.com/CA/Merced/198-Squaw-Valley-Dr-95341/home/196422598,redfin
2026-09-25,mls:MC26104173,2020 Ashby #37,Merced,95348,45000,2,1,784,,1990,Mobile/Manufactured Home,Active,2026-05-26,37.319875,-120.531759,https://www.redfin.com/CA/Merced/2020-Ashby-Rd-95348/unit-37/home/19655033,redfin
2026-09-25,mls:MC26111129,2021 W,Merced,95340,975000,2,2,2609,15762,1952,Single Family Residential,Active,2026-05-21,37.3109651,-120.4982227,https://www.redfin.com/CA/Merced/2021-W-St-95340/home/19691996,redfin
2026-09-25,mls:MC26033812,203 W 20th,Merced,95340,549000,3,3,3551,15000,1950,Single Family Residential,Active,2026-04-23,37.303043,-120.4771877,https://www.redfin.com/CA/Merced/203-W-20th-St-95340/home/21856884,redfin
2026-09-25,mls:226109168,2030 Calimyrna Ave,Merced,95340,299900,3,1,1502,5942,1923,Single Family Residential,Active,2026-09-02,37.2994439,-120.4668591,https://www.redfin.com/CA/Merced/2030-Calimyrna-Ave-95340/home/19688270,redfin
2026-09-25,mls:MC26174063,2033 Highland,Merced,95340,259000,2,1,898,5508,1940,Single Family Residential,Active,2026-08-10,37.2964825,-120.4592823,https://www.redfin.com/CA/Merced/2033-Highland-Dr-95340/home/19687669,redfin
2026-09-25,mls:MC26138430,2035 Highland,Merced,95340,287750,2,1,900,5508,1940,Single Family Residential,Active,2026-06-24,37.2966447,-120.4591808,https://www.redfin.com/CA/Merced/2035-Highland-Dr-95340/home/19687670,redfin
2026-09-25,mls:MC25255358,2051 Wardrobe,Merced,95341,1200000,,,,217800,,Vacant Land,Active,2025-11-06,37.2965338,-120.5135744,https://www.redfin.com/CA/Merced/2051-Wardrobe-Ave-95341/home/198908746,redfin
2026-09-25,mls:MC25183712,2052 W Solis St,Merced,95348,425000,4,2,1757,6096,2006,Single Family Residential,Active,2025-08-14,37.3226855,-120.5238217,https://www.redfin.com/CA/Merced/2052-W-Solis-St-95348/home/19652571,redfin
2026-09-25,mls:226116217,207 Yorktown,Merced,95341,335000,3,2,1086,7566,1996,Single Family Residential,Active,2026-09-16,37.284626,-120.4469835,https://www.redfin.com/CA/Merced/207-Yorktown-Sq-95341/home/19679090,redfin
2026-09-25,mls:MC26187494,2085 Cabot Ave,Merced,95348,400000,4,2,1520,7469,1960,Single Family Residential,Active,2026-08-27,37.3174702,-120.5243999,https://www.redfin.com/CA/Merced/2085-Cabot-Ave-95348/home/19684261,redfin
2026-09-25,mls:MC26192421,209 E 18th,Merced,95340,300000,2,1,950,6000,1940,Single Family Residential,Active,2026-09-02,37.298438,-120.4712615,https://www.redfin.com/CA/Merced/209-E-18th-St-95340/home/19687645,redfin
2026-09-25,mls:MC25022775,2094 W Pincay St,Merced,95348,399000,4,2,1527,5000,2017,Single Family Residential,Active,2025-05-25,37.3219899,-120.5245414,https://www.redfin.com/CA/Merced/2094-W-Pincay-St-95348/home/28948293,redfin
2026-09-25,mls:MC26207782,2121 Almondwood,Merced,95340,380000,3,2.5,2029,10000,1964,Single Family Residential,Active,2026-09-23,37.3104334,-120.4458442,https://www.redfin.com/CA/Merced/2121-Almondwood-Ln-95340/home/19701362,redfin
2026-09-25,mls:MC26205621,2129 Balboa,Merced,95348,365000,3,2,1176,7799,1973,Single Family Residential,Active,2026-09-20,37.3193005,-120.5251999,https://www.redfin.com/CA/Merced/2129-Balboa-Ave-95348/home/19683694,redfin
2026-09-25,mls:MC26191646,2142 Coronado,Merced,95348,349900,3,2,1200,9180,1975,Single Family Residential,Active,2026-09-01,37.3206102,-120.5253783,https://www.redfin.com/CA/Merced/2142-Coronado-Ave-95348/home/19683760,redfin
2026-09-25,mls:MC26009630,2148 Keely,Merced,95340,179900,3,1,1120,9975,1944,Single Family Residential,Active,2026-02-09,37.2959326,-120.4539261,https://www.redfin.com/CA/Merced/2148-Keely-Ave-95340/home/19688454,redfin
2026-09-25,mls:226093612,2151 Martin Luther King Jr Way,Merced,95340,499900,4,3,2004,7501,1968,Multi-Family (2-4 Unit),Active,2026-07-23,37.3051118,-120.4778688,https://www.redfin.com/CA/Merced/2151-Martin-Luther-King-Jr-Way-95340/home/19691728,redfin
2026-09-25,mls:MC26195940,2201 F,Merced,95340,325000,3,1.5,1053,5212,1938,Single Family Residential,Active,2026-09-19,37.3033178,-120.4713791,https://www.redfin.com/CA/Merced/2201-F-St-95340/home/19688666,redfin
2026-09-25,mls:MC26125038,2201 Leeward Ct,Merced,95340,279000,,,,43560,,Vacant Land,Active,2026-06-12,37.3622349,-120.4462804,https://www.redfin.com/CA/Merced/2201-Leeward-Ct-95340/home/168647664,redfin
2026-09-25,mls:MC26196327,2205 O,Merced,95340,475000,4,2,1470,7500,1961,Multi-Family (2-4 Unit),Active,2026-09-16,37.3083803,-120.4851105,https://www.redfin.com/CA/Merced/2205-O-St-95340/home/19691167,redfin
2026-09-25,mls:CC0C964D4B95,222 Nadine St,Merced,95341,458360,3,2.5,1777,,2026,Single Family Residential,Active,2026-09-17,37.291803,-120.426595,https://www.redfin.com/CA/Merced/222-Nadine-St-95341/home/196422449,redfin
2026-09-25,mls:403B01679356,223 Nadine St,Merced,95341,482360,4,2.5,1924,,2026,Single Family Residential,Active,2026-09-17,37.291811,-120.427129,https://www.redfin.com/CA/Merced/223-Nadine-St-95341/home/196422452,redfin
2026-09-25,mls:MC25117734,2230 Vassar Ave,Merced,95341,1484250,,,,862052,,Vacant Land,Active,2025-06-13,37.2658466,-120.4474761,https://www.redfin.com/CA/Merced/2230-Vassar-Ave-95341/home/196078103,redfin
2026-09-25,mls:MC26187159,2235 Dunn,Merced,95340,695000,4,3.5,3140,69696,1977,Single Family Residential,Active,2026-08-31,37.3391724,-120.4435818,https://www.redfin.com/CA/Merced/2235-Dunn-Rd-95340/home/19657222,redfin
2026-09-25,mls:MC26071153,2240 Golden Oak #119,Merced,95341,89500,2,2,1150,,1976,Mobile/Manufactured Home,Active,2026-04-02,37.292158,-120.446125,https://www.redfin.com/CA/Merced/2240-Golden-Oak-Ln-95341/unit-119/home/19655756,redfin
2026-09-25,mls:MC26170275,2240 Golden Oak #3,Merced,95341,99900,2,2,1750,,1976,Mobile/Manufactured Home,Active,2026-08-04,37.29489,-120.446153,https://www.redfin.com/CA/Merced/2240-Golden-Oak-Ln-95341/unit-3/home/19654936,redfin
2026-09-25,mls:MC26173824,2240 Golden Oak #78,Merced,95341,49999,2,2,1040,,1990,Mobile/Manufactured Home,Active,2026-08-11,37.292974,-120.445599,https://www.redfin.com/CA/Merced/2240-Golden-Oak-Ln-95341/unit-78/home/19655047,redfin
2026-09-25,mls:MC26109234,2240 Golden Oak #88,Merced,95341,54900,2,2,1322,,1976,Mobile/Manufactured Home,Active,2026-05-19,37.294494,-120.445842,https://www.redfin.com/CA/Merced/2240-Golden-Oak-Ln-95341/unit-88/home/19654807,redfin
2026-09-25,mls:226086303,2240 Golden Oak Ln #103,Merced,95341,39000,2,2,1200,,1988,Mobile/Manufactured Home,Active,2026-07-08,37.291986,-120.445836,https://www.redfin.com/CA/Merced/2240-Golden-Oak-Ln-95341/unit-103/home/19655095,redfin
2026-09-25,mls:MC25186079,2240 Golden Oak Ln #117,Merced,95341,124900,3,2,,,2023,Mobile/Manufactured Home,Active,2025-08-18,37.2931187,-120.4458279,https://www.redfin.com/CA/Merced/2240-Golden-Oak-Ln-95341/unit-117/home/19654948,redfin
2026-09-25,mls:226111087,2240 Golden Oak Ln #131,Merced,95340,32900,2,2,856,,1977,Mobile/Manufactured Home,Active,2026-09-03,37.292229,-120.44648,https://www.redfin.com/CA/Merced/2240-Golden-Oak-Ln-95341/unit-131/home/19653889,redfin
2026-09-25,mls:226091001,2240 Golden Oak Ln #134,Merced,95341,89900,2,2,1440,,1973,Mobile/Manufactured Home,Active,2026-07-17,37.3015976,-120.4808915,https://www.redfin.com/CA/Merced/2240-Golden-Oak-Ln-95341/unit-134/home/196130863,redfin
2026-09-25,mls:MC26142503,2240 Golden Oak Ln #28,Merced,95341,69000,2,1,,,1976,Mobile/Manufactured Home,Active,2026-06-30,37.292482,-120.444925,https://www.redfin.com/CA/Merced/2240-Golden-Oak-Ln-95341/unit-28/home/19654671,redfin
2026-09-25,mls:MC26050607,2240 Golden Oak Ln #47,Merced,95341,99999,2,2,,,1976,Mobile/Manufactured Home,Active,2026-03-07,37.294003,-120.445243,https://www.redfin.com/CA/Merced/2240-Golden-Oak-Ln-95341/unit-47/home/19655135,redfin
2026-09-25,mls:226056493,2240 Golden Oak Ln #73,Merced,95341,48000,1,1,672,,1969,Mobile/Manufactured Home,Active,2026-05-07,37.293636,-120.44562,https://www.redfin.com/CA/Merced/2240-Golden-Oak-Ln-95341/unit-73/home/19655777,redfin
2026-09-25,mls:226093239,2240 Golden Oak Ln #94,Merced,95341,80000,2,2,1248,1248,1978,Mobile/Manufactured Home,Active,2026-07-27,37.293678,-120.445909,https://www.redfin.com/CA/Merced/2240-Golden-Oak-Ln-95341/unit-94/home/19654824,redfin
2026-09-25,mls:226012270,2240 Golden Oak Ln #98,Merced,95341,75000,2,1.5,720,,1977,Mobile/Manufactured Home,Active,2026-02-03,37.292737,-120.445858,https://www.redfin.com/CA/Merced/2240-Golden-Oak-Ln-95341/unit-98/home/19655775,redfin
2026-09-25,mls:MC25134955,2246 E Mission Ave,Merced,95341,2812500,3,2,,980100,,Vacant Land,Active,2025-06-17,37.2728692,-120.447396,https://www.redfin.com/CA/Merced/2246-E-Mission-Ave-95341/home/148012696,redfin
2026-09-25,mls:MC25117715,2260 Vassar Ave,Merced,95341,1484250,,,,862052,,Vacant Land,Active,2025-06-13,37.2661175,-120.4465739,https://www.redfin.com/CA/Merced/2260-Vassar-Ave-95341/home/196077950,redfin
2026-09-25,mls:226036725,230 W 25th St,Merced,95340,310000,2,1,1151,7501,1940,Single Family Residential,Active,2026-03-26,37.307796,-120.4750627,https://www.redfin.com/CA/Merced/230-W-25th-St-95340/home/19692754,redfin
2026-09-25,mls:FE2960DBDF13,231 Nadine St,Merced,95341,433360,3,2,1567,,2026,Single Family Residential,Active,2026-09-17,37.291933,-120.427126,https://www.redfin.com/CA/Merced/231-Nadine-St-95341/home/196422453,redfin
2026-09-25,mls:MC26201787,2318 Beachwood,Merced,95348,170000,,,,10131,,Vacant Land,Active,2026-09-15,37.3218577,-120.5277841,https://www.redfin.com/CA/Merced/2318-Beachwood-Dr-95348/home/19683786,redfin
2026-09-25,mls:226115232,2324 Q St,Merced,95340,379600,2,2,960,5001,1945,Multi-Family (2-4 Unit),Active,2026-09-14,37.3105252,-120.486923,https://www.redfin.com/CA/Merced/2324-Q-St-95340/home/19692696,redfin
2026-09-25,mls:MC26058771,2330 Meadowbrook,Merced,95348,299900,3,1,796,10131,1955,Single Family Residential,Active,2026-03-18,37.3219624,-120.5265673,https://www.redfin.com/CA/Merced/2330-Meadowbrook-Ave-95348/home/19683370,redfin
2026-09-25,mls:8B5C5ABDB3A3,234 Nadine St,Merced,95341,483360,4,2.5,1924,,2026,Single Family Residential,Active,2026-09-17,37.291933,-120.426587,https://www.redfin.com/CA/Merced/234-Nadine-St-95341/home/196422448,redfin
2026-09-25,mls:MC26198886,2382 Explorador,Merced,95340,449900,4,3,2111,5198,2020,Single Family Residential,Active,2026-09-10,37.3314996,-120.4391447,https://www.redfin.com/CA/Merced/2382-Explorador-Dr-95340/home/28949993,redfin
2026-09-25,mls:MC26136816,2400 K,Merced,95340,1900000,34,14,10800,43560,1950,Multi-Family (5+ Unit),Active,2026-06-23,37.3079833,-120.4774917,https://www.redfin.com/CA/Merced/2400-K-St-95340/home/19692168,redfin
2026-09-25,mls:MC26130264,242 Torino Ct,Merced,95341,379000,4,2,1617,5369,2006,Single Family Residential,Active,2026-06-30,37.2846754,-120.4436122,https://www.redfin.com/CA/Merced/242-Torino-Ct-95341/home/19658046,redfin
2026-09-25,mls:652381,2429 Explorador,Merced,95348,526900,6,3,2621,9082,2022,Single Family Residential,Active,2026-07-21,37.3311588,-120.4362697,https://www.redfin.com/CA/Merced/2429-Explorador-Dr-95340/home/172354337,redfin
2026-09-25,mls:MC26096689,2432 Meadowbrook,Merced,95348,210000,2,1,753,10098,1956,Single Family Residential,Active,2026-06-02,37.323458,-120.5264721,https://www.redfin.com/CA/Merced/2432-Meadowbrook-Ave-95348/home/19683397,redfin
2026-09-25,mls:MC26165208,2446 Valverde,Merced,95340,489000,4,2,2265,7797,2020,Single Family Residential,Active,2026-08-18,37.3275318,-120.4351416,https://www.redfin.com/CA/Merced/2446-Valverde-Dr-95340/home/172354531,redfin
2026-09-25,mls:994DC9242AC9,246 Nadine St,Merced,95341,430360,3,2,1567,,2026,Single Family Residential,Active,2026-08-08,37.292059,-120.426601,https://www.redfin.com/CA/Merced/246-Nadine-St-95341/home/196422447,redfin
2026-09-25,mls:MC26168944,2462 Valverde Dr,Merced,95340,490000,4,2,2265,7797,2021,Single Family Residential,Active,2026-08-04,37.3275309,-120.4341928,https://www.redfin.com/CA/Merced/2462-Valverde-Dr-95340/home/172354535,redfin
2026-09-25,mls:1A7A12C09B01,247 Nadine St,Merced,95341,490360,4,2.5,1924,,2026,Single Family Residential,Active,2026-09-17,37.292055,-120.42714,https://www.redfin.com/CA/Merced/247-Nadine-St-95341/home/196422454,redfin
2026-09-25,mls:41142267,2481 Pineda Dr,Merced,95340,525888,6,3,2621,5255,2021,Single Family Residential,Active,2026-07-21,37.3289769,-120.4337045,https://www.redfin.com/CA/Merced/2481-Pineda-Dr-95340/home/172354416,redfin
2026-09-25,mls:DW26079389,2482 Valdes Dr,Merced,95340,489000,5,2.5,2282,6216,2021,Single Family Residential,Active,2026-04-17,37.3282178,-120.4337124,https://www.redfin.com/CA/Merced/2482-Valdes-Dr-95340/home/172354499,redfin
2026-09-25,mls:MC26150631,2499 E Gerard #153,Merced,95341,109000,4,2,1584,,1974,Mobile/Manufactured Home,Active,2026-07-10,37.283791,-120.44268,https://www.redfin.com/CA/Merced/2499-E-Gerard-Ave-95341/unit-153/home/19653440,redfin
2026-09-25,mls:MC25223780,2500 N Highway 59 #270,Merced,95348,65000,2,2,828,2774,1993,Mobile/Manufactured Home,Active,2025-09-23,37.31288,-120.50228,https://www.redfin.com/CA/Merced/2500-N-State-Highway-59-95348/unit-270/home/19655158,redfin
2026-09-25,mls:MC26177592,2500 N STATE HIGHWAY 59,Merced,95348,23000,2,1,720,1400,1972,Mobile/Manufactured Home,Active,2026-08-13,37.311751,-120.503155,https://www.redfin.com/CA/Merced/2500-N-State-Highway-59-95348/home/19653725,redfin
2026-09-25,mls:226100905,2500 N State Highway 59 #239,Merced,95348,59000,3,2,1440,,1973,Mobile/Manufactured Home,Active,2026-08-10,37.312075,-120.503703,https://www.redfin.com/CA/Merced/2500-N-State-Highway-59-95348/unit-239/home/19655259,redfin
2026-09-25,mls:MC26203025,2501 3rd Ave,Merced,95340,320000,3,2,1759,9000,1949,Single Family Residential,Active,2026-09-22,37.3060473,-120.469433,https://www.redfin.com/CA/Merced/2501-3rd-Ave-95340/home/19690084,redfin
2026-09-25,mls:226084553,2511 Franklin Rd,Merced,95348,2730000,2,1,,1698840,,Vacant Land,Active,2026-07-06,37.3246509,-120.5412329,https://www.redfin.com/CA/Merced/2511-Franklin-Rd-95348/home/196420034,redfin
2026-09-25,mls:MC26198267,252 S Gurr,Merced,95341,848000,,,,1286327,,Vacant Land,Active,2026-09-13,37.283567,-120.5598286,https://www.redfin.com/CA/Merced/252-S-Gurr-Rd-95341/home/168650428,redfin
2026-09-25,mls:MC25009072,2520 Mckee Rd,Merced,95340,410000,2,1,1257,17264,1946,Single Family Residential,Active,2025-01-14,37.3029949,-120.4445901,https://www.redfin.com/CA/Merced/2520-McKee-Rd-95340/home/19679429,redfin
2026-09-25,mls:MC26197299,2521 K,Merced,95340,125000,,,,7500,,Vacant Land,Active,2026-09-15,37.3093214,-120.477197,https://www.redfin.com/CA/Merced/2521-K-St-95340/home/19692139,redfin
2026-09-25,mls:MC26143143,2524 B And B,Merced,95348,649999,3,2.5,2321,39969,1988,Single Family Residential,Active,2026-07-01,37.3247897,-120.5374749,https://www.redfin.com/CA/Merced/2524-B-and-B-Blvd-95348/home/19683310,redfin
2026-09-25,mls:25AF009521C3,253 Nadine St,Merced,95341,459360,3,2.5,1777,,2026,Single Family Residential,Active,2026-09-17,37.292204,-120.427132,https://www.redfin.com/CA/Merced/253-Nadine-St-95341/home/196422455,redfin
2026-09-25,mls:MC26165503,255 Travis Ct,Merced,95341,442990,3,2.5,1777,4736,2026,Single Family Residential,Active,2026-07-29,37.292198,-120.428042,https://www.redfin.com/CA/Merced/255-Travis-Ct-95341/home/192932898,redfin
2026-09-25,mls:MC26202480,2574 Beachwood,Merced,95348,325000,3,1,1036,9690,1961,Single Family Residential,Active,2026-09-16,37.3254655,-120.5278073,https://www.redfin.com/CA/Merced/2574-Beachwood-Dr-95348/home/19683381,redfin
2026-09-25,mls:MC25044845,2577 Lobo Ave,Merced,95348,2400000,,,,1067220,,Vacant Land,Active,2025-03-01,37.3243265,-120.5329261,https://www.redfin.com/CA/Merced/2577-Lobo-Ave-95348/home/21155511,redfin
2026-09-25,mls:09F1B76C48AE,258 Nadine St,Merced,95341,489360,4,2.5,1924,,2026,Single Family Residential,Active,2026-09-17,37.29217,-120.42659,https://www.redfin.com/CA/Merced/258-Nadine-St-95341/home/196422446,redfin
2026-09-25,mls:FR26142565,2581 E Gerard,Merced,95341,359900,3,2,1065,8400,1957,Single Family Residential,Active,2026-08-14,37.280311,-120.441154,https://www.redfin.com/CA/Merced/2581-E-Gerard-Ave-95341/home/19679316,redfin
2026-09-25,mls:C80A812199D4,261 Nadine St,Merced,95341,430360,3,2,1290,,2026,Single Family Residential,Active,2026-09-17,37.292315,-120.427134,https://www.redfin.com/CA/Merced/261-Nadine-St-95341/home/196422456,redfin
2026-09-25,mls:MC26168613,2617 Agnes,Merced,95340,389000,3,2,1561,6124,1962,Single Family Residential,Active,2026-08-03,37.3040711,-120.4605559,https://www.redfin.com/CA/Merced/2617-Agnes-Way-95340/home/19689760,redfin
2026-09-25,mls:MC26206090,2618 Hoover Ct,Merced,95340,374500,3,2,1220,6098,1961,Single Family Residential,Active,2026-09-21,37.3046028,-120.4616319,https://www.redfin.com/CA/Merced/2618-Hoover-Ct-95340/home/19689196,redfin
2026-09-25,mls:562A9715BEFE,262 Nadine St,Merced,95341,521260,4,2.5,1924,,2026,Single Family Residential,Active,2026-06-23,37.292304,-120.426592,https://www.redfin.com/CA/Merced/262-Nadine-St-95341/home/196422445,redfin
2026-09-25,mls:MC26194628,2651 1st,Merced,95340,150000,,,,12104,,Vacant Land,Active,2026-09-09,37.3080934,-120.4698823,https://www.redfin.com/CA/Merced/2651-1st-Ave-95340/home/19689677,redfin
2026-09-25,mls:MC26096382,2653 E North Bear Crk,Merced,95340,925000,5,4,3658,27634,1969,Single Family Residential,Active,2026-05-26,37.309902,-120.4383286,https://www.redfin.com/CA/Merced/2653-E-North-Bear-Creek-Dr-95340/home/19701225,redfin
2026-09-25,mls:225144310,2679 Lobo Ave,Merced,95348,1200000,3,2,2319,779724,1928,Single Family Residential,Active,2025-12-02,37.3236077,-120.5352663,https://www.redfin.com/CA/Merced/2679-Lobo-Ave-95348/home/196422248,redfin
2026-09-25,mls:MC26196564,268 E 10th,Merced,95341,345000,4,3,1636,5012,1989,Single Family Residential,Active,2026-09-08,37.2901023,-120.476157,https://www.redfin.com/CA/Merced/268-E-10th-St-95341/home/19687247,redfin
2026-09-25,mls:MC26126325,2698 E South Bear Crk,Merced,95340,1049000,4,3.5,3340,52272,1985,Single Family Residential,Active,2026-06-10,37.3085571,-120.4379379,https://www.redfin.com/CA/Merced/2698-E-South-Bear-Creek-Dr-95340/home/19679981,redfin
2026-09-25,mls:MC26165744,272 Travis Ct,Merced,95341,400990,3,2,1290,4723,2026,Single Family Residential,Active,2026-07-29,37.292435,-120.427468,https://www.redfin.com/CA/Merced/272-Travis-Ct-95341/home/192932887,redfin
2026-09-25,mls:MC26163311,2729 Pioneer,Merced,95341,725000,3,2,1412,653400,1975,Single Family Residential,Active,2026-08-03,37.24845,-120.398781,https://www.redfin.com/CA/Merced/2729-Pioneer-95340/home/103654057,redfin
2026-09-25,mls:D019C2C7B656,274 Nadine St,Merced,95341,437260,3,2,1290,,2026,Single Family Residential,Active,2026-06-23,37.29243,-120.426576,https://www.redfin.com/CA/Merced/274-Nadine-St-95341/home/196422444,redfin
2026-09-25,mls:226116770,2747 Saratoga Ave,Merced,95340,365000,3,2,1412,7013,1977,Single Family Residential,Active,2026-09-16,37.3049953,-120.44807,https://www.redfin.com/CA/Merced/2747-Saratoga-Ave-95340/home/19689152,redfin
2026-09-25,mls:5CF4E55D687A,277 Nadine St,Merced,95341,524260,4,2.5,1924,,2026,Single Family Residential,Active,2026-06-23,37.292439,-120.427113,https://www.redfin.com/CA/Merced/277-Nadine-St-95341/home/196422457,redfin
2026-09-25,mls:226061481,2779 Story Ave,Merced,95340,449999,4,3,2039,8934,1985,Single Family Residential,Active,2026-05-14,37.3053253,-120.4490194,https://www.redfin.com/CA/Merced/2779-Story-Ave-95340/home/19688945,redfin
2026-09-25,mls:655397,2782 Portola Way,Merced,95348,350000,4,2,1324,4024,1996,Single Family Residential,Active,2026-09-24,37.3145618,-120.5000295,https://www.redfin.com/CA/Merced/2782-Portola-Way-95348/home/19681752,redfin
2026-09-25,mls:MC26190802,2782 STORY Ave,Merced,95340,389000,3,2,1486,7318,1983,Single Family Residential,Active,2026-09-01,37.3053286,-120.4484633,https://www.redfin.com/CA/Merced/2782-Story-Ave-95340/home/19688940,redfin
2026-09-25,mls:596EB08EDC46,283 Nadine St,Merced,95341,440360,3,2,1290,,2026,Single Family Residential,Active,2026-06-23,37.29255,-120.427132,https://www.redfin.com/CA/Merced/283-Nadine-St-95341/home/196422459,redfin
2026-09-25,mls:MC26156305,2830 Dunn Rd,Merced,95340,895000,4,2,2031,43560,1973,Single Family Residential,Active,2026-08-05,37.3398907,-120.4355855,https://www.redfin.com/CA/Merced/2830-Dunn-Rd-95340/home/19680822,redfin
2026-09-25,mls:41144069,284 Zion Canyon Ct,Merced,95341,410000,4,2,1515,5000,2022,Single Family Residential,Active,2026-08-14,37.2757847,-120.4783038,https://www.redfin.com/CA/Merced/284-Zion-Canyon-Ct-95341/home/176248635,redfin
2026-09-25,mls:839C3B3E99AE,286 Nadine St,Merced,95341,488360,4,2.5,1924,,2026,Single Family Residential,Active,2026-09-17,37.292548,-120.426598,https://www.redfin.com/CA/Merced/286-Nadine-St-95341/home/196422443,redfin
2026-09-25,mls:MC26154089,2868 Beachwood,Merced,95348,317500,3,1,970,9683,1953,Single Family Residential,Active,2026-07-16,37.3297323,-120.5277546,https://www.redfin.com/CA/Merced/2868-Beachwood-Dr-95348/home/19683986,redfin
2026-09-25,mls:ML82059998,2874 El Camino Real,Merced,95340,599998,4,2,1803,10458,1972,Single Family Residential,Active,2026-09-22,37.3110099,-120.4538109,https://www.redfin.com/CA/Merced/2874-El-Camino-Real-95340/home/19702377,redfin
2026-09-25,mls:MC26168066,288 Travis Ct,Merced,95341,465990,4,2.5,1924,4723,2026,Single Family Residential,Active,2026-08-01,37.292559,-120.427487,https://www.redfin.com/CA/Merced/288-Travis-Ct-95341/home/192932886,redfin
2026-09-25,mls:B55EDD923106,289 Travis Ct,Merced,95341,399990,3,2,1290,,2026,Single Family Residential,Active,2026-04-05,37.292563,-120.428037,https://www.redfin.com/CA/Merced/289-Travis-Ct-95341/home/192932901,redfin
2026-09-25,mls:MC26148713,2894 Elm,Merced,95348,320000,3,1,1328,9524,1960,Single Family Residential,Active,2026-07-16,37.3299751,-120.5307807,https://www.redfin.com/CA/Merced/2894-Elm-Ave-95348/home/19684020,redfin
2026-09-25,mls:MC26143205,2924 E South Bear Crk,Merced,95348,415000,4,2,1560,26947,2003,Mobile/Manufactured Home,Active,2026-08-12,37.3082062,-120.4343361,https://www.redfin.com/CA/Merced/2924-E-South-Bear-Creek-Dr-95340/home/19679214,redfin
2026-09-25,mls:MC26172497,2943 Capella Dr,Merced,95341,559999,4,3,2420,7000,2026,Single Family Residential,Active,2026-08-06,37.282142,-120.434315,https://www.redfin.com/CA/Merced/2943-Capella-Dr-95341/home/196422467,redfin
2026-09-25,mls:MC26208719,2950 Village,Merced,95348,385000,3,2,1850,9880,1965,Single Family Residential,Active,2026-09-24,37.3310365,-120.5388071,https://www.redfin.com/CA/Merced/2950-Village-Dr-95348/home/19683340,redfin
2026-09-25,mls:ML82045002,2972 Tuxford Ct,Merced,95340,365000,3,2,1365,10173,1961,Single Family Residential,Active,2026-07-03,37.3147871,-120.451915,https://www.redfin.com/CA/Merced/2972-Tuxford-Ct-95340/home/19703141,redfin
2026-09-25,mls:MC26178287,2985 Redwood Dr,Merced,95340,494900,4,3,2388,8306,1972,Single Family Residential,Active,2026-08-18,37.315166,-120.4465798,https://www.redfin.com/CA/Merced/2985-Redwood-Dr-95340/home/19701434,redfin
2026-09-25,mls:SR26189124,2993 N Parsons,Merced,95340,253500,3,2,1008,7694,1961,Single Family Residential,Active,2026-08-28,37.3155234,-120.451559,https://www.redfin.com/CA/Merced/2993-N-Parsons-Ave-95340/home/19702218,redfin
2026-09-25,mls:MC26026481,3 W Belcher Ave,Merced,95348,275000,,,,44431,,Vacant Land,Active,2026-02-04,37.338447,-120.543574,https://www.redfin.com/CA/Merced/3-W-Belcher-Ave-95348/home/200354004,redfin
2026-09-25,mls:MC26138437,3054 Silver Elm Ct,Merced,95340,425000,4,2.5,1938,4178,1988,Single Family Residential,Active,2026-07-03,37.3171564,-120.4584988,https://www.redfin.com/CA/Merced/3054-Silver-Elm-Ct-95340/home/19703672,redfin
2026-09-25,mls:MC25270306,3056 Bedford,Merced,95340,385000,3,2,1358,6296,1974,Single Family Residential,Active,2026-01-26,37.3173625,-120.447616,https://www.redfin.com/CA/Merced/3056-Bedford-Dr-95340/home/19701345,redfin
2026-09-25,mls:MC26174015,3063 Bodie,Merced,95341,495000,4,3.5,3545,5000,2006,Single Family Residential,Active,2026-08-14,37.2931004,-120.4325597,https://www.redfin.com/CA/Merced/3063-Bodie-St-95341/home/19652898,redfin
2026-09-25,mls:226111094,3119 Dinkey Creek Ave,Merced,95341,140000,,,,6970,,Vacant Land,Active,2026-09-03,37.2843783,-120.4324245,https://www.redfin.com/CA/Merced/3119-Dinkey-Creek-Ave-95341/home/28560868,redfin
2026-09-25,mls:MC26189491,3125 N Parsons,Merced,95340,385000,4,2,1569,6699,1968,Single Family Residential,Active,2026-08-28,37.3191569,-120.4515217,https://www.redfin.com/CA/Merced/3125-N-Parsons-Ave-95340/home/19704375,redfin
2026-09-25,mls:226076083,313 Sullivan Dr,Merced,95348,419999,5,2.5,2378,2378,2022,Single Family Residential,Active,2026-07-04,37.3455019,-120.4725467,https://www.redfin.com/CA/Merced/313-Sullivan-Dr-95348/home/28949241,redfin
2026-09-25,mls:MC26031224,3216 El Capitan,Merced,95340,345000,3,2,1446,7440,1960,Single Family Residential,Active,2026-03-30,37.3211364,-120.4649618,https://www.redfin.com/CA/Merced/3216-El-Capitan-Ave-95340/home/19704773,redfin
2026-09-25,mls:MC26159955,3224 Nashville Ct,Merced,95348,485000,5,4,2287,6898,1980,Multi-Family (2-4 Unit),Active,2026-07-23,37.3220853,-120.493789,https://www.redfin.com/CA/Merced/3224-Nashville-Ct-95348/home/19682183,redfin
2026-09-25,mls:MC26168916,324 W 22nd,Merced,95340,475000,4,4,1850,7500,1935,Multi-Family (2-4 Unit),Active,2026-08-03,37.3050876,-120.4782527,https://www.redfin.com/CA/Merced/324-W-22nd-St-95340/home/200649590,redfin
2026-09-25,mls:MC26154809,3257 Juneau Ct,Merced,95348,389000,3,1,1123,6626,1972,Single Family Residential,Active,2026-07-15,37.3215246,-120.4974698,https://www.redfin.com/CA/Merced/3257-Juneau-Ct-95348/home/19682962,redfin
2026-09-25,mls:226063276,328 E 20th St,Merced,95340,285000,2,1,800,8002,1940,Single Family Residential,Active,2026-07-05,37.2993004,-120.4683459,https://www.redfin.com/CA/Merced/328-E-20th-St-95340/home/19688111,redfin
2026-09-25,mls:MC26194620,3311 Shamrock,Merced,95340,465000,4,2,1923,6683,1985,Single Family Residential,Active,2026-09-04,37.3236358,-120.4547312,https://www.redfin.com/CA/Merced/3311-Shamrock-Ave-95340/home/19704697,redfin
2026-09-25,mls:41145302,3362 San Jacinto Ct,Merced,95348,350000,3,2,1635,6356,1980,Single Family Residential,Active,2026-08-17,37.3255898,-120.4830739,https://www.redfin.com/CA/Merced/3362-San-Jacinto-Ct-95348/home/19667903,redfin
2026-09-25,mls:MC26174310,3372 Wawona Ct,Merced,95340,405000,3,2,1766,6824,1974,Single Family Residential,Active,2026-08-18,37.3256468,-120.4641113,https://www.redfin.com/CA/Merced/3372-Wawona-Ct-95340/home/19703460,redfin
2026-09-25,mls:MC26165548,3394 Banbury,Merced,95340,829000,4,3.5,2470,8741,2023,Single Family Residential,Active,2026-07-30,37.3262185,-120.4490424,https://www.redfin.com/CA/Merced/3394-Banbury-Ln-95340/home/28949845,redfin
2026-09-25,mls:226114912,34 Skylark Ct,Merced,95341,325000,3,2,1095,4256,1989,Single Family Residential,Active,2026-09-11,37.2855327,-120.4827358,https://www.redfin.com/CA/Merced/34-Skylark-Ct-95341/home/19647366,redfin
2026-09-25,mls:MC26099037,3411 Baker,Merced,95341,890000,12,6,5000,100188,1942,Multi-Family (5+ Unit),Active,2026-05-07,37.294377,-120.4260501,https://www.redfin.com/CA/Merced/3411-Baker-Dr-95341/home/19679932,redfin
2026-09-25,mls:MC26111721,3442 Joerg Ave,Merced,95340,550000,4,2.5,2187,7754,1988,Single Family Residential,Active,2026-05-22,37.3267638,-120.4556038,https://www.redfin.com/CA/Merced/3442-Joerg-Ave-95340/home/19704871,redfin
2026-09-25,mls:MC26187696,3452 Paseo Verde,Merced,95348,575000,5,3,2243,8173,2002,Single Family Residential,Active,2026-08-28,37.3280963,-120.4873391,https://www.redfin.com/CA/Merced/3452-Paseo-Verde-Ave-95348/home/19681930,redfin
2026-09-25,mls:MC26113319,3454 G St,Merced,95340,425000,,,,28038,,Vacant Land,Active,2026-05-25,37.3294978,-120.4687811,https://www.redfin.com/CA/Merced/3454-G-St-95340/home/19704553,redfin
2026-09-25,mls:MC26019215,350 S Bermuda,Merced,95341,320000,,,,7575,,Vacant Land,Active,2026-02-13,37.283142,-120.4738245,https://www.redfin.com/CA/Merced/350-Bermuda-St-95341/home/28953795,redfin
2026-09-25,mls:MC26194375,3507 Sunstone Ct,Merced,95340,535000,3,2,2062,9307,2021,Single Family Residential,Active,2026-09-09,37.3254376,-120.4354688,https://www.redfin.com/CA/Merced/3507-Sunstone-Ct-95340/home/28949730,redfin
2026-09-25,mls:226001268,3515 E Yosemite Ave,Merced,95340,6000000,,,,2178000,,Vacant Land,Active,2026-01-06,37.331258,-120.421489,https://www.redfin.com/CA/Merced/3515-E-Yosemite-Ave-95340/home/40050563,redfin
2026-09-25,mls:MC26026650,355 E Main,Merced,95340,390000,3,2,1136,9758,1947,Single Family Residential,Active,2026-02-05,37.2967409,-120.4698506,https://www.redfin.com/CA/Merced/355-E-Main-St-95340/home/19687493,redfin
2026-09-25,mls:MC26051040,3552 Wathen Ct,Merced,95348,390000,3,2,1589,6180,1977,Single Family Residential,Active,2026-03-09,37.3315474,-120.4755399,https://www.redfin.com/CA/Merced/3552-Wathen-Ct-95348/home/19668079,redfin
2026-09-25,mls:MC26136486,3553 Beals,Merced,95348,399950,3,2,1589,6180,1977,Single Family Residential,Active,2026-06-22,37.3315473,-120.4751694,https://www.redfin.com/CA/Merced/3553-Beals-Ave-95348/home/19668503,redfin
2026-09-25,mls:FR26143684,3583 Sarasota,Merced,95348,399950,3,2,1705,5500,2006,Single Family Residential,Active,2026-07-01,37.3306482,-120.5033077,https://www.redfin.com/CA/Merced/3583-Sarasota-Ave-95348/home/19652932,redfin
2026-09-25,mls:MC26201253,360 E 19th St,Merced,95340,290000,2,1,1084,8975,1946,Single Family Residential,Active,2026-09-14,37.2983569,-120.4691015,https://www.redfin.com/CA/Merced/360-E-19th-St-95340/home/19688124,redfin
2026-09-25,mls:MC26179423,362 Rhianon,Merced,95341,395000,3,2,1475,5973,2019,Single Family Residential,Active,2026-08-18,37.2794023,-120.4771709,https://www.redfin.com/CA/Merced/362-Rhianon-Dr-95341/home/28951403,redfin
2026-09-25,mls:226000354,3622 N State Highway 59,Merced,95348,3490000,,,,467399,,Vacant Land,Active,2026-01-02,37.335149,-120.501768,https://www.redfin.com/CA/Merced/3622-N-State-Highway-59-95348/home/28947260,redfin
2026-09-25,mls:MC26123261,3629 N Lake,Merced,95340,1100000,4,2,2680,204732,1977,Single Family Residential,Active,2026-06-05,37.3359882,-120.433376,https://www.redfin.com/CA/Merced/3629-N-Lake-Rd-95340/home/19680577,redfin
2026-09-25,mls:226097306,365 E Main St,Merced,95340,359998,3,1.5,1256,9008,1947,Single Family Residential,Active,2026-08-01,37.2966338,-120.4696126,https://www.redfin.com/CA/Merced/365-E-Main-St-95340/home/19687494,redfin
2026-09-25,mls:MC26189146,3675 Quail Ave,Merced,95340,430000,3,2,1772,6501,1990,Single Family Residential,Active,2026-09-01,37.3332024,-120.4578991,https://www.redfin.com/CA/Merced/3675-Quail-Ave-95340/home/19679473,redfin
2026-09-25,mls:MC26141078,3726 Crane,Merced,95348,434900,4,2,1789,6600,2006,Single Family Residential,Active,2026-06-29,37.3345017,-120.4956177,https://www.redfin.com/CA/Merced/3726-Crane-Ave-95348/home/19656269,redfin
2026-09-25,mls:MC26141821,3774 Magellan,Merced,95340,474900,4,2.5,2282,6215,2020,Single Family Residential,Active,2026-07-01,37.3290761,-120.4408036,https://www.redfin.com/CA/Merced/3774-Magellan-95340/home/28949670,redfin
2026-09-25,mls:226105884,379 Edan Ct,Merced,95341,435000,3,2,1511,7588,2002,Single Family Residential,Active,2026-08-21,37.2831608,-120.4817525,https://www.redfin.com/CA/Merced/379-Edan-Ct-95341/home/19663940,redfin
2026-09-25,mls:MC26184740,3851 Twilight Ave,Merced,95348,459900,4,2.5,3286,6906,2005,Single Family Residential,Active,2026-08-24,37.3372152,-120.4898191,https://www.redfin.com/CA/Merced/3851-Twilight-Ave-95348/home/19645819,redfin
2026-09-25,mls:DW26039485,3880 Early Lgt,Merced,95348,400000,5,2.5,2023,4275,2005,Single Family Residential,Active,2026-03-01,37.3369528,-120.4904075,https://www.redfin.com/CA/Merced/3880-Early-Light-Ave-95348/home/19658704,redfin
2026-09-25,mls:MC26105349,3888 Solstice,Merced,95348,515000,8,4,3286,9833,2005,Single Family Residential,Active,2026-05-14,37.3390975,-120.4872439,https://www.redfin.com/CA/Merced/3888-Solstice-Ave-95348/home/19657581,redfin
2026-09-25,mls:226105372,3910 Twilight Ave,Merced,95348,449999,4,4,2352,5728,2006,Single Family Residential,Active,2026-08-20,37.3383451,-120.4900763,https://www.redfin.com/CA/Merced/3910-Twilight-Ave-95348/home/19658692,redfin
2026-09-25,mls:MC26178671,394 St. Bermuda,Merced,95341,95000,2,1,,5752,,Vacant Land,Active,2026-08-14,37.2826567,-120.4738723,https://www.redfin.com/CA/Merced/394-Bermuda-St-95341/home/19666930,redfin
2026-09-25,mls:MC26201117,3947 Finch Ct,Merced,95340,585000,4,3,1904,7497,1997,Single Family Residential,Active,2026-09-16,37.3375469,-120.4608631,https://www.redfin.com/CA/Merced/3947-Finch-Ct-95340/home/19679529,redfin
2026-09-25,mls:MC26167281,4025 St Remy Ct,Merced,95348,589000,5,3.5,3291,6710,2007,Single Family Residential,Active,2026-07-31,37.3418674,-120.4915622,https://www.redfin.com/CA/Merced/4025-St-Remy-Ct-95348/home/19651325,redfin
2026-09-25,mls:MC26208060,4026 Casual Ct,Merced,95340,429900,3,2,1611,6045,2004,Single Family Residential,Active,2026-09-23,37.3399273,-120.4536351,https://www.redfin.com/CA/Merced/4026-Casual-Ct-95340/home/19661399,redfin
2026-09-25,mls:226118637,4039 Cinnabar Ave,Merced,95348,349999,3,2,1106,5275,2018,Single Family Residential,Active,2026-09-21,37.3413075,-120.4988863,https://www.redfin.com/CA/Merced/4039-Cinnabar-Ave-95348/home/28951939,redfin
2026-09-25,mls:MC26082691,4089 Bayonet,Merced,95348,469000,4,3,1842,5125,2023,Single Family Residential,Active,2026-04-16,37.3425668,-120.4963347,https://www.redfin.com/CA/Merced/4089-Bayonet-Dr-95348/home/180787106,redfin
2026-09-25,mls:MC26181953,409 W 25th St,Merced,95340,225000,2,1,982,3750,1932,Single Family Residential,Active,2026-08-23,37.3091936,-120.4774598,https://www.redfin.com/CA/Merced/409-W-25th-St-95340/home/19692138,redfin
2026-09-25,mls:226089687,4100 Scarlet Ct,Merced,95348,482880,4,2.5,1924,5083,2026,Single Family Residential,Active,2026-07-15,37.343721,-120.491211,https://www.redfin.com/CA/Merced/4100-Scarlet-Ct-95348/home/186321264,redfin
2026-09-25,mls:0751E62A3111,4101 Adobe Ct,Merced,95348,490800,3,2.5,1777,,2026,Single Family Residential,Active,2026-06-28,37.343725,-120.49441,https://www.redfin.com/CA/Merced/4101-Adobe-Ct-95348/home/186321150,redfin
2026-09-25,mls:226094076,4108 Adobe Ct,Merced,95348,449880,3,2.5,1777,4658,2026,Single Family Residential,Active,2026-07-24,37.343855,-120.493857,https://www.redfin.com/CA/Merced/4108-Adobe-Ct-95348/home/186321177,redfin
2026-09-25,mls:MC26163326,4115 Scarlet Ct,Merced,95348,459880,4,2.5,1924,4656,2026,Single Family Residential,Active,2026-07-27,37.3429784,-120.4934196,https://www.redfin.com/CA/Merced/4115-Scarlet-Ct-95348/home/186321239,redfin
2026-09-25,mls:9146B3B1C39A,4116 Scarlet Ct,Merced,95348,483250,4,2.5,1924,,2026,Single Family Residential,Active,2026-05-31,37.3429784,-120.4934196,https://www.redfin.com/CA/Merced/4116-Scarlet-Ct-95348/home/186321261,redfin
2026-09-25,mls:62D769E83AAC,4125 Adobe Ct,Merced,95348,552330,4,2.5,1924,,2026,Single Family Residential,Active,2026-08-05,37.344102,-120.494398,https://www.redfin.com/CA/Merced/4125-Adobe-Ct-95348/home/186321153,redfin
2026-09-25,mls:MC26139899,413 El Portal Ct,Merced,95348,405000,4,2,1440,6000,1993,Single Family Residential,Active,2026-06-26,37.327138,-120.4735865,https://www.redfin.com/CA/Merced/413-El-Portal-Ct-95348/home/19667718,redfin
2026-09-25,mls:ML82035268,413 Hydrangea Ct,Merced,95341,440000,4,2.5,1864,5471,2005,Single Family Residential,Active,2026-02-17,37.2819906,-120.4260934,https://www.redfin.com/CA/Merced/413-Hydrangea-Ct-95341/home/19648529,redfin
2026-09-25,mls:MC26198130,4180 Adobe Ct,Merced,95348,515000,4,2.5,1941,4527,2024,Single Family Residential,Active,2026-09-09,37.3449473,-120.4937563,https://www.redfin.com/CA/Merced/4180-Adobe-Ct-95348/home/186321168,redfin
2026-09-25,mls:41144861,4195 North Highway 59,Merced,95348,285000,,,,39340,,Vacant Land,Active,2026-08-13,37.3492155,-120.5042264,https://www.redfin.com/CA/Merced/4195-N-State-Highway-59-95348/home/19684726,redfin
2026-09-25,mls:MC26123889,42 Squaw Valley Ct,Merced,95341,463709,4,2,1969,5805,2026,Single Family Residential,Active,2026-06-07,37.2849016,-120.4302551,https://www.redfin.com/CA/Merced/42-Squaw-Valley-Dr-95341/home/202168801,redfin
2026-09-25,mls:MC26201983,420 W 19th St,Merced,95340,315000,2,1.5,1489,7500,1938,Single Family Residential,Active,2026-09-15,37.3028374,-120.4813392,https://www.redfin.com/CA/Merced/420-W-19th-St-95340/home/19690991,redfin
2026-09-25,mls:MC26140315,4208 Berryesa,Merced,95348,399000,3,2.5,1555,3837,2008,Single Family Residential,Active,2026-06-27,37.3452052,-120.4693254,https://www.redfin.com/CA/Merced/4208-Berryesa-Ave-95348/home/19651904,redfin
2026-09-25,mls:MC26158999,424 Barclay Way,Merced,95348,450000,4,2,1700,4925,2007,Single Family Residential,Active,2026-07-24,37.3553556,-120.4744038,https://www.redfin.com/CA/Merced/424-Barclay-Way-95348/home/19651643,redfin
2026-09-25,mls:MC26182055,4240 Los Olivos Rd,Merced,95340,1600000,4,2,2561,361548,1970,Single Family Residential,Active,2026-08-24,37.3500726,-120.4354813,https://www.redfin.com/CA/Merced/4240-Los-Olivos-Rd-95340/home/19679651,redfin
2026-09-25,mls:MC26178473,4265 Freemark Ave,Merced,95348,559900,5,3.5,2478,5240,2021,Single Family Residential,Active,2026-08-20,37.3448479,-120.482299,https://www.redfin.com/CA/Merced/4265-Freemark-Ave-95348/home/28949033,redfin
2026-09-25,mls:MC26168529,4395 Strathmore,Merced,95348,419000,4,2,1617,4725,2018,Single Family Residential,Active,2026-08-09,37.3494562,-120.4698107,https://www.redfin.com/CA/Merced/4395-Strathmore-Pl-95348/home/28951214,redfin
2026-09-25,mls:MC26195175,4431 Andrea,Merced,95348,450000,4,3,1745,5092,2022,Single Family Residential,Active,2026-09-05,37.3507554,-120.4829035,https://www.redfin.com/CA/Merced/4431-Andrea-Dr-95348/home/172360241,redfin
2026-09-25,mls:ML82053546,4449 Lacy Ln,Merced,95348,449000,3,2,1616,5125,2022,Single Family Residential,Active,2026-07-08,37.3508779,-120.482032,https://www.redfin.com/CA/Merced/4449-Lacy-Ln-95348/home/172360257,redfin
2026-09-25,mls:225139639,446 Tyler #148 Rd,Merced,95341,299000,3,1,,57543,,Vacant Land,Active,2025-10-31,37.2816477,-120.4693583,https://www.redfin.com/CA/Merced/446-Tyler-Rd-95341/home/28953786,redfin
2026-09-25,mls:MC26094946,4465 Andrea Dr,Merced,95348,451179,3,2,1620,4583,2026,Single Family Residential,Active,2026-06-06,37.3517279,-120.4830309,https://www.redfin.com/CA/Merced/4465-Andrea-Dr-95348/home/172360248,redfin
2026-09-25,mls:226106360,454 Jacobs Dr,Merced,95348,456644,4,3,1832,4800,2007,Single Family Residential,Active,2026-08-22,37.353343,-120.4733961,https://www.redfin.com/CA/Merced/454-Jacobs-Dr-95348/home/19651725,redfin
2026-09-25,mls:MC26182077,455 Columbia,Merced,95340,364900,3,2,1175,6000,1972,Single Family Residential,Active,2026-08-19,37.32404,-120.4645496,https://www.redfin.com/CA/Merced/455-Columbia-Ave-95340/home/19703734,redfin
2026-09-25,mls:226096553,457 Buena Vista Dr,Merced,95348,399999,3,2,1440,6569,1993,Single Family Residential,Active,2026-08-15,37.3278627,-120.4742567,https://www.redfin.com/CA/Merced/457-Buena-Vista-Dr-95348/home/19668122,redfin
2026-09-25,mls:226018792,4672 Beckman Way,Merced,95348,385000,4,2.5,2116,5357,2007,Single Family Residential,Active,2026-02-18,37.3559542,-120.4725258,https://www.redfin.com/CA/Merced/4672-Beckman-Way-95348/home/19651672,redfin
2026-09-25,mls:MC26193060,475 Tulane,Merced,95348,410000,3,2,1360,6366,1999,Single Family Residential,Active,2026-09-02,37.3257095,-120.4745678,https://www.redfin.com/CA/Merced/475-Tulane-Dr-95348/home/19667400,redfin
2026-09-25,mls:MC26087411,4822 Durant,Merced,95348,599900,5,4,3265,7784,2007,Single Family Residential,Active,2026-05-05,37.3585415,-120.4691243,https://www.redfin.com/CA/Merced/4822-Durant-Way-95348/home/19650686,redfin
2026-09-25,mls:MC26177612,4836 Mari Cruz Ln,Merced,95348,453212,3,2,1620,5923,2026,Single Family Residential,Active,2026-08-13,37.358853,-120.478632,https://www.redfin.com/CA/Merced/4836-Mari-Cruz-Ln-95348/home/196426148,redfin
2026-09-25,mls:MC26094924,4842 Mari Cruz,Merced,95348,481417,3,2,1854,5923,2026,Single Family Residential,Active,2026-05-01,37.358982,-120.478524,https://www.redfin.com/CA/Merced/4842-Mari-Cruz-Ln-95348/home/196426147,redfin
2026-09-25,mls:MC26159854,4861 Langley,Merced,95348,450000,3,2,1928,8708,2015,Single Family Residential,Active,2026-07-28,37.3586468,-120.4716258,https://www.redfin.com/CA/Merced/4861-Langley-Way-95348/home/28950816,redfin
2026-09-25,mls:MC26177603,4866 Mari Cruz Ln,Merced,95348,516548,4,3,2203,5839,2026,Single Family Residential,Active,2026-08-13,37.359204,-120.478255,https://www.redfin.com/CA/Merced/4866-Mari-Cruz-Ln-95348/home/204576604,redfin
2026-09-25,mls:MC26182718,4869 Langley Way,Merced,95348,535000,5,2.5,2288,6903,2015,Single Family Residential,Active,2026-08-20,37.3590131,-120.4716565,https://www.redfin.com/CA/Merced/4869-Langley-Way-95348/home/28950822,redfin
2026-09-25,mls:ML82054233,488 East Childs Ave,Merced,95341,478000,2,1,894,40792,1930,Single Family Residential,Active,2026-07-14,37.2876438,-120.4727241,https://www.redfin.com/CA/Merced/488-E-Childs-Ave-95341/home/19667352,redfin
2026-09-25,mls:MC26177584,4882 Mari Cruz Ln,Merced,95348,485789,4,3,1750,8042,2026,Single Family Residential,Active,2026-08-13,37.359382,-120.477905,https://www.redfin.com/CA/Merced/4882-Mari-Cruz-Ln-95348/home/204576504,redfin
2026-09-25,mls:MC26169759,5082 Palisade,Merced,95348,419999,4,2.5,1687,2116,2023,Single Family Residential,Active,2026-08-25,37.3625801,-120.46905,https://www.redfin.com/CA/Merced/5082-Palisade-Ave-95348/home/28952312,redfin
2026-09-25,mls:MC26150874,515 Cadiz Ct,Merced,95341,429000,4,2.5,1921,5055,2019,Single Family Residential,Active,2026-08-06,37.2770927,-120.4848762,https://www.redfin.com/CA/Merced/515-Cadiz-Ct-95341/home/28951744,redfin
2026-09-25,mls:MC26172479,52 Sedona Dr,Merced,95341,440000,4,3,1836,3200,2026,Single Family Residential,Active,2026-08-06,37.274382,-120.484204,https://www.redfin.com/CA/Merced/52-Sedona-Dr-95341/home/180787881,redfin
2026-09-25,mls:MC26190483,52 W 25th,Merced,95340,239000,2,1,830,7500,1939,Single Family Residential,Active,2026-08-31,37.3068829,-120.4725298,https://www.redfin.com/CA/Merced/52-W-25th-St-95340/home/19691446,redfin
2026-09-25,mls:MC26119524,523 Barcelona Ct,Merced,95341,379000,4,2.5,1999,3485,2023,Single Family Residential,Active,2026-06-02,37.276891,-120.4841532,https://www.redfin.com/CA/Merced/523-Barcelona-Ct-95341/home/28951740,redfin
2026-09-25,mls:MC26183832,537 Alfarata Blvd,Merced,95341,399900,4,2,1732,5970,2006,Single Family Residential,Active,2026-08-21,37.2799467,-120.4378632,https://www.redfin.com/CA/Merced/537-Alfarata-Blvd-95341/home/19652525,redfin
2026-09-25,mls:MC26202684,565 Tolman Way,Merced,95348,395000,3,2,1455,4938,2007,Single Family Residential,Active,2026-09-17,37.3537061,-120.4762962,https://www.redfin.com/CA/Merced/565-Tolman-Way-95348/home/19651075,redfin
2026-09-25,mls:MC22138199,5771 N Siena Ave,Merced,95340,265000,,,,43560,,Vacant Land,Active,2022-06-24,37.372404,-120.467821,https://www.redfin.com/CA/Merced/5771-N-Siena-Ave-95340/home/28949515,redfin
2026-09-25,mls:MC26162775,5820 N Siena Ave,Merced,95340,699000,,,,87120,,Vacant Land,Active,2026-07-25,37.372923,-120.466926,https://www.redfin.com/CA/Merced/5820-N-Siena-Ave-95340/home/28949517,redfin
2026-09-25,mls:226046872,5825 N Casa Sonada Ct,Merced,95340,285000,,,,43560,,Vacant Land,Active,2026-04-15,37.3732349,-120.4647476,https://www.redfin.com/CA/Merced/5825-N-Casa-Sonada-Ct-95340/home/168647420,redfin
2026-09-25,mls:MC26084705,5829 N Casa Sonada Ct,Merced,95340,300000,,,,43560,,Vacant Land,Active,2026-04-20,37.3737132,-120.464331,https://www.redfin.com/CA/Merced/5829-N-Casa-Sonada-Ct-95340/home/168647421,redfin
2026-09-25,mls:MC26084709,5830 N Rio Bonito Ct,Merced,95340,300000,,,,44431,,Vacant Land,Active,2026-04-20,37.373254,-120.462652,https://www.redfin.com/CA/Merced/5830-N-Rio-Bonito-Ct-95340/home/168647425,redfin
2026-09-25,mls:MC26138029,59 W 27th,Merced,95340,375000,3,2,1896,7500,1981,Single Family Residential,Active,2026-08-05,37.3093528,-120.4711085,https://www.redfin.com/CA/Merced/59-W-27th-St-95340/home/19693053,redfin
2026-09-25,mls:V1-38507,594 Granada Ct,Merced,95341,429900,4,3,1999,3671,2018,Single Family Residential,Active,2026-09-02,37.2760295,-120.4850942,https://www.redfin.com/CA/Merced/594-Granada-Ct-95341/home/28951771,redfin
2026-09-25,mls:MC26182432,60 E 12th,Merced,95341,599900,8,4,3000,7504,1977,Multi-Family (2-4 Unit),Active,2026-08-19,37.2927163,-120.4780047,https://www.redfin.com/CA/Merced/60-E-12th-St-95341/home/19687380,redfin
2026-09-25,mls:MC26167550,603 Weslie Way,Merced,95348,359037,3,2.5,1358,2200,2026,Single Family Residential,Active,2026-07-31,37.360665,-120.478211,https://www.redfin.com/CA/Merced/603-Weslie-Way-Unknown/home/203570268,redfin
2026-09-25,mls:MC26207088,611 E 20th St,Merced,95340,529000,4,2.5,2656,16000,1946,Single Family Residential,Active,2026-09-22,37.2987765,-120.4651547,https://www.redfin.com/CA/Merced/611-E-20th-St-95340/home/19688245,redfin
2026-09-25,mls:MC26177703,613 Weslie Way,Merced,95348,393290,3,2.5,1623,3969,2026,Single Family Residential,Active,2026-08-13,37.360675,-120.478516,https://www.redfin.com/CA/Merced/613-Weslie-Way-Unknown/home/204577766,redfin
2026-09-25,mls:MC26177694,615 Weslie Way,Merced,95348,359037,3,2.5,1358,2425,2026,Single Family Residential,Active,2026-08-13,37.360679,-120.478617,https://www.redfin.com/CA/Merced/615-Weslie-Way-Unknown/home/204577717,redfin
2026-09-25,mls:MC26177647,617 Weslie Way,Merced,95348,359037,3,2.5,1358,2473,2026,Single Family Residential,Active,2026-08-13,37.360682,-120.478693,https://www.redfin.com/CA/Merced/617-Weslie-Way-Unknown/home/204577547,redfin
2026-09-25,mls:MC26177619,621 Weslie Way,Merced,95348,393290,3,2.5,1623,4244,2026,Single Family Residential,Active,2026-08-13,37.360685,-120.478795,https://www.redfin.com/CA/Merced/621-Weslie-Way-Unknown/home/204576922,redfin
2026-09-25,mls:MC26127731,626 Heitz Ct,Merced,95348,429000,4,3,1852,5661,2020,Single Family Residential,Active,2026-07-01,37.3485926,-120.4781423,https://www.redfin.com/CA/Merced/626-Heitz-Ct-95348/home/28948826,redfin
2026-09-25,mls:226052760,627 Elizabeth Ct,Merced,95341,387500,3,2,1231,5301,2024,Single Family Residential,Active,2026-05-22,37.277912,-120.493846,https://www.redfin.com/CA/Merced/627-Elizabeth-Ct-95341/home/180787387,redfin
2026-09-25,mls:MC26163276,63 Maia Ct,Merced,95341,459000,4,2.5,1945,4595,2007,Single Family Residential,Active,2026-07-31,37.2890444,-120.4270611,https://www.redfin.com/CA/Merced/63-Maia-Ct-95341/home/19656885,redfin
2026-09-25,mls:MC26146533,636 W 25th,Merced,95340,330000,2,1,1056,7500,1949,Single Family Residential,Active,2026-07-06,37.3100838,-120.4811936,https://www.redfin.com/CA/Merced/636-W-25th-St-95340/home/19693007,redfin
2026-09-25,mls:MC26148395,654-- 658 W Yosemite,Merced,95348,499000,4,4,2378,6841,1984,Multi-Family (2-4 Unit),Active,2026-07-29,37.3318577,-120.4798624,https://www.redfin.com/CA/Merced/654-W-Yosemite-Ave-95348/home/19668082,redfin
2026-09-25,mls:MC26183806,670 Elizabeth Ct,Merced,95341,405000,4,2,1509,6118,2024,Single Family Residential,Active,2026-08-21,37.27745,-120.494384,https://www.redfin.com/CA/Merced/670-Elizabeth-Ct-95341/home/180787393,redfin
2026-09-25,mls:MC26163641,677 Mackenzie Ct,Merced,95341,379900,3,2,1000,4998,2024,Single Family Residential,Active,2026-07-27,37.2792618,-120.4943634,https://www.redfin.com/CA/Merced/677-Mackenzie-Ct-95341/home/180787315,redfin
2026-09-25,mls:MC26106631,684 Skyler Ln Unit 69 B2,Merced,95348,439990,4,2,1509,5830,2026,Single Family Residential,Active,2026-07-19,37.3586629,-120.4807985,https://www.redfin.com/CA/Merced/684-Skyler-Ln-95348/unit-69-B2/home/201858480,redfin
2026-09-25,mls:MC24096982,6922 G St,Merced,95340,3599999,2,3,6300,2964258,1982,Single Family Residential,Active,2024-05-16,37.3891143,-120.4663615,https://www.redfin.com/CA/Merced/6922-G-St-95340/home/187852220,redfin
2026-09-25,mls:MC26111249,693 Cadiz Ave,Merced,95341,440900,4,2.5,2182,3744,2022,Single Family Residential,Active,2026-05-22,37.274742,-120.48485,https://www.redfin.com/CA/Merced/693-Cadiz-Ave-95341/home/180787922,redfin
2026-09-25,mls:41148105,698 Keng Ct,Merced,95341,410000,3,2,1214,6838,2024,Single Family Residential,Active,2026-09-11,37.2802099,-120.494785,https://www.redfin.com/CA/Merced/698-Keng-Ct-95341/home/186321375,redfin
2026-09-25,mls:MC26183512,698 Roberts Ct,Merced,95340,475000,4,2,1900,12610,1967,Single Family Residential,Active,2026-09-01,37.3112846,-120.4628734,https://www.redfin.com/CA/Merced/698-Roberts-Ct-95340/home/19702775,redfin
2026-09-25,mls:226035968,7044 Hwy 59 & Sandy Mush Rd,Merced,95340,399000,3,1.5,,1001880,,Vacant Land,Active,2026-03-25,37.3145748,-120.4687351,https://www.redfin.com/CA/Merced/59-Sandy-Ln-95340/home/19703233,redfin
2026-09-25,mls:MC26008284,71 Tyler Rd,Merced,95341,1199000,,,,392040,,Vacant Land,Active,2026-01-13,37.2869741,-120.4703556,https://www.redfin.com/CA/Merced/71-Tyler-Rd-95341/home/194153528,redfin
2026-09-25,mls:MC26053673,714 Dean Ct,Merced,95341,399900,3,2,1214,5200,2023,Single Family Residential,Active,2026-03-11,37.2788436,-120.4953763,https://www.redfin.com/CA/Merced/714-Dean-Ct-95341/home/180787328,redfin
2026-09-25,mls:MC26152873,714 Suzanne,Merced,95348,440000,3,2,1435,5065,2021,Single Family Residential,Active,2026-07-30,37.3512045,-120.4806199,https://www.redfin.com/CA/Merced/714-Suzanne-Dr-95348/home/172360276,redfin
2026-09-25,mls:226038701,72 E 12th St,Merced,95341,650000,6,4,3002,7505,1976,Multi-Family (5+ Unit),Active,2026-05-20,37.2926913,-120.4778409,https://www.redfin.com/CA/Merced/72-E-12th-St-95341/home/19687379,redfin
2026-09-25,mls:MC26013670,724 Robin Dr,Merced,95340,579900,5,3,2021,10109,1997,Single Family Residential,Active,2026-02-11,37.3369707,-120.4617846,https://www.redfin.com/CA/Merced/724-Robin-Dr-95340/home/19661373,redfin
2026-09-25,mls:MC26181900,725 Stone Ridge West Ave,Merced,95341,375890,3,2.5,1623,2774,2026,Single Family Residential,Active,2026-08-19,37.27672,-120.4808686,https://www.redfin.com/CA/Merced/725-Stone-Ridge-West-Ave-95341/home/196426220,redfin
2026-09-25,mls:MP26164276,726 Skyler Ct,Merced,95348,439000,3,2,1435,5269,2026,Single Family Residential,Active,2026-07-28,37.358728,-120.481646,https://www.redfin.com/CA/Merced/726-Skyler-Ln-95348/home/196426122,redfin
2026-09-25,mls:MC26095163,733 Marshall Ct,Merced,95348,445000,3,2,1620,5611,2026,Single Family Residential,Active,2026-05-01,37.35993,-120.481585,https://www.redfin.com/CA/Merced/733-Marshall-Ct-95348/home/201673758,redfin
2026-09-25,mls:226083180,733 Newton Ct,Merced,95348,450000,5,2.5,1919,5502,2020,Single Family Residential,Active,2026-06-30,37.3481419,-120.4808294,https://www.redfin.com/CA/Merced/733-Newton-Ct-95348/home/28948811,redfin
2026-09-25,mls:MC26027458,738 Skyler Ct,Merced,95348,445000,3,2,1620,5300,2026,Single Family Residential,Active,2026-03-10,37.358728,-120.481818,https://www.redfin.com/CA/Merced/738-Skyler-Ln-95348/home/196426123,redfin
2026-09-25,mls:226092145,747 Marcus Ct,Merced,95341,385000,3,2,1443,5001,2022,Single Family Residential,Active,2026-07-24,37.2799617,-120.4959358,https://www.redfin.com/CA/Merced/747-Marcus-Ct-95341/home/179425220,redfin
2026-09-25,mls:cmpmoqogk10nys6015tvoig1e,751 Yosemite Pkwy,Merced,95340,250000,3,1,1036,,1959,Unknown,Active,2026-05-26,37.2955401,-120.4653358,https://www.redfin.com/CA/Merced/751-Yosemite-Pkwy-95340/home/19687728,redfin
2026-09-25,mls:MC26185562,756 Brianne Ct,Merced,95341,385000,3,2,1214,5175,2021,Single Family Residential,Active,2026-08-24,37.2825904,-120.4960306,https://www.redfin.com/CA/Merced/756-Brianne-Ct-95341/home/176247864,redfin
2026-09-25,mls:MC26001848,756 Crist,Merced,95341,105000,,,,14894,,Vacant Land,Active,2026-01-05,37.2936235,-120.4685564,https://www.redfin.com/CA/Merced/756-Crist-Ave-95341/home/19687412,redfin
2026-09-25,mls:MC26009493,767 Taryn Ct,Merced,95341,340000,3,2,1000,5433,2020,Single Family Residential,Active,2026-03-17,37.2843948,-120.4961734,https://www.redfin.com/CA/Merced/767-Taryn-Ct-95341/home/172356595,redfin
2026-09-25,mls:226118402,785 Dean Ct,Merced,95341,379950,3,2,1214,5772,2023,Single Family Residential,Active,2026-09-21,37.2792518,-120.496442,https://www.redfin.com/CA/Merced/785-Dean-Ct-95341/home/180787305,redfin
2026-09-25,mls:MC26073213,789 Yosemite,Merced,95340,299999,3,1,1032,7500,1953,Single Family Residential,Active,2026-05-26,37.295444,-120.4651341,https://www.redfin.com/CA/Merced/789-Yosemite-Pkwy-95340/home/19687612,redfin
2026-09-25,mls:226081813,794 Dean Ct,Merced,95341,455000,4,2,1862,7000,2023,Single Family Residential,Active,2026-06-26,37.2788084,-120.4967438,https://www.redfin.com/CA/Merced/794-Dean-Ct-95341/home/180787335,redfin
2026-09-25,mls:MC25254770,835 W 10th St,Merced,95341,145000,,,,14536,,Vacant Land,Active,2025-11-05,37.2963738,-120.4927217,https://www.redfin.com/CA/Merced/835-W-10th-St-95341/home/183226295,redfin
2026-09-25,mls:MC25202610,84 Jack Ct,Merced,95341,379000,4,2.5,1945,4595,2007,Single Family Residential,Active,2025-11-12,37.2893222,-120.4274259,https://www.redfin.com/CA/Merced/84-Jack-Ct-95341/home/19657494,redfin
2026-09-25,mls:MC26133869,86 Sedona,Merced,95341,445000,4,2.5,2182,3199,2022,Single Family Residential,Active,2026-06-19,37.2744305,-120.485051,https://www.redfin.com/CA/Merced/86-Sedona-Dr-95341/home/180787875,redfin
2026-09-25,mls:MC26148980,864 E Childs,Merced,95341,2190000,,,,871200,,Vacant Land,Active,2026-07-10,37.2875663,-120.4660284,https://www.redfin.com/CA/Merced/864-E-Childs-Ave-95341/home/188876508,redfin
2026-09-25,mls:MC26041835,890 Barney,Merced,95340,299000,2,1,1233,6075,1951,Single Family Residential,Active,2026-05-06,37.3009501,-120.4613226,https://www.redfin.com/CA/Merced/890-Barney-St-95340/home/19687980,redfin
2026-09-25,mls:MC25242208,902 W 20th St,Merced,95340,345000,2,1,1378,7368,1917,Single Family Residential,Active,2025-10-17,37.3065016,-120.4880009,https://www.redfin.com/CA/Merced/902-W-20th-St-95340/home/19691004,redfin
2026-09-25,mls:MC25252460,915 R St,Merced,95341,325000,3,1,1232,5391,1930,Single Family Residential,Active,2025-11-02,37.2968727,-120.497309,https://www.redfin.com/CA/Merced/915-R-St-95341/home/19690941,redfin
2026-09-25,mls:242694,929 W 6th St,Merced,95341,625500,5,3,2300,6200,2026,Single Family Residential,Active,2026-07-06,37.2929392,-120.4963773,https://www.redfin.com/CA/Merced/929-W-6th-St-95341/home/189156477,redfin
2026-09-25,mls:651525,929 W 6th St #2,Merced,95341,625500,5,2.75,2298,6198,2026,Multi-Family (2-4 Unit),Active,2026-07-06,37.2929392,-120.4963773,https://www.redfin.com/CA/Merced/929-W-6th-St-95341/unit-2/home/202660811,redfin
2026-09-25,mls:226004168,930 W 23rd St,Merced,95340,295000,2,1,912,7501,1940,Single Family Residential,Active,2026-01-23,37.309677,-120.4867814,https://www.redfin.com/CA/Merced/930-W-23rd-St-95340/home/19692025,redfin
2026-09-25,mls:MC25270339,965 N Bryant Ct,Merced,95341,190000,,,,47916,,Vacant Land,Active,2025-12-03,37.300171,-120.520387,https://www.redfin.com/CA/Merced/965-N-Bryant-Ct-95341/home/49858867,redfin
2026-09-25,mls:BEC68E49FC28,Coolidge Plan,Merced,95341,461490,4,3,1842,,,Single Family Residential,Active,2026-04-09,37.284751892089844,-120.43229675292969,https://www.redfin.com/CA/Merced/Merced/Coolidge/home/196730179,redfin
2026-09-25,mls:ACB25E048A12,Grayson Plan,Merced,95341,424990,3,2,1290,,,Single Family Residential,Active,2025-08-15,37.2918983,-120.4266809,https://www.redfin.com/CA/Merced/Merced/Grayson/home/197150413,redfin
2026-09-25,mls:FDD583518435,Lanner Plan,Merced,95341,498990,4,2.5,1924,,,Single Family Residential,Active,2026-04-02,37.291656,-120.42655,https://www.redfin.com/CA/Merced/Merced/Lanner/home/201094597,redfin
2026-09-25,mls:15061A6A2B6D,Mountain Top II Plan,Merced,95348,509000,5,3,1890,,,Single Family Residential,Active,2025-08-18,37.3615146,-120.4694483,https://www.redfin.com/CA/Merced/Merced/Mountain-Top-II/home/190509865,redfin
2026-09-25,mls:874769B64FE6,Skyview II Plan,Merced,95348,479000,4,2.5,1824,,,Single Family Residential,Active,2025-08-17,37.3615146,-120.4694483,https://www.redfin.com/CA/Merced/Merced/Skyview-II/home/190509863,redfin
2026-09-25,mls:BF6DF43CAE31,The Adelina Plan,Merced,95341,397838,3,2,1403,,,Single Family Residential,Active,2025-10-26,37.2862897,-120.4304902,https://www.redfin.com/CA/Merced/Merced/The-Adelina/home/198798410,redfin
2026-09-25,mls:AB628F81CA4C,The Ashington Plan,Merced,95348,465600,4,3,1750,,,Single Family Residential,Active,2025-11-02,37.3582045,-120.4809235,https://www.redfin.com/CA/Merced/Merced/The-Ashington/home/198836475,redfin
2026-09-25,mls:7544A213B692,The Ashington Plan,Merced,95341,438700,4,3,1750,,,Single Family Residential,Active,2025-10-26,37.2862897,-120.4304902,https://www.redfin.com/CA/Merced/Merced/The-Ashington/home/198798406,redfin
2026-09-25,mls:33109F27E8B2,The Caledonia Plan,Merced,95348,480600,4,3,1969,,,Single Family Residential,Active,2025-12-20,37.3582045,-120.4809235,https://www.redfin.com/CA/Merced/Merced/The-Caledonia/home/199743228,redfin
2026-09-25,mls:3335387E8898,The Carmelo Plan,Merced,95341,391874,3,2,1500,,,Single Family Residential,Active,2025-07-31,37.2917052,-120.4288446,https://www.redfin.com/CA/Merced/Merced/The-Carmelo/home/196756198,redfin
2026-09-25,mls:C841C396BC54,The Cascade Plan,Merced,95348,436368,3,2,1620,,,Single Family Residential,Active,2025-11-06,37.3582045,-120.4809235,https://www.redfin.com/CA/Merced/Merced/The-Cascade/home/198909838,redfin
2026-09-25,mls:2BB8EC88400D,The Cascade Plan,Merced,95341,421000,3,2,1620,,,Single Family Residential,Active,2025-10-26,37.2862897,-120.4304902,https://www.redfin.com/CA/Merced/Merced/The-Cascade/home/198798409,redfin
2026-09-25,mls:DECD7A7C0493,The Florencia Plan,Merced,95348,569600,5,3,2752,,,Single Family Residential,Active,2025-11-06,37.3582045,-120.4809235,https://www.redfin.com/CA/Merced/Merced/The-Florencia/home/198918663,redfin
2026-09-25,mls:EB4F2420027D,The Haven Plan,Merced,95341,362250,3,2.5,1623,,,Townhouse,Active,2025-10-13,37.2766279,-120.4806608,https://www.redfin.com/CA/Merced/Merced/The-Haven/home/198576924,redfin
2026-09-25,mls:C5D14AA59F41,The Kelsey Plan,Merced,95341,309900,2,2.5,1259,,,Townhouse,Active,2025-10-13,37.2766279,-120.4806608,https://www.redfin.com/CA/Merced/Merced/The-Kelsey/home/198576925,redfin
2026-09-25,mls:581E257A65CE,The Monterey Plan,Merced,95348,489600,4,2,1960,,,Single Family Residential,Active,2025-12-20,37.3582045,-120.4809235,https://www.redfin.com/CA/Merced/Merced/The-Monterey/home/199743230,redfin
2026-09-25,mls:7EE60E243966,The Monterey Plan,Merced,95341,471550,4,2,1960,,,Single Family Residential,Active,2025-10-27,37.2862897,-120.4304902,https://www.redfin.com/CA/Merced/Merced/The-Monterey/home/198798429,redfin
2026-09-25,mls:43516D609CFC,The Rainier Plan,Merced,95348,404900,3,2,1435,,,Single Family Residential,Active,2025-11-06,37.3582045,-120.4809235,https://www.redfin.com/CA/Merced/Merced/The-Rainier/home/198918611,redfin
2026-09-25,mls:C66618349959,The Santa Cruz Plan,Merced,95348,479600,4,3,1810,,,Single Family Residential,Active,2025-12-20,37.3582045,-120.4809235,https://www.redfin.com/CA/Merced/Merced/The-Santa-Cruz/home/199743229,redfin
2026-09-25,mls:35E70551F97C,The Santa Cruz Plan,Merced,95341,465200,4,3,1810,,,Single Family Residential,Active,2025-10-26,37.2862897,-120.4304902,https://www.redfin.com/CA/Merced/Merced/The-Santa-Cruz/home/198798407,redfin
2026-09-25,mls:91E012AEF7B7,The Shasta Plan,Merced,95348,479230,4,3,2207,,,Single Family Residential,Active,2025-11-02,37.3582045,-120.4809235,https://www.redfin.com/CA/Merced/Merced/The-Shasta/home/198836473,redfin
2026-09-25,mls:414BA255B8B4,The Sierra Plan,Merced,95341,325500,3,2.5,1358,,,Townhouse,Active,2025-10-13,37.2766279,-120.4806608,https://www.redfin.com/CA/Merced/Merced/The-Sierra/home/198576923,redfin
2026-09-25,mls:347EB8F16713,The Teton Plan,Merced,95348,470600,3,2,1854,,,Single Family Residential,Active,2025-11-06,37.3582045,-120.4809235,https://www.redfin.com/CA/Merced/Merced/The-Teton/home/198918058,redfin
2026-09-25,mls:DBF11679A93F,The Tolosa Plan,Merced,95341,483361,4,2,2392,,,Single Family Residential,Active,2025-10-13,37.2917052,-120.4288446,https://www.redfin.com/CA/Merced/Merced/The-Tolosa/home/198576922,redfin
