{"type":"FeatureCollection","crs":{"type":"name","properties":{"name":"EPSG:4326"}},"features":[{"type":"Feature","geometry":{"type":"Polygon","coordinates":[[[-120.3965,37.70599],[-120.39645,37.70596],[-120.39564,37.70605],[-120.39532,37.70601],[-120.3944,37.70515],[-120.39408,37.70472],[-120.39387,37.70444],[-120.39357,37.70427],[-120.39357,37.70427],[-120.39345,37.70419],[-120.39305,37.70376],[-120.39278,37.70346],[-120.3926,37.70276],[-120.39258,37.70225],[-120.39256,37.70193],[-120.3922,37.70149],[-120.39177,37.70098],[-120.39173,37.70097],[-120.39161,37.70093],[-120.39055,37.70117],[-120.38872,37.69959],[-120.38843,37.69946],[-120.38831,37.69941],[-120.38824,37.6994],[-120.3879,37.69938],[-120.38729,37.69975],[-120.38721,37.69985],[-120.38691,37.70023],[-120.38662,37.7004],[-120.38639,37.70053],[-120.38583,37.70054],[-120.38564,37.70029],[-120.38559,37.70022],[-120.38559,37.70022],[-120.38508,37.69983],[-120.38507,37.69969],[-120.38505,37.6994],[-120.38526,37.69923],[-120.38554,37.69901],[-120.38556,37.69881],[-120.38542,37.69877],[-120.38542,37.69877],[-120.3853,37.69873],[-120.38474,37.69882],[-120.38445,37.69886],[-120.38396,37.69868],[-120.38373,37.69829],[-120.38286,37.69772],[-120.38264,37.69747],[-120.38267,37.69705],[-120.38279,37.69684],[-120.38289,37.69666],[-120.38285,37.69663],[-120.38213,37.69614],[-120.3819,37.69611],[-120.3819,37.69611],[-120.38151,37.69605],[-120.38106,37.69573],[-120.381,37.69569],[-120.38096,37.6956],[-120.38087,37.69542],[-120.38077,37.69438],[-120.38068,37.69415],[-120.38053,37.694],[-120.38047,37.69394],[-120.38041,37.69388],[-120.38004,37.69397],[-120.37998,37.69451],[-120.37956,37.6949],[-120.3797,37.69544],[-120.37974,37.69584],[-120.37966,37.6959],[-120.37951,37.69599],[-120.37831,37.69598],[-120.37811,37.6959],[-120.37797,37.69584],[-120.37797,37.69584],[-120.37752,37.69515],[-120.37747,37.69513],[-120.3773,37.69506],[-120.37719,37.69507],[-120.37657,37.69515],[-120.37651,37.69519],[-120.37604,37.69555],[-120.37556,37.69576],[-120.37476,37.69611],[-120.37368,37.6962],[-120.37371,37.69668],[-120.37371,37.69668],[-120.37374,37.69712],[-120.37369,37.69718],[-120.37361,37.69727],[-120.37364,37.6976],[-120.37382,37.69786],[-120.37401,37.69812],[-120.37425,37.69879],[-120.37452,37.69913],[-120.37543,37.69967],[-120.37565,37.6998],[-120.37565,37.69994],[-120.37547,37.70007],[-120.37492,37.70046],[-120.3747,37.70046],[-120.3746,37.70046],[-120.37443,37.70039],[-120.37354,37.69998],[-120.37237,37.69909],[-120.37211,37.69889],[-120.37211,37.69889],[-120.37189,37.69825],[-120.37178,37.69815],[-120.37162,37.69801],[-120.37048,37.69782],[-120.36964,37.69724],[-120.36945,37.69711],[-120.3693,37.69683],[-120.36921,37.69665],[-120.36908,37.69655],[-120.36892,37.69643],[-120.36877,37.6964],[-120.36878,37.69537],[-120.36879,37.69444],[-120.3689,37.68757],[-120.36901,37.67968],[-120.36904,37.67768],[-120.36911,37.67318],[-120.36977,37.62843],[-120.3737,37.62848],[-120.38271,37.6286],[-120.38344,37.6286],[-120.3841,37.62861],[-120.38472,37.62862],[-120.38479,37.62862],[-120.38486,37.62871],[-120.38546,37.62952],[-120.38628,37.63063],[-120.38677,37.63128],[-120.38739,37.63105],[-120.39039,37.62994],[-120.39215,37.62929],[-120.39474,37.62833],[-120.39539,37.62809],[-120.3968,37.62756],[-120.40832,37.62329],[-120.41499,37.62082],[-120.42129,37.61848],[-120.42781,37.61606],[-120.43084,37.61494],[-120.43371,37.61388],[-120.4356,37.61318],[-120.43797,37.6123],[-120.44518,37.60963],[-120.4452,37.60962],[-120.44523,37.60961],[-120.44526,37.6096],[-120.44526,37.60959],[-120.44563,37.60946],[-120.45021,37.60776],[-120.45655,37.60541],[-120.45655,37.60541],[-120.46019,37.60406],[-120.46022,37.60405],[-120.46025,37.60404],[-120.45379,37.60406],[-120.44813,37.60407],[-120.44738,37.60408],[-120.44738,37.60408],[-120.44722,37.60408],[-120.44703,37.60408],[-120.44578,37.60408],[-120.44579,37.60258],[-120.44579,37.60228],[-120.44579,37.59647],[-120.4458,37.59048],[-120.46394,37.59052],[-120.46389,37.59884],[-120.46386,37.6027],[-120.46395,37.60266],[-120.46409,37.60261],[-120.46409,37.60261],[-120.46409,37.60261],[-120.47646,37.59803],[-120.48565,37.59462],[-120.49626,37.59069],[-120.49913,37.58962],[-120.50153,37.58873],[-120.50241,37.58841],[-120.5098,37.58567],[-120.51009,37.58556],[-120.51025,37.5855],[-120.51041,37.58544],[-120.51059,37.58537],[-120.51189,37.58489],[-120.52512,37.57999],[-120.53435,37.57612],[-120.53537,37.5757],[-120.53571,37.57555],[-120.54547,37.57147],[-120.54576,37.57135],[-120.54773,37.57052],[-120.55043,37.56939],[-120.55443,37.56772],[-120.55775,37.56633],[-120.56224,37.56445],[-120.56487,37.56335],[-120.5679,37.56208],[-120.57113,37.56073],[-120.57122,37.56069],[-120.57139,37.56062],[-120.57538,37.55895],[-120.57856,37.55762],[-120.57987,37.55707],[-120.58225,37.55607],[-120.59343,37.55139],[-120.59433,37.55111],[-120.59454,37.55105],[-120.59722,37.55004],[-120.60617,37.54666],[-120.60635,37.54659],[-120.6068,37.54642],[-120.6126,37.54423],[-120.61441,37.54355],[-120.6246,37.5397],[-120.62545,37.53938],[-120.62737,37.53866],[-120.63796,37.53466],[-120.63934,37.53414],[-120.63938,37.53412],[-120.64639,37.53149],[-120.64674,37.53136],[-120.64816,37.53083],[-120.65057,37.52991],[-120.65548,37.52804],[-120.66209,37.52555],[-120.66552,37.52425],[-120.66549,37.52069],[-120.66549,37.52044],[-120.66549,37.52023],[-120.66656,37.51979],[-120.66656,37.51979],[-120.66658,37.51834],[-120.66658,37.51759],[-120.66677,37.50057],[-120.66706,37.47486],[-120.66714,37.46766],[-120.66729,37.44802],[-120.66727,37.43732],[-120.66727,37.4359],[-120.66726,37.43581],[-120.66726,37.43259],[-120.66724,37.42489],[-120.66727,37.42491],[-120.66786,37.42521],[-120.66846,37.42552],[-120.66894,37.42578],[-120.66941,37.426],[-120.67021,37.42642],[-120.6707,37.42666],[-120.67105,37.42684],[-120.67142,37.42696],[-120.67156,37.427],[-120.67178,37.42705],[-120.67211,37.4271],[-120.6726,37.42713],[-120.6731,37.42715],[-120.67324,37.42715],[-120.6734,37.42713],[-120.67378,37.42706],[-120.6739,37.42706],[-120.67403,37.42705],[-120.67551,37.42655],[-120.67622,37.42647],[-120.67648,37.42644],[-120.67664,37.42647],[-120.67689,37.42652],[-120.67712,37.42656],[-120.67752,37.42671],[-120.67773,37.42683],[-120.6778,37.42694],[-120.67782,37.42698],[-120.67775,37.42737],[-120.67784,37.42802],[-120.67797,37.42863],[-120.67816,37.4289],[-120.67797,37.42946],[-120.67767,37.43022],[-120.67772,37.43052],[-120.67859,37.43143],[-120.679,37.4315],[-120.67981,37.4314],[-120.68139,37.43137],[-120.68237,37.43118],[-120.68311,37.43089],[-120.68354,37.4305],[-120.68383,37.4301],[-120.68432,37.42899],[-120.68453,37.42773],[-120.68483,37.42732],[-120.68517,37.42703],[-120.68564,37.42682],[-120.6863,37.42675],[-120.68691,37.42652],[-120.68709,37.42632],[-120.68731,37.42606],[-120.6876,37.42588],[-120.68798,37.42588],[-120.68877,37.42632],[-120.68883,37.42644],[-120.68917,37.42664],[-120.68979,37.42678],[-120.68999,37.42689],[-120.69035,37.42708],[-120.69058,37.42717],[-120.69086,37.42716],[-120.6913,37.42699],[-120.69171,37.42653],[-120.69176,37.42626],[-120.69165,37.4261],[-120.69151,37.42589],[-120.69136,37.42579],[-120.69134,37.42577],[-120.69108,37.42523],[-120.69105,37.42465],[-120.69119,37.42418],[-120.69131,37.42405],[-120.69134,37.424],[-120.69138,37.42395],[-120.6914,37.42366],[-120.69138,37.42287],[-120.69147,37.42262],[-120.69158,37.42244],[-120.69187,37.42224],[-120.69238,37.42195],[-120.69276,37.42192],[-120.69312,37.42195],[-120.69348,37.42197],[-120.69381,37.42197],[-120.69633,37.42166],[-120.69717,37.42134],[-120.69757,37.42118],[-120.69772,37.42108],[-120.69781,37.42101],[-120.69801,37.42083],[-120.69807,37.42061],[-120.6982,37.42034],[-120.69828,37.41956],[-120.6983,37.41943],[-120.69844,37.41883],[-120.69864,37.4186],[-120.69885,37.41841],[-120.69935,37.41831],[-120.69982,37.41833],[-120.70072,37.41883],[-120.70119,37.41928],[-120.7014,37.41948],[-120.70153,37.41975],[-120.70156,37.42],[-120.70132,37.42078],[-120.70135,37.42089],[-120.70144,37.42116],[-120.7017,37.42128],[-120.70228,37.42128],[-120.70286,37.42122],[-120.70327,37.4212],[-120.70379,37.42125],[-120.70458,37.42164],[-120.70499,37.42175],[-120.70588,37.42142],[-120.70651,37.42075],[-120.70646,37.42013],[-120.70659,37.41956],[-120.70663,37.41941],[-120.70614,37.41895],[-120.7057,37.41875],[-120.70477,37.41851],[-120.70452,37.41832],[-120.70473,37.41673],[-120.70483,37.41597],[-120.70524,37.41594],[-120.70545,37.41602],[-120.7065,37.41642],[-120.7068,37.41653],[-120.70685,37.41655],[-120.70692,37.41654],[-120.70748,37.41649],[-120.70855,37.41579],[-120.70897,37.41528],[-120.70904,37.41524],[-120.70914,37.4152],[-120.70948,37.41516],[-120.70976,37.4151],[-120.71002,37.41499],[-120.71033,37.41475],[-120.71042,37.41463],[-120.71064,37.41433],[-120.71075,37.41356],[-120.71059,37.4129],[-120.71017,37.41193],[-120.71021,37.41178],[-120.71028,37.41168],[-120.71068,37.41144],[-120.71127,37.4111],[-120.71169,37.41086],[-120.71201,37.41065],[-120.71212,37.4106],[-120.71234,37.41058],[-120.71259,37.41068],[-120.71338,37.41112],[-120.71348,37.41118],[-120.71363,37.41122],[-120.71385,37.41123],[-120.71395,37.41119],[-120.71404,37.41111],[-120.71439,37.41065],[-120.71445,37.41057],[-120.71458,37.41046],[-120.71476,37.41041],[-120.71497,37.41038],[-120.71515,37.41038],[-120.71536,37.41047],[-120.71591,37.41084],[-120.71751,37.41135],[-120.71847,37.41166],[-120.71889,37.41173],[-120.72007,37.41174],[-120.72037,37.41167],[-120.72161,37.4107],[-120.72172,37.41062],[-120.72182,37.41055],[-120.72236,37.41044],[-120.72277,37.41042],[-120.72304,37.41046],[-120.7233,37.41057],[-120.72395,37.41107],[-120.72467,37.4118],[-120.72491,37.41205],[-120.72526,37.41214],[-120.72546,37.41212],[-120.72568,37.41203],[-120.72595,37.41169],[-120.72611,37.41099],[-120.72614,37.41087],[-120.72629,37.41064],[-120.72662,37.41045],[-120.72686,37.41039],[-120.72854,37.41025],[-120.72925,37.41028],[-120.73005,37.41053],[-120.73031,37.41057],[-120.73038,37.41056],[-120.73063,37.41054],[-120.73081,37.41046],[-120.73099,37.41035],[-120.7311,37.40998],[-120.7311,37.40972],[-120.73099,37.40942],[-120.73071,37.40884],[-120.73031,37.40853],[-120.73008,37.40845],[-120.72992,37.40842],[-120.72988,37.40841],[-120.72976,37.40825],[-120.72976,37.40819],[-120.72975,37.40774],[-120.72978,37.40743],[-120.72981,37.40716],[-120.73002,37.40677],[-120.7302,37.40653],[-120.73047,37.40636],[-120.73129,37.40584],[-120.73166,37.40561],[-120.73189,37.4055],[-120.73225,37.40541],[-120.73288,37.40535],[-120.73322,37.40532],[-120.7334,37.40528],[-120.73356,37.40519],[-120.73403,37.40474],[-120.7341,37.40464],[-120.73417,37.40453],[-120.73429,37.40409],[-120.73439,37.40371],[-120.73447,37.4036],[-120.73465,37.40332],[-120.73484,37.40317],[-120.73505,37.40303],[-120.73583,37.40281],[-120.73612,37.40273],[-120.73684,37.40231],[-120.73721,37.40207],[-120.73737,37.40191],[-120.73737,37.40191],[-120.73748,37.40175],[-120.73753,37.40156],[-120.73761,37.40125],[-120.73808,37.40064],[-120.73847,37.4002],[-120.73896,37.39996],[-120.73941,37.39981],[-120.74068,37.39972],[-120.74187,37.39998],[-120.742,37.40001],[-120.74264,37.40004],[-120.7431,37.39993],[-120.74296,37.39918],[-120.74309,37.39916],[-120.74311,37.39916],[-120.74331,37.39914],[-120.74352,37.39912],[-120.74381,37.39911],[-120.74416,37.3991],[-120.74462,37.39911],[-120.74519,37.39914],[-120.74566,37.39917],[-120.74596,37.39918],[-120.74607,37.39917],[-120.74617,37.39914],[-120.74635,37.39908],[-120.74666,37.39895],[-120.74697,37.3988],[-120.74706,37.39874],[-120.74715,37.39866],[-120.74723,37.39858],[-120.74733,37.39847],[-120.74769,37.3981],[-120.74818,37.39762],[-120.74875,37.39703],[-120.74921,37.39651],[-120.74936,37.39634],[-120.74948,37.39621],[-120.74966,37.39606],[-120.74977,37.39597],[-120.7499,37.39589],[-120.75004,37.39581],[-120.7502,37.39575],[-120.75037,37.39568],[-120.75056,37.39562],[-120.75077,37.39557],[-120.7512,37.3955],[-120.75199,37.39555],[-120.75234,37.39556],[-120.7527,37.39545],[-120.75325,37.39545],[-120.75342,37.3954],[-120.75349,37.39535],[-120.75355,37.39524],[-120.75362,37.39513],[-120.75376,37.39504],[-120.75394,37.39499],[-120.75437,37.39491],[-120.75479,37.39493],[-120.7553,37.39486],[-120.75534,37.39484],[-120.75561,37.39472],[-120.7559,37.39453],[-120.7562,37.3943],[-120.75658,37.39397],[-120.75679,37.39385],[-120.75685,37.39372],[-120.75701,37.39349],[-120.75722,37.3933],[-120.75748,37.3931],[-120.75758,37.39305],[-120.75783,37.39301],[-120.75792,37.39301],[-120.75808,37.39301],[-120.7582,37.39302],[-120.75828,37.39302],[-120.75834,37.39304],[-120.75844,37.39307],[-120.75849,37.39307],[-120.75864,37.39307],[-120.75869,37.39309],[-120.75877,37.39311],[-120.75894,37.39321],[-120.75895,37.39321],[-120.75916,37.39347],[-120.75918,37.39355],[-120.75917,37.39363],[-120.75916,37.39378],[-120.75915,37.39381],[-120.75903,37.3944],[-120.75907,37.39449],[-120.75924,37.39476],[-120.75933,37.39483],[-120.75959,37.39492],[-120.75967,37.395],[-120.75973,37.39506],[-120.7601,37.39538],[-120.76029,37.39538],[-120.76038,37.39535],[-120.76049,37.39532],[-120.76055,37.3953],[-120.76069,37.39526],[-120.76115,37.39507],[-120.76132,37.39506],[-120.76145,37.39505],[-120.76174,37.3949],[-120.7619,37.39469],[-120.76212,37.39454],[-120.76224,37.39446],[-120.76224,37.39428],[-120.76227,37.3942],[-120.76231,37.39407],[-120.76238,37.39377],[-120.76248,37.39347],[-120.76258,37.39326],[-120.76268,37.39302],[-120.76279,37.39284],[-120.76292,37.39264],[-120.76315,37.3924],[-120.76332,37.39216],[-120.76351,37.39191],[-120.76377,37.39166],[-120.76403,37.39148],[-120.7645,37.39128],[-120.76482,37.39109],[-120.765,37.39091],[-120.76521,37.39074],[-120.76543,37.39065],[-120.76572,37.39059],[-120.76608,37.39053],[-120.76644,37.39037],[-120.76666,37.39021],[-120.76686,37.39002],[-120.76703,37.38979],[-120.76713,37.38955],[-120.7672,37.3893],[-120.76721,37.38902],[-120.76736,37.38874],[-120.76738,37.38869],[-120.76744,37.38855],[-120.76761,37.38842],[-120.76796,37.38831],[-120.76835,37.38822],[-120.76862,37.38821],[-120.76877,37.38825],[-120.76893,37.38836],[-120.76897,37.38838],[-120.76927,37.38849],[-120.76938,37.38858],[-120.76975,37.38892],[-120.76993,37.38917],[-120.76999,37.38924],[-120.77005,37.38933],[-120.7701,37.3895],[-120.77019,37.38979],[-120.77028,37.38996],[-120.77037,37.39006],[-120.77062,37.39025],[-120.77079,37.39047],[-120.77085,37.39071],[-120.77105,37.39086],[-120.77123,37.39103],[-120.77154,37.39121],[-120.77176,37.3913],[-120.77211,37.3913],[-120.77237,37.39131],[-120.77263,37.39127],[-120.77312,37.39104],[-120.77392,37.3903],[-120.77399,37.39028],[-120.77412,37.39022],[-120.77426,37.39024],[-120.77435,37.39027],[-120.7762,37.39078],[-120.77655,37.39081],[-120.77685,37.39079],[-120.77713,37.39067],[-120.77794,37.39011],[-120.7787,37.38943],[-120.77923,37.38841],[-120.77936,37.38824],[-120.77962,37.38819],[-120.78006,37.38814],[-120.78081,37.38833],[-120.78083,37.38835],[-120.78091,37.38846],[-120.78091,37.38865],[-120.78093,37.38898],[-120.78094,37.38917],[-120.78096,37.38943],[-120.78088,37.39011],[-120.78081,37.39071],[-120.78089,37.39105],[-120.78104,37.3913],[-120.78165,37.39164],[-120.78291,37.39179],[-120.78341,37.39179],[-120.78359,37.39174],[-120.78369,37.39172],[-120.78388,37.39176],[-120.78391,37.39177],[-120.7852,37.39222],[-120.78565,37.3922],[-120.78613,37.39205],[-120.78659,37.39175],[-120.78669,37.39165],[-120.78701,37.39129],[-120.78725,37.39115],[-120.78774,37.39121],[-120.78807,37.39126],[-120.78895,37.3917],[-120.7897,37.39209],[-120.79008,37.39224],[-120.79105,37.39242],[-120.79093,37.39243],[-120.7904,37.39325],[-120.79033,37.39336],[-120.79026,37.39348],[-120.79025,37.39392],[-120.79031,37.39422],[-120.79034,37.39435],[-120.79073,37.39432],[-120.79084,37.39433],[-120.79095,37.39436],[-120.79101,37.39447],[-120.79102,37.39461],[-120.79094,37.3959],[-120.79094,37.39593],[-120.79096,37.39596],[-120.79097,37.39597],[-120.791,37.39599],[-120.79112,37.39602],[-120.79595,37.39534],[-120.79596,37.39509],[-120.79601,37.3938],[-120.79606,37.39224],[-120.79609,37.39135],[-120.79611,37.39122],[-120.79616,37.39114],[-120.79621,37.39109],[-120.79631,37.39106],[-120.79653,37.39105],[-120.79673,37.39107],[-120.79641,37.39083],[-120.79622,37.39089],[-120.79595,37.39095],[-120.79595,37.39081],[-120.79605,37.39064],[-120.79637,37.39057],[-120.79735,37.39059],[-120.79771,37.39061],[-120.79802,37.39066],[-120.79825,37.39077],[-120.799,37.39093],[-120.79963,37.39084],[-120.80014,37.39058],[-120.8009,37.39005],[-120.80131,37.38976],[-120.80167,37.38944],[-120.80226,37.38884],[-120.80243,37.38869],[-120.80178,37.38834],[-120.80227,37.38752],[-120.80247,37.3871],[-120.80258,37.38698],[-120.80321,37.38675],[-120.80325,37.38674],[-120.80333,37.38671],[-120.80347,37.38669],[-120.80357,37.38671],[-120.80357,37.38671],[-120.80357,37.38671],[-120.80373,37.38675],[-120.80377,37.38677],[-120.80379,37.38678],[-120.80379,37.38678],[-120.80384,37.38678],[-120.80436,37.38698],[-120.80551,37.38713],[-120.80602,37.38707],[-120.80662,37.38683],[-120.80708,37.3863],[-120.80751,37.38562],[-120.8074,37.38445],[-120.80747,37.38424],[-120.80773,37.38408],[-120.80856,37.38338],[-120.80883,37.38326],[-120.80925,37.38332],[-120.80933,37.38335],[-120.80936,37.38335],[-120.80937,37.38334],[-120.80938,37.38334],[-120.80944,37.38332],[-120.80952,37.38334],[-120.80964,37.38338],[-120.80991,37.38356],[-120.81011,37.38383],[-120.81011,37.38383],[-120.81011,37.38383],[-120.81011,37.38383],[-120.81039,37.38403],[-120.81106,37.38459],[-120.81138,37.38463],[-120.81163,37.38459],[-120.81226,37.38422],[-120.81235,37.38418],[-120.81235,37.38418],[-120.81269,37.38405],[-120.81307,37.3839],[-120.81393,37.38374],[-120.81399,37.38374],[-120.81406,37.38374],[-120.81471,37.38376],[-120.81471,37.38376],[-120.8149,37.38376],[-120.81581,37.38392],[-120.8159,37.38393],[-120.81596,37.38393],[-120.81678,37.38399],[-120.81711,37.38395],[-120.81729,37.38392],[-120.81778,37.38377],[-120.81853,37.38352],[-120.81882,37.38339],[-120.81918,37.38323],[-120.8194,37.38313],[-120.8195,37.38308],[-120.8198,37.383],[-120.82018,37.38289],[-120.82148,37.38275],[-120.82165,37.38273],[-120.82336,37.38238],[-120.82468,37.38209],[-120.82491,37.38206],[-120.82539,37.38202],[-120.82697,37.38209],[-120.82705,37.38208],[-120.82788,37.38202],[-120.82813,37.38189],[-120.82839,37.38174],[-120.82939,37.38098],[-120.82939,37.38098],[-120.82979,37.38067],[-120.83112,37.37929],[-120.83184,37.37822],[-120.83208,37.37787],[-120.83241,37.37752],[-120.83251,37.37745],[-120.83277,37.37727],[-120.83328,37.37701],[-120.83391,37.37682],[-120.83418,37.37674],[-120.83498,37.37628],[-120.83537,37.37588],[-120.83652,37.37421],[-120.83706,37.37342],[-120.83725,37.37306],[-120.8374,37.37277],[-120.83753,37.37193],[-120.8376,37.37063],[-120.83766,37.37056],[-120.83766,37.37056],[-120.8382,37.36984],[-120.83844,37.36973],[-120.83888,37.36953],[-120.83974,37.3692],[-120.84036,37.36907],[-120.84097,37.36902],[-120.84142,37.36907],[-120.84151,37.36908],[-120.84179,37.36917],[-120.84217,37.36928],[-120.84275,37.36944],[-120.84375,37.3697],[-120.8455,37.36993],[-120.84639,37.36995],[-120.84647,37.36995],[-120.84676,37.36989],[-120.84717,37.3698],[-120.84727,37.36974],[-120.8477,37.36947],[-120.84897,37.36808],[-120.85086,37.36553],[-120.85095,37.36542],[-120.85104,37.36529],[-120.85232,37.36347],[-120.85329,37.36265],[-120.85431,37.36217],[-120.8553,37.36186],[-120.85532,37.36187],[-120.85535,37.36188],[-120.85547,37.36193],[-120.85553,37.36195],[-120.85555,37.36195],[-120.85562,37.36197],[-120.85575,37.36198],[-120.85575,37.36198],[-120.85587,37.36199],[-120.85599,37.36197],[-120.85608,37.36195],[-120.85613,37.36194],[-120.85628,37.36189],[-120.85641,37.36184],[-120.85642,37.36184],[-120.85642,37.36184],[-120.85655,37.36178],[-120.85665,37.36173],[-120.85676,37.36169],[-120.85693,37.36161],[-120.85707,37.36154],[-120.85713,37.36151],[-120.85726,37.36142],[-120.85751,37.36126],[-120.85757,37.36122],[-120.85762,37.36117],[-120.85774,37.36108],[-120.85778,37.36102],[-120.85781,37.36098],[-120.85784,37.36093],[-120.85791,37.36085],[-120.85799,37.36078],[-120.85805,37.36073],[-120.85808,37.36071],[-120.85813,37.36068],[-120.85828,37.36061],[-120.85844,37.36055],[-120.8588,37.36041],[-120.85889,37.36037],[-120.85982,37.36012],[-120.85992,37.36005],[-120.85999,37.35998],[-120.8601,37.35986],[-120.86013,37.35982],[-120.86018,37.35975],[-120.86029,37.35961],[-120.86042,37.35944],[-120.86053,37.35926],[-120.86074,37.35895],[-120.86079,37.35887],[-120.86087,37.35876],[-120.86092,37.3587],[-120.86094,37.35868],[-120.86098,37.35864],[-120.86106,37.35854],[-120.86117,37.35841],[-120.8614,37.35816],[-120.86151,37.35809],[-120.86163,37.358],[-120.8619,37.35784],[-120.86196,37.35781],[-120.862,37.35779],[-120.86213,37.35774],[-120.8622,37.35772],[-120.86223,37.35771],[-120.86232,37.3577],[-120.86242,37.35769],[-120.86249,37.35769],[-120.86255,37.35769],[-120.86269,37.35771],[-120.86287,37.35773],[-120.86306,37.35774],[-120.86317,37.35777],[-120.8632,37.35777],[-120.8633,37.35779],[-120.86341,37.35782],[-120.86341,37.35782],[-120.86364,37.3579],[-120.8642,37.35814],[-120.8646,37.35831],[-120.86485,37.35842],[-120.86549,37.35868],[-120.86597,37.35892],[-120.866,37.35893],[-120.866,37.35893],[-120.8661,37.35897],[-120.86612,37.35897],[-120.86615,37.35898],[-120.86621,37.35898],[-120.86632,37.35897],[-120.86634,37.35897],[-120.86642,37.35895],[-120.86666,37.35887],[-120.8668,37.35882],[-120.86682,37.35881],[-120.86706,37.35871],[-120.86738,37.35856],[-120.86785,37.35832],[-120.86802,37.35822],[-120.86816,37.35814],[-120.86841,37.35797],[-120.86871,37.35777],[-120.86892,37.35761],[-120.86915,37.35744],[-120.86936,37.35733],[-120.8694,37.35731],[-120.86942,37.3573],[-120.86963,37.35723],[-120.86978,37.3572],[-120.86984,37.35718],[-120.87,37.35716],[-120.87004,37.35716],[-120.87026,37.35714],[-120.8703,37.35714],[-120.8705,37.35715],[-120.87094,37.3572],[-120.87117,37.35722],[-120.87137,37.35725],[-120.87142,37.35728],[-120.87147,37.3573],[-120.87148,37.35731],[-120.87155,37.35735],[-120.87157,37.35737],[-120.8716,37.35739],[-120.87162,37.35742],[-120.87163,37.35743],[-120.87166,37.35748],[-120.87168,37.35754],[-120.8717,37.35757],[-120.87174,37.35766],[-120.87175,37.35767],[-120.8718,37.35773],[-120.87188,37.3578],[-120.87198,37.35787],[-120.872,37.35788],[-120.87208,37.35795],[-120.87223,37.35806],[-120.87233,37.35818],[-120.8724,37.35826],[-120.87246,37.35839],[-120.87247,37.35842],[-120.8725,37.35855],[-120.8725,37.35858],[-120.87251,37.35862],[-120.87249,37.35869],[-120.87249,37.35871],[-120.87248,37.35875],[-120.87248,37.35875],[-120.87246,37.3588],[-120.87241,37.35892],[-120.87231,37.35915],[-120.87222,37.35931],[-120.87209,37.35955],[-120.87202,37.35978],[-120.87201,37.35988],[-120.87199,37.36],[-120.87199,37.36006],[-120.87198,37.36023],[-120.872,37.36042],[-120.87201,37.36044],[-120.87201,37.36048],[-120.87207,37.36076],[-120.87216,37.36099],[-120.87219,37.36104],[-120.87224,37.36111],[-120.87225,37.36113],[-120.87228,37.36117],[-120.8723,37.3612],[-120.87231,37.36121],[-120.87245,37.36133],[-120.87259,37.3614],[-120.87264,37.36143],[-120.87289,37.36153],[-120.87307,37.36159],[-120.87317,37.36162],[-120.87323,37.36164],[-120.87343,37.36169],[-120.87361,37.36172],[-120.87361,37.36172],[-120.87362,37.36172],[-120.87364,37.36173],[-120.87365,37.36173],[-120.87377,37.36174],[-120.87389,37.36174],[-120.8742,37.36171],[-120.87438,37.3617],[-120.87441,37.36169],[-120.87444,37.36169],[-120.87464,37.36166],[-120.87481,37.36165],[-120.87499,37.36163],[-120.87521,37.36158],[-120.87525,37.36157],[-120.87529,37.36156],[-120.87541,37.36153],[-120.87546,37.36151],[-120.87549,37.36148],[-120.87549,37.36148],[-120.87555,37.36143],[-120.8756,37.3614],[-120.87579,37.36126],[-120.87585,37.36121],[-120.87589,37.36116],[-120.87589,37.36116],[-120.8759,37.36113],[-120.8759,37.36111],[-120.8759,37.3611],[-120.87591,37.36108],[-120.87592,37.36107],[-120.87595,37.36103],[-120.87597,37.36102],[-120.87598,37.36101],[-120.87608,37.36092],[-120.87612,37.36088],[-120.87618,37.36086],[-120.87624,37.36083],[-120.87654,37.36071],[-120.8766,37.36069],[-120.87666,37.36066],[-120.87707,37.3605],[-120.87733,37.3605],[-120.87744,37.36051],[-120.87783,37.36058],[-120.87821,37.36086],[-120.87832,37.36101],[-120.87845,37.36119],[-120.87846,37.36121],[-120.87848,37.36123],[-120.87886,37.36192],[-120.87912,37.36221],[-120.87918,37.36228],[-120.87918,37.36228],[-120.87934,37.36246],[-120.87948,37.36257],[-120.87961,37.36267],[-120.87978,37.36272],[-120.88003,37.36279],[-120.88036,37.36287],[-120.8809,37.36288],[-120.88109,37.36286],[-120.88123,37.36285],[-120.88131,37.36284],[-120.8815,37.36279],[-120.88162,37.36276],[-120.88201,37.36266],[-120.88221,37.36258],[-120.88243,37.36248],[-120.88282,37.36235],[-120.88318,37.36226],[-120.88373,37.36218],[-120.88409,37.36218],[-120.88439,37.36217],[-120.88459,37.36215],[-120.88471,37.36214],[-120.88495,37.36212],[-120.88532,37.36209],[-120.88547,37.36208],[-120.88596,37.36202],[-120.88644,37.36194],[-120.88647,37.36193],[-120.88673,37.36184],[-120.887,37.36176],[-120.8871,37.36173],[-120.88724,37.3617],[-120.88757,37.36166],[-120.88778,37.3616],[-120.88811,37.36151],[-120.88814,37.36149],[-120.88816,37.36148],[-120.88845,37.36133],[-120.88858,37.36124],[-120.88871,37.36114],[-120.88879,37.36108],[-120.88906,37.36079],[-120.88911,37.36072],[-120.88915,37.36066],[-120.88921,37.36056],[-120.88928,37.36033],[-120.88934,37.36023],[-120.88939,37.36014],[-120.88955,37.36001],[-120.88955,37.36],[-120.88957,37.35997],[-120.88973,37.35964],[-120.88979,37.35953],[-120.88985,37.35936],[-120.88988,37.3593],[-120.88997,37.359],[-120.89012,37.35881],[-120.89037,37.35856],[-120.89042,37.35852],[-120.89064,37.35833],[-120.89088,37.35824],[-120.89101,37.35819],[-120.89103,37.35818],[-120.89115,37.35816],[-120.89158,37.35808],[-120.89201,37.35809],[-120.89242,37.35807],[-120.89279,37.3581],[-120.89311,37.35822],[-120.89318,37.35823],[-120.89325,37.35825],[-120.89365,37.35817],[-120.89388,37.35807],[-120.8939,37.35806],[-120.894,37.35797],[-120.89409,37.3579],[-120.89434,37.35763],[-120.8945,37.35742],[-120.89453,37.35738],[-120.89471,37.35713],[-120.89488,37.35675],[-120.89508,37.35634],[-120.89542,37.35606],[-120.89593,37.35587],[-120.89633,37.35581],[-120.8964,37.35583],[-120.89669,37.3559],[-120.897,37.35598],[-120.89706,37.356],[-120.89711,37.35603],[-120.89726,37.35614],[-120.89732,37.35639],[-120.8973,37.35668],[-120.89729,37.35676],[-120.89738,37.35716],[-120.89756,37.35746],[-120.89757,37.35747],[-120.89758,37.35749],[-120.89766,37.35765],[-120.89772,37.35777],[-120.89773,37.35778],[-120.89788,37.3579],[-120.89818,37.35795],[-120.89818,37.35795],[-120.89849,37.358],[-120.89964,37.35777],[-120.90053,37.35759],[-120.90068,37.35753],[-120.90075,37.3575],[-120.90081,37.35747],[-120.90141,37.35716],[-120.90173,37.35689],[-120.90174,37.35688],[-120.90184,37.35683],[-120.90233,37.35658],[-120.90258,37.35656],[-120.90276,37.35656],[-120.9028,37.35662],[-120.90285,37.35669],[-120.90284,37.35695],[-120.90256,37.35745],[-120.90256,37.35745],[-120.90256,37.35745],[-120.9025,37.35755],[-120.90233,37.35785],[-120.90211,37.35825],[-120.90197,37.35881],[-120.90191,37.35906],[-120.90185,37.36012],[-120.90185,37.36013],[-120.90185,37.36013],[-120.90192,37.36052],[-120.90194,37.3606],[-120.90195,37.36068],[-120.90203,37.36084],[-120.9021,37.36098],[-120.90235,37.36127],[-120.90235,37.36127],[-120.90246,37.36135],[-120.90277,37.36158],[-120.90281,37.3616],[-120.90307,37.36171],[-120.90311,37.36173],[-120.9034,37.36173],[-120.90356,37.36174],[-120.90356,37.36174],[-120.90381,37.36177],[-120.90423,37.36177],[-120.90447,37.36181],[-120.90462,37.36183],[-120.90487,37.36196],[-120.90501,37.36204],[-120.90513,37.36218],[-120.90522,37.36228],[-120.90522,37.36228],[-120.90532,37.36239],[-120.90581,37.36279],[-120.90648,37.36333],[-120.90675,37.36348],[-120.90698,37.36361],[-120.90733,37.36372],[-120.9075,37.36373],[-120.9075,37.36373],[-120.90774,37.36373],[-120.90829,37.36367],[-120.90894,37.36339],[-120.90895,37.36338],[-120.90911,37.36324],[-120.90985,37.36252],[-120.91115,37.36128],[-120.91118,37.36125],[-120.91188,37.36044],[-120.91197,37.36034],[-120.91256,37.35962],[-120.913,37.35885],[-120.91302,37.35882],[-120.91308,37.35872],[-120.91309,37.35866],[-120.91311,37.35859],[-120.91314,37.35846],[-120.91316,37.35834],[-120.91329,37.35775],[-120.91336,37.35764],[-120.91336,37.35764],[-120.91349,37.35744],[-120.91364,37.35727],[-120.91379,37.35708],[-120.9142,37.35696],[-120.91523,37.35666],[-120.91544,37.35664],[-120.91605,37.35657],[-120.91626,37.35659],[-120.91654,37.35662],[-120.91775,37.35663],[-120.9178,37.35663],[-120.91785,37.35663],[-120.91881,37.35657],[-120.91932,37.35649],[-120.91964,37.35643],[-120.92017,37.35626],[-120.92081,37.35595],[-120.92148,37.35571],[-120.9215,37.3557],[-120.92211,37.35566],[-120.92256,37.35583],[-120.92298,37.3562],[-120.92313,37.35651],[-120.92319,37.35663],[-120.92324,37.35671],[-120.92342,37.357],[-120.92347,37.35707],[-120.92352,37.35713],[-120.92352,37.35713],[-120.92382,37.35741],[-120.92404,37.35757],[-120.92421,37.3577],[-120.9245,37.35861],[-120.92465,37.35911],[-120.92475,37.35945],[-120.92476,37.35979],[-120.92476,37.35979],[-120.92478,37.36019],[-120.92466,37.36093],[-120.92456,37.36113],[-120.9244,37.36145],[-120.92433,37.36155],[-120.92429,37.36159],[-120.92425,37.36165],[-120.92405,37.36191],[-120.92377,37.36212],[-120.9236,37.36224],[-120.92358,37.36226],[-120.92352,37.3623],[-120.92318,37.36255],[-120.92291,37.36294],[-120.92268,37.36352],[-120.92251,37.36395],[-120.92246,37.36446],[-120.9225,37.36498],[-120.92253,37.36512],[-120.92254,37.36516],[-120.9226,37.36541],[-120.92272,37.3656],[-120.92281,37.36573],[-120.92285,37.36578],[-120.92308,37.36605],[-120.92323,37.36623],[-120.92334,37.36637],[-120.92341,37.36645],[-120.92347,37.36652],[-120.92382,37.36691],[-120.9241,37.36727],[-120.92413,37.3673],[-120.92409,37.36756],[-120.92409,37.3676],[-120.92403,37.36774],[-120.92393,37.36799],[-120.92392,37.36801],[-120.92385,37.36838],[-120.9238,37.36858],[-120.9238,37.36863],[-120.9238,37.36868],[-120.9238,37.36893],[-120.9238,37.36901],[-120.92386,37.36917],[-120.9239,37.36931],[-120.92391,37.36934],[-120.92398,37.36944],[-120.92401,37.36948],[-120.92401,37.36948],[-120.92405,37.36955],[-120.92411,37.3696],[-120.92413,37.36962],[-120.9243,37.3698],[-120.9244,37.36988],[-120.92441,37.36988],[-120.92441,37.36988],[-120.9245,37.36995],[-120.92471,37.37012],[-120.92479,37.37016],[-120.92492,37.37023],[-120.92507,37.37031],[-120.9252,37.37038],[-120.92528,37.3704],[-120.92529,37.3704],[-120.92539,37.37043],[-120.9255,37.37046],[-120.92551,37.37046],[-120.92573,37.37052],[-120.9261,37.37064],[-120.92639,37.3707],[-120.92644,37.37071],[-120.92657,37.37074],[-120.92674,37.37078],[-120.92674,37.37078],[-120.92679,37.37079],[-120.92681,37.37079],[-120.92694,37.3708],[-120.92703,37.37081],[-120.92709,37.37082],[-120.92709,37.37082],[-120.92716,37.37083],[-120.92744,37.37086],[-120.9275,37.37086],[-120.92754,37.37087],[-120.92835,37.37101],[-120.92866,37.37106],[-120.9287,37.37106],[-120.92933,37.3711],[-120.92972,37.37103],[-120.92986,37.371],[-120.92986,37.371],[-120.92989,37.37099],[-120.92994,37.37096],[-120.93018,37.37083],[-120.93029,37.37077],[-120.93033,37.37074],[-120.93053,37.37062],[-120.93057,37.37059],[-120.9308,37.37041],[-120.93088,37.37034],[-120.93101,37.37023],[-120.93152,37.3698],[-120.93187,37.36944],[-120.93239,37.36891],[-120.93251,37.36823],[-120.93256,37.36812],[-120.93268,37.36786],[-120.93282,37.36754],[-120.93284,37.3675],[-120.93285,37.36748],[-120.93292,37.36731],[-120.93295,37.36723],[-120.93307,37.36692],[-120.93318,37.36681],[-120.9333,37.36668],[-120.93373,37.36659],[-120.9338,37.36657],[-120.93388,37.36656],[-120.9339,37.36656],[-120.93439,37.3665],[-120.93443,37.36651],[-120.93447,37.36652],[-120.93575,37.36676],[-120.93583,37.36679],[-120.93595,37.36684],[-120.93626,37.36697],[-120.9367,37.36715],[-120.93698,37.36732],[-120.93728,37.3675],[-120.9373,37.36751],[-120.93741,37.36758],[-120.93742,37.36759],[-120.93765,37.36772],[-120.93801,37.36795],[-120.93809,37.36801],[-120.93809,37.36801],[-120.93819,37.36809],[-120.93823,37.36811],[-120.93827,37.36814],[-120.93831,37.36816],[-120.9384,37.36821],[-120.93872,37.36852],[-120.93897,37.36883],[-120.93897,37.36883],[-120.939,37.36885],[-120.93904,37.36887],[-120.93905,37.36888],[-120.93916,37.36893],[-120.9392,37.36896],[-120.93924,37.36898],[-120.9393,37.36901],[-120.9394,37.36907],[-120.93954,37.36907],[-120.93954,37.36907],[-120.93974,37.36907],[-120.94023,37.36896],[-120.94024,37.36896],[-120.94056,37.36877],[-120.94065,37.36871],[-120.94066,37.36871],[-120.94074,37.36866],[-120.94078,37.36862],[-120.94084,37.36856],[-120.94109,37.36828],[-120.94115,37.36821],[-120.9412,37.36816],[-120.94123,37.36812],[-120.94126,37.36809],[-120.9414,37.36793],[-120.94153,37.36775],[-120.94156,37.36771],[-120.9416,37.36766],[-120.94166,37.36756],[-120.94184,37.36732],[-120.94197,37.36714],[-120.94198,37.36709],[-120.94201,37.3669],[-120.94202,37.36685],[-120.94203,37.36679],[-120.94204,37.36673],[-120.94206,37.36664],[-120.94209,37.36655],[-120.9421,37.36655],[-120.9421,37.36655],[-120.94213,37.36646],[-120.94214,37.36639],[-120.94215,37.36633],[-120.94217,37.36617],[-120.94217,37.36617],[-120.94218,37.36609],[-120.94217,37.36604],[-120.94215,37.36599],[-120.94207,37.36581],[-120.94207,37.36581],[-120.94206,37.36579],[-120.94194,37.36536],[-120.94194,37.36536],[-120.9418,37.36518],[-120.94166,37.36497],[-120.94156,37.36473],[-120.94151,37.36459],[-120.94146,37.36444],[-120.94133,37.36411],[-120.94133,37.36404],[-120.94129,37.3637],[-120.94126,37.36344],[-120.94125,37.36333],[-120.94121,37.36306],[-120.94141,37.36247],[-120.94167,37.36226],[-120.94179,37.36224],[-120.94192,37.36222],[-120.94206,37.36221],[-120.94252,37.36218],[-120.94278,37.36218],[-120.94293,37.36218],[-120.94298,37.36218],[-120.94302,37.36218],[-120.94329,37.36208],[-120.94385,37.36186],[-120.94442,37.36172],[-120.94445,37.36172],[-120.94485,37.36167],[-120.9449,37.36166],[-120.94505,37.36162],[-120.94524,37.36149],[-120.94537,37.3614],[-120.94556,37.36129],[-120.94573,37.36106],[-120.94588,37.36073],[-120.94603,37.36048],[-120.94609,37.3603],[-120.94614,37.36013],[-120.94626,37.35989],[-120.94629,37.35982],[-120.94656,37.35948],[-120.94688,37.35932],[-120.94719,37.35924],[-120.94737,37.35919],[-120.94758,37.35918],[-120.94787,37.35917],[-120.94823,37.35924],[-120.94828,37.35925],[-120.94834,37.3593],[-120.94863,37.35951],[-120.94884,37.35971],[-120.94884,37.35971],[-120.94884,37.35971],[-120.94893,37.3598],[-120.94921,37.36004],[-120.94936,37.36012],[-120.94936,37.36012],[-120.94962,37.36027],[-120.95013,37.36043],[-120.95042,37.36059],[-120.95048,37.36063],[-120.95077,37.36075],[-120.95109,37.36082],[-120.9511,37.36081],[-120.95132,37.36072],[-120.95168,37.3605],[-120.95173,37.36045],[-120.95195,37.36025],[-120.95198,37.36021],[-120.95202,37.36016],[-120.95208,37.36008],[-120.9521,37.36005],[-120.95225,37.35983],[-120.95234,37.35972],[-120.95268,37.35932],[-120.95278,37.3592],[-120.95291,37.35905],[-120.95296,37.35897],[-120.95299,37.35893],[-120.95302,37.3589],[-120.95313,37.35877],[-120.95315,37.35875],[-120.95317,37.35872],[-120.95346,37.35848],[-120.95355,37.35843],[-120.95386,37.35826],[-120.95422,37.35812],[-120.95432,37.35809],[-120.95436,37.35808],[-120.95469,37.35797],[-120.95488,37.35794],[-120.95489,37.35794],[-120.9549,37.35794],[-120.95507,37.35791],[-120.95534,37.35772],[-120.95542,37.35766],[-120.95543,37.35765],[-120.95546,37.35763],[-120.9557,37.35759],[-120.95581,37.35758],[-120.95592,37.35758],[-120.95613,37.35757],[-120.95643,37.35757],[-120.9565,37.35757],[-120.95654,37.35758],[-120.9568,37.35759],[-120.95711,37.35758],[-120.95711,37.35758],[-120.95714,37.35759],[-120.95736,37.35765],[-120.9575,37.35771],[-120.95762,37.35776],[-120.95785,37.35797],[-120.95795,37.358],[-120.95812,37.35804],[-120.95847,37.3581],[-120.95862,37.35812],[-120.95862,37.35813],[-120.95863,37.35813],[-120.9589,37.35815],[-120.95901,37.35816],[-120.95923,37.35809],[-120.95926,37.35807],[-120.95936,37.35798],[-120.95939,37.35795],[-120.95939,37.35779],[-120.95935,37.35749],[-120.95935,37.35749],[-120.95934,37.35744],[-120.95933,37.3574],[-120.95925,37.35704],[-120.95925,37.35704],[-120.95906,37.35684],[-120.95895,37.35669],[-120.95885,37.35657],[-120.95884,37.35654],[-120.95883,37.35652],[-120.95876,37.3564],[-120.95878,37.35619],[-120.95889,37.35595],[-120.95892,37.3559],[-120.959,37.35577],[-120.95908,37.35567],[-120.95929,37.35548],[-120.95934,37.35544],[-120.95948,37.35539],[-120.9595,37.35538],[-120.95969,37.35534],[-120.95979,37.35533],[-120.95988,37.35533],[-120.96004,37.35536],[-120.96041,37.35537],[-120.96042,37.35537],[-120.96044,37.35537],[-120.96065,37.35522],[-120.96065,37.35487],[-120.96061,37.35475],[-120.96059,37.35472],[-120.96059,37.35472],[-120.96053,37.35456],[-120.96034,37.3543],[-120.96031,37.35424],[-120.96025,37.35415],[-120.96022,37.3541],[-120.96016,37.35399],[-120.9601,37.35389],[-120.96008,37.35387],[-120.96005,37.35384],[-120.95992,37.35375],[-120.95976,37.35354],[-120.95966,37.35343],[-120.95952,37.35324],[-120.9592,37.35294],[-120.95889,37.35252],[-120.95887,37.3525],[-120.95877,37.35244],[-120.95866,37.35243],[-120.95862,37.35242],[-120.95855,37.35237],[-120.95847,37.3523],[-120.95841,37.35223],[-120.95838,37.35219],[-120.95837,37.35219],[-120.95836,37.35217],[-120.95831,37.3521],[-120.9581,37.35189],[-120.95778,37.35179],[-120.95749,37.35172],[-120.95708,37.35156],[-120.95692,37.35151],[-120.95678,37.35146],[-120.95661,37.35137],[-120.95649,37.35129],[-120.95638,37.35121],[-120.95627,37.35111],[-120.95627,37.35111],[-120.95626,37.35111],[-120.9562,37.35102],[-120.95619,37.35101],[-120.95613,37.35078],[-120.95604,37.35062],[-120.95604,37.35049],[-120.95605,37.35038],[-120.95608,37.35027],[-120.95613,37.35008],[-120.95624,37.34989],[-120.95636,37.34969],[-120.95636,37.34969],[-120.95636,37.34968],[-120.95642,37.3496],[-120.95652,37.34945],[-120.9566,37.34937],[-120.95666,37.34929],[-120.95676,37.34919],[-120.95677,37.34918],[-120.95678,37.34917],[-120.95694,37.34908],[-120.95703,37.34903],[-120.95738,37.34899],[-120.9576,37.34903],[-120.95777,37.34911],[-120.95789,37.34917],[-120.958,37.34923],[-120.95816,37.34931],[-120.9583,37.34941],[-120.95841,37.34949],[-120.95844,37.34965],[-120.95845,37.34969],[-120.95862,37.35013],[-120.95888,37.35038],[-120.95925,37.35064],[-120.95939,37.35062],[-120.95945,37.35062],[-120.95946,37.35062],[-120.95968,37.35077],[-120.95968,37.35077],[-120.96003,37.35106],[-120.96003,37.35106],[-120.96006,37.35111],[-120.9601,37.3512],[-120.96032,37.35128],[-120.96032,37.35128],[-120.96056,37.35137],[-120.96108,37.35143],[-120.96135,37.35123],[-120.96136,37.35122],[-120.9616,37.35104],[-120.96167,37.351],[-120.96191,37.35087],[-120.96218,37.35066],[-120.96225,37.35059],[-120.96244,37.35042],[-120.9625,37.35037],[-120.96259,37.35028],[-120.96267,37.35021],[-120.9627,37.35018],[-120.96272,37.35017],[-120.96273,37.35016],[-120.96277,37.35011],[-120.96282,37.35004],[-120.96282,37.35004],[-120.96282,37.35004],[-120.96286,37.34998],[-120.96288,37.34994],[-120.9629,37.34989],[-120.96291,37.34985],[-120.96294,37.34983],[-120.96295,37.34981],[-120.963,37.34977],[-120.96305,37.34973],[-120.96308,37.3497],[-120.9631,37.34968],[-120.96312,37.34965],[-120.96313,37.34963],[-120.96315,37.34959],[-120.96317,37.34948],[-120.96319,37.34935],[-120.96319,37.34935],[-120.96319,37.34935],[-120.96319,37.34934],[-120.96321,37.34924],[-120.96322,37.34911],[-120.96322,37.34907],[-120.96322,37.34895],[-120.96321,37.34886],[-120.96321,37.34879],[-120.96322,37.34863],[-120.96322,37.34851],[-120.96322,37.34846],[-120.96323,37.34834],[-120.96322,37.34827],[-120.96322,37.34825],[-120.9632,37.3482],[-120.96315,37.3481],[-120.9631,37.34802],[-120.96308,37.34799],[-120.963,37.34784],[-120.96296,37.34776],[-120.96293,37.3477],[-120.96288,37.34749],[-120.96285,37.34727],[-120.96284,37.34709],[-120.96283,37.34687],[-120.96282,37.34667],[-120.96281,37.34661],[-120.96281,37.34647],[-120.96282,37.34637],[-120.96283,37.34632],[-120.96283,37.34628],[-120.96284,37.34622],[-120.96284,37.34621],[-120.96286,37.34606],[-120.96289,37.34595],[-120.96292,37.34587],[-120.96294,37.34582],[-120.96296,37.34577],[-120.96297,37.34574],[-120.963,37.34569],[-120.96303,37.34564],[-120.96307,37.3456],[-120.96308,37.34559],[-120.96313,37.34556],[-120.96321,37.34552],[-120.96328,37.34549],[-120.96339,37.34546],[-120.96347,37.34544],[-120.96358,37.34541],[-120.96363,37.3454],[-120.96367,37.34539],[-120.96372,37.34535],[-120.96373,37.34534],[-120.96376,37.34531],[-120.9638,37.34527],[-120.96383,37.34524],[-120.96384,37.34524],[-120.96384,37.34524],[-120.96388,37.34523],[-120.96392,37.34523],[-120.96396,37.34524],[-120.96398,37.34525],[-120.96404,37.34527],[-120.96409,37.34529],[-120.96417,37.34532],[-120.96422,37.34534],[-120.96427,37.34537],[-120.96434,37.3454],[-120.96446,37.34529],[-120.9645,37.34525],[-120.96467,37.34533],[-120.96486,37.34541],[-120.96498,37.34546],[-120.96517,37.34553],[-120.96525,37.34559],[-120.96538,37.3457],[-120.96554,37.34588],[-120.96558,37.34592],[-120.9656,37.34596],[-120.9656,37.34596],[-120.96571,37.34615],[-120.96577,37.34618],[-120.96579,37.34619],[-120.96592,37.34621],[-120.96592,37.34621],[-120.96596,37.34622],[-120.9661,37.34626],[-120.96616,37.34626],[-120.96631,37.34625],[-120.96641,37.34621],[-120.96647,37.34618],[-120.96649,37.34614],[-120.96653,37.34607],[-120.96657,37.34595],[-120.96661,37.34583],[-120.96683,37.3456],[-120.96691,37.34556],[-120.96714,37.34545],[-120.9673,37.34539],[-120.9675,37.34531],[-120.96782,37.34526],[-120.96789,37.34525],[-120.96849,37.34519],[-120.9686,37.34517],[-120.9692,37.34512],[-120.96944,37.34513],[-120.96964,37.34518],[-120.9699,37.34528],[-120.96997,37.34533],[-120.97005,37.34539],[-120.97036,37.3456],[-120.9705,37.34575],[-120.97058,37.34589],[-120.97057,37.34592],[-120.97054,37.34597],[-120.97046,37.34601],[-120.97042,37.34604],[-120.97037,37.34615],[-120.97041,37.34636],[-120.97064,37.34664],[-120.97163,37.34749],[-120.97171,37.34753],[-120.9719,37.34764],[-120.97206,37.34776],[-120.97232,37.34795],[-120.97261,37.34824],[-120.97268,37.34835],[-120.97268,37.34835],[-120.97273,37.34843],[-120.9728,37.34864],[-120.97274,37.34877],[-120.97273,37.34888],[-120.97273,37.3489],[-120.97275,37.34897],[-120.97286,37.34904],[-120.97288,37.34905],[-120.97309,37.34911],[-120.97311,37.34911],[-120.97311,37.34911],[-120.97321,37.3491],[-120.97322,37.34909],[-120.97333,37.34903],[-120.97349,37.34902],[-120.97354,37.34902],[-120.97381,37.34904],[-120.97406,37.34908],[-120.97406,37.34908],[-120.97407,37.34908],[-120.97413,37.34909],[-120.97491,37.34916],[-120.97555,37.34937],[-120.97563,37.3494],[-120.97563,37.3494],[-120.97597,37.34947],[-120.97617,37.34962],[-120.97623,37.3497],[-120.97627,37.34974],[-120.97637,37.34994],[-120.97645,37.35011],[-120.97657,37.35061],[-120.97662,37.35095],[-120.97671,37.3515],[-120.97677,37.35184],[-120.97677,37.35184],[-120.97679,37.35197],[-120.97682,37.35217],[-120.97689,37.35261],[-120.97714,37.3542],[-120.97708,37.35465],[-120.97701,37.3551],[-120.97702,37.35527],[-120.97703,37.35539],[-120.97712,37.35565],[-120.97724,37.35594],[-120.97754,37.3564],[-120.97799,37.3568],[-120.97819,37.35712],[-120.97823,37.35718],[-120.97836,37.35747],[-120.97841,37.35757],[-120.97846,37.35778],[-120.97853,37.3581],[-120.97856,37.35823],[-120.97857,37.35828],[-120.97858,37.3583],[-120.97858,37.36097],[-120.97863,37.3611],[-120.97876,37.36148],[-120.97921,37.36275],[-120.98129,37.36496],[-120.98159,37.36528],[-120.98186,37.36573],[-120.98189,37.36583],[-120.98189,37.36583],[-120.9819,37.36589],[-120.98193,37.36601],[-120.98192,37.36615],[-120.98192,37.36615],[-120.98146,37.3664],[-120.98132,37.36648],[-120.98129,37.36649],[-120.98119,37.36655],[-120.98056,37.36689],[-120.97994,37.36711],[-120.97993,37.36712],[-120.97984,37.36715],[-120.9792,37.36728],[-120.97896,37.36733],[-120.97812,37.36751],[-120.97791,37.36754],[-120.97786,37.36755],[-120.97763,37.36757],[-120.97736,37.36755],[-120.97719,37.3675],[-120.97714,37.36748],[-120.97691,37.36738],[-120.97684,37.36736],[-120.97678,37.36734],[-120.9765,37.36725],[-120.97644,37.36723],[-120.97641,37.36722],[-120.97641,37.36722],[-120.97635,37.36721],[-120.97634,37.36721],[-120.97625,37.3672],[-120.97548,37.36736],[-120.97384,37.36845],[-120.97384,37.36845],[-120.97359,37.36884],[-120.97352,37.369],[-120.97346,37.36914],[-120.9734,37.3693],[-120.97337,37.36939],[-120.97337,37.36953],[-120.97344,37.36967],[-120.97354,37.36989],[-120.97382,37.3702],[-120.9741,37.37036],[-120.97427,37.37045],[-120.97476,37.37047],[-120.97497,37.37042],[-120.9753,37.37034],[-120.97556,37.37029],[-120.97593,37.37022],[-120.97679,37.36999],[-120.97689,37.37],[-120.97712,37.37004],[-120.97762,37.37011],[-120.97795,37.37022],[-120.97795,37.37022],[-120.97808,37.37027],[-120.97838,37.37049],[-120.9785,37.3708],[-120.97856,37.37094],[-120.97861,37.37123],[-120.97867,37.37156],[-120.97868,37.37166],[-120.9787,37.37207],[-120.97841,37.37309],[-120.97824,37.37344],[-120.97811,37.3737],[-120.97797,37.37399],[-120.97781,37.3743],[-120.97755,37.37476],[-120.97744,37.37497],[-120.97735,37.37506],[-120.97695,37.37545],[-120.97684,37.37551],[-120.97667,37.3756],[-120.97645,37.3757],[-120.9763,37.37578],[-120.97593,37.37586],[-120.97551,37.37591],[-120.97523,37.3759],[-120.97518,37.37589],[-120.97481,37.37579],[-120.97418,37.37561],[-120.97362,37.37554],[-120.97358,37.37554],[-120.97347,37.37569],[-120.97344,37.37597],[-120.97353,37.37633],[-120.97354,37.37635],[-120.97363,37.37652],[-120.97368,37.37657],[-120.97373,37.37661],[-120.97382,37.3767],[-120.97445,37.37697],[-120.97552,37.37738],[-120.97612,37.37745],[-120.97623,37.37748],[-120.97648,37.37754],[-120.97748,37.37751],[-120.97775,37.3775],[-120.97832,37.37743],[-120.97849,37.3774],[-120.97927,37.37717],[-120.97979,37.37701],[-120.98023,37.37688],[-120.98069,37.37674],[-120.98077,37.37672],[-120.98091,37.37668],[-120.98099,37.37666],[-120.98111,37.37662],[-120.98127,37.37638],[-120.98135,37.37625],[-120.98148,37.37603],[-120.98174,37.37565],[-120.98196,37.37534],[-120.98212,37.37521],[-120.98235,37.37512],[-120.98246,37.37508],[-120.98285,37.37508],[-120.98296,37.37508],[-120.98358,37.37517],[-120.98394,37.37532],[-120.98455,37.37575],[-120.98511,37.37633],[-120.98519,37.37642],[-120.98528,37.37662],[-120.98544,37.37697],[-120.98552,37.37738],[-120.98556,37.37765],[-120.98561,37.37796],[-120.98559,37.37802],[-120.98553,37.37827],[-120.98506,37.37945],[-120.98497,37.38],[-120.98448,37.38099],[-120.98426,37.38135],[-120.98412,37.38157],[-120.98384,37.38204],[-120.9831,37.38359],[-120.98278,37.38427],[-120.98272,37.38439],[-120.98269,37.38443],[-120.98259,37.38457],[-120.98222,37.38499],[-120.98219,37.38512],[-120.98219,37.38512],[-120.98215,37.38526],[-120.98217,37.3855],[-120.98227,37.38582],[-120.98235,37.38594],[-120.98246,37.3861],[-120.98263,37.38624],[-120.98283,37.38637],[-120.98381,37.38658],[-120.98418,37.38666],[-120.98445,37.38671],[-120.98533,37.3868],[-120.98592,37.38682],[-120.98646,37.38679],[-120.98694,37.38673],[-120.9872,37.38671],[-120.98758,37.38661],[-120.98833,37.38641],[-120.98898,37.38623],[-120.99017,37.38607],[-120.99038,37.38604],[-120.99038,37.38604],[-120.99083,37.38592],[-120.99128,37.38574],[-120.9917,37.38558],[-120.99226,37.38519],[-120.9923,37.38515],[-120.99303,37.38453],[-120.99321,37.38432],[-120.9935,37.3843],[-120.9935,37.3843],[-120.99369,37.38444],[-120.99388,37.3848],[-120.99395,37.385],[-120.99412,37.38552],[-120.99432,37.38673],[-120.99446,37.38754],[-120.99443,37.38773],[-120.9944,37.38789],[-120.99437,37.38796],[-120.99424,37.38822],[-120.994,37.38867],[-120.99394,37.38872],[-120.99383,37.38882],[-120.99381,37.38884],[-120.9936,37.38903],[-120.99335,37.38923],[-120.99278,37.38956],[-120.99242,37.38959],[-120.99215,37.38962],[-120.9917,37.38958],[-120.99132,37.38953],[-120.99081,37.38961],[-120.99073,37.38963],[-120.99074,37.38986],[-120.99074,37.38994],[-120.99079,37.39013],[-120.99093,37.39033],[-120.99111,37.39055],[-120.99118,37.3907],[-120.99122,37.39082],[-120.99127,37.39106],[-120.99126,37.39128],[-120.99121,37.39142],[-120.99115,37.39151],[-120.99102,37.39184],[-120.99093,37.39209],[-120.99037,37.39364],[-120.99031,37.39382],[-120.99028,37.39399],[-120.99016,37.39458],[-120.9901,37.3949],[-120.9901,37.3949],[-120.99004,37.39525],[-120.98987,37.3955],[-120.98969,37.39571],[-120.98968,37.39571],[-120.98965,37.39574],[-120.98962,37.39577],[-120.9894,37.39597],[-120.98905,37.39619],[-120.9886,37.39641],[-120.98783,37.39677],[-120.98708,37.39713],[-120.98706,37.39714],[-120.98431,37.39832],[-120.98418,37.3984],[-120.984,37.39857],[-120.984,37.39858],[-120.984,37.39858],[-120.98404,37.3986],[-120.98421,37.39869],[-120.98418,37.39875],[-120.98399,37.39901],[-120.98395,37.39911],[-120.98394,37.39923],[-120.98395,37.39933],[-120.98396,37.39935],[-120.98396,37.39937],[-120.984,37.39943],[-120.98404,37.3995],[-120.98414,37.39954],[-120.98415,37.39954],[-120.9843,37.39957],[-120.98437,37.39958],[-120.98454,37.39964],[-120.98466,37.39969],[-120.98476,37.39974],[-120.98486,37.3998],[-120.98506,37.40001],[-120.98515,37.40014],[-120.98523,37.40026],[-120.98528,37.40035],[-120.98551,37.40075],[-120.98563,37.40111],[-120.9857,37.4013],[-120.98577,37.40146],[-120.98584,37.4016],[-120.98591,37.40182],[-120.98612,37.40214],[-120.9862,37.40227],[-120.98634,37.40244],[-120.98634,37.40244],[-120.9864,37.40252],[-120.98659,37.40263],[-120.98686,37.40279],[-120.98724,37.40296],[-120.98758,37.40309],[-120.98792,37.4032],[-120.9885,37.40329],[-120.98875,37.40326],[-120.98882,37.40326],[-120.98906,37.40323],[-120.98957,37.40318],[-120.98965,37.40315],[-120.98974,37.40312],[-120.98996,37.40303],[-120.99016,37.40293],[-120.99018,37.40293],[-120.9904,37.40289],[-120.99047,37.40288],[-120.99053,37.40287],[-120.99072,37.40283],[-120.99095,37.40273],[-120.991,37.40264],[-120.99107,37.40252],[-120.99112,37.40242],[-120.99129,37.40216],[-120.99277,37.40148],[-120.99332,37.40123],[-120.99337,37.40122],[-120.99352,37.40117],[-120.99361,37.40117],[-120.99369,37.40117],[-120.99375,37.40118],[-120.99377,37.40118],[-120.99377,37.40118],[-120.99381,37.40123],[-120.99385,37.40133],[-120.99389,37.40137],[-120.9939,37.40137],[-120.99397,37.40138],[-120.99408,37.40133],[-120.99408,37.40133],[-120.9941,37.40132],[-120.99425,37.40129],[-120.99462,37.40137],[-120.99484,37.40141],[-120.99506,37.40147],[-120.99506,37.40147],[-120.99516,37.4015],[-120.99519,37.40152],[-120.99551,37.4017],[-120.99599,37.40207],[-120.99618,37.40225],[-120.99618,37.40225],[-120.99639,37.40244],[-120.9964,37.40247],[-120.99641,37.4025],[-120.99646,37.40259],[-120.99652,37.40265],[-120.99656,37.40269],[-120.99662,37.40275],[-120.99673,37.40283],[-120.99674,37.40285],[-120.99677,37.40291],[-120.99677,37.40297],[-120.9968,37.40303],[-120.9969,37.40318],[-120.99689,37.40319],[-120.99689,37.40319],[-120.99692,37.40325],[-120.99697,37.40335],[-120.99699,37.4034],[-120.997,37.40343],[-120.99702,37.40347],[-120.99702,37.40347],[-120.99702,37.40348],[-120.99699,37.40355],[-120.99724,37.40401],[-120.99737,37.40458],[-120.9973,37.40483],[-120.9973,37.40483],[-120.99723,37.40508],[-120.99702,37.40568],[-120.99697,37.40591],[-120.99693,37.40611],[-120.99672,37.40644],[-120.99662,37.4066],[-120.99622,37.40695],[-120.99592,37.40721],[-120.99563,37.40745],[-120.99473,37.40782],[-120.99341,37.40879],[-120.99302,37.40907],[-120.99287,37.40927],[-120.99289,37.40939],[-120.99295,37.40966],[-120.99318,37.4099],[-120.99331,37.41003],[-120.99341,37.41012],[-120.99373,37.41038],[-120.99453,37.4107],[-120.9952,37.41091],[-120.99532,37.41095],[-120.9959,37.41115],[-120.99639,37.41116],[-120.9967,37.41116],[-120.9976,37.41072],[-120.9976,37.41072],[-120.99829,37.41056],[-120.99855,37.41047],[-120.99892,37.41035],[-120.9992,37.41033],[-120.99957,37.41031],[-121.00012,37.41044],[-121.00082,37.4106],[-121.00169,37.41097],[-121.00242,37.41127],[-121.00348,37.41239],[-121.0035,37.41247],[-121.00351,37.41249],[-121.00418,37.41192],[-121.00418,37.41192],[-121.00418,37.41174],[-121.01073,37.40563],[-121.0225,37.39427],[-121.02332,37.39348],[-121.02976,37.38738],[-121.02976,37.38738],[-121.02354,37.38365],[-121.03041,37.37702],[-121.03689,37.37076],[-121.04004,37.36772],[-121.04009,37.36774],[-121.04018,37.36779],[-121.0403,37.36768],[-121.04125,37.36677],[-121.04267,37.36543],[-121.04437,37.36383],[-121.04452,37.36368],[-121.04461,37.3636],[-121.04466,37.36355],[-121.0447,37.3635],[-121.04472,37.36344],[-121.04474,37.36339],[-121.04475,37.36329],[-121.04475,37.36327],[-121.04477,37.36297],[-121.04478,37.36278],[-121.04479,37.36247],[-121.04479,37.36105],[-121.04459,37.3604],[-121.04457,37.36034],[-121.04498,37.36085],[-121.04536,37.36132],[-121.04542,37.36139],[-121.04605,37.36218],[-121.04672,37.363],[-121.05051,37.36767],[-121.05071,37.36792],[-121.05132,37.36867],[-121.05224,37.36981],[-121.05277,37.37046],[-121.05277,37.37046],[-121.05318,37.37095],[-121.05822,37.37717],[-121.05837,37.37735],[-121.05874,37.37781],[-121.06008,37.37946],[-121.06008,37.37946],[-121.06091,37.38048],[-121.06174,37.3815],[-121.06246,37.38238],[-121.06329,37.38341],[-121.06449,37.3849],[-121.06523,37.38582],[-121.06617,37.38696],[-121.06629,37.3871],[-121.0667,37.38761],[-121.06676,37.38769],[-121.06683,37.38777],[-121.06697,37.38794],[-121.067,37.38798],[-121.06715,37.38816],[-121.06718,37.3882],[-121.06745,37.38855],[-121.06746,37.38855],[-121.06848,37.38981],[-121.06863,37.38999],[-121.06877,37.39015],[-121.06882,37.39021],[-121.06886,37.39025],[-121.06896,37.39035],[-121.06905,37.39044],[-121.06922,37.39059],[-121.06954,37.39085],[-121.06969,37.39099],[-121.06972,37.39102],[-121.06981,37.39111],[-121.06996,37.39123],[-121.07006,37.39131],[-121.0705,37.39132],[-121.07058,37.39132],[-121.07058,37.39132],[-121.07085,37.39132],[-121.07182,37.39133],[-121.07252,37.39133],[-121.07347,37.39133],[-121.07456,37.39134],[-121.07509,37.39135],[-121.07524,37.39135],[-121.07524,37.39135],[-121.0764,37.39136],[-121.07651,37.39136],[-121.07687,37.39136],[-121.07749,37.39137],[-121.07752,37.39137],[-121.07755,37.39137],[-121.07762,37.39137],[-121.07929,37.39138],[-121.08131,37.39139],[-121.08194,37.3914],[-121.0822,37.3914],[-121.08286,37.3914],[-121.08316,37.3914],[-121.08501,37.39142],[-121.08515,37.39142],[-121.08525,37.39142],[-121.0853,37.39142],[-121.08547,37.39142],[-121.08976,37.39146],[-121.0933,37.39149],[-121.09569,37.39151],[-121.09725,37.39152],[-121.10113,37.39156],[-121.10144,37.39156],[-121.10184,37.39156],[-121.10225,37.39157],[-121.10234,37.39157],[-121.10281,37.39158],[-121.10344,37.39159],[-121.10392,37.39159],[-121.10392,37.39159],[-121.10417,37.39159],[-121.1065,37.39161],[-121.10747,37.39161],[-121.117,37.39165],[-121.12148,37.39168],[-121.12196,37.39168],[-121.12278,37.39168],[-121.12291,37.39169],[-121.123,37.39169],[-121.12309,37.39169],[-121.12318,37.3917],[-121.12333,37.39171],[-121.1234,37.39172],[-121.1235,37.39173],[-121.12357,37.39174],[-121.12362,37.39174],[-121.12373,37.39176],[-121.12374,37.39176],[-121.12381,37.39177],[-121.12396,37.39179],[-121.12416,37.39183],[-121.12429,37.39186],[-121.12445,37.39189],[-121.12462,37.39193],[-121.12462,37.39193],[-121.12478,37.39197],[-121.12495,37.39202],[-121.12497,37.39203],[-121.12499,37.39203],[-121.12508,37.39206],[-121.12516,37.39209],[-121.12518,37.3921],[-121.12531,37.39214],[-121.12547,37.3922],[-121.12561,37.39225],[-121.12562,37.39225],[-121.12563,37.39226],[-121.12575,37.3923],[-121.12584,37.39234],[-121.12584,37.39234],[-121.12591,37.39237],[-121.12596,37.3924],[-121.12604,37.39244],[-121.12618,37.3925],[-121.1262,37.39251],[-121.12627,37.39255],[-121.12651,37.39267],[-121.12667,37.39276],[-121.12682,37.39285],[-121.12692,37.39292],[-121.12703,37.39299],[-121.12718,37.3931],[-121.12725,37.39315],[-121.12743,37.39329],[-121.12744,37.39329],[-121.12744,37.39329],[-121.12745,37.3933],[-121.12762,37.39344],[-121.12788,37.39366],[-121.12793,37.3937],[-121.12811,37.39385],[-121.12823,37.39395],[-121.12829,37.394],[-121.12849,37.39416],[-121.12854,37.39421],[-121.12859,37.39425],[-121.12859,37.39425],[-121.12866,37.3943],[-121.1287,37.39434],[-121.12885,37.39446],[-121.12893,37.39452],[-121.12893,37.39453],[-121.12909,37.39466],[-121.12921,37.39475],[-121.12929,37.3948],[-121.12934,37.39483],[-121.12942,37.39487],[-121.12948,37.3949],[-121.1296,37.39495],[-121.12967,37.39498],[-121.12977,37.39501],[-121.1298,37.39502],[-121.12983,37.39503],[-121.12987,37.39505],[-121.12992,37.39506],[-121.13,37.39508],[-121.13007,37.39509],[-121.1301,37.39509],[-121.13014,37.3951],[-121.13022,37.39511],[-121.13029,37.39512],[-121.13037,37.39513],[-121.13045,37.39513],[-121.13055,37.39514],[-121.13055,37.39514],[-121.13066,37.39514],[-121.13083,37.39514],[-121.13097,37.39514],[-121.13121,37.39514],[-121.13138,37.39515],[-121.13152,37.39515],[-121.1318,37.39516],[-121.13208,37.39516],[-121.13219,37.39517],[-121.13242,37.39518],[-121.13248,37.39519],[-121.13255,37.3952],[-121.13266,37.39522],[-121.13273,37.39523],[-121.13278,37.39524],[-121.13285,37.39526],[-121.1329,37.39527],[-121.133,37.3953],[-121.13317,37.39536],[-121.13329,37.39541],[-121.1333,37.39541],[-121.1333,37.39541],[-121.1333,37.39541],[-121.13341,37.39546],[-121.1335,37.39551],[-121.13362,37.39557],[-121.13363,37.39558],[-121.13363,37.39558],[-121.1337,37.39562],[-121.13374,37.39564],[-121.13378,37.39567],[-121.13392,37.39577],[-121.13395,37.39579],[-121.13395,37.39579],[-121.134,37.39584],[-121.13407,37.39589],[-121.13418,37.39599],[-121.13421,37.39602],[-121.13451,37.39632],[-121.13466,37.39646],[-121.13488,37.39669],[-121.135,37.39681],[-121.13506,37.39687],[-121.13507,37.39688],[-121.13507,37.39688],[-121.13508,37.39689],[-121.13517,37.39697],[-121.13526,37.39704],[-121.13537,37.39712],[-121.13539,37.39713],[-121.13543,37.39716],[-121.13547,37.39718],[-121.1355,37.39719],[-121.1356,37.39724],[-121.13566,37.39728],[-121.13566,37.39728],[-121.13568,37.39729],[-121.13579,37.39733],[-121.1359,37.39738],[-121.13603,37.39742],[-121.13611,37.39744],[-121.13625,37.39748],[-121.13639,37.39751],[-121.13647,37.39752],[-121.13649,37.39752],[-121.13656,37.39753],[-121.1366,37.39753],[-121.13664,37.39754],[-121.13675,37.39754],[-121.13676,37.39754],[-121.13689,37.39754],[-121.13689,37.39754],[-121.13702,37.39754],[-121.13719,37.39752],[-121.13727,37.39751],[-121.1376,37.39748],[-121.13769,37.39746],[-121.13801,37.39742],[-121.13808,37.39741],[-121.13842,37.39737],[-121.13865,37.39733],[-121.13875,37.39732],[-121.13864,37.39717],[-121.13857,37.39708],[-121.1385,37.397],[-121.13839,37.39685],[-121.13839,37.39685],[-121.13837,37.39683],[-121.13822,37.39665],[-121.13816,37.39659],[-121.13811,37.39652],[-121.13808,37.39649],[-121.13801,37.39642],[-121.13797,37.39637],[-121.13792,37.39632],[-121.13784,37.39624],[-121.13776,37.39615],[-121.1377,37.39609],[-121.13758,37.39595],[-121.13752,37.39587],[-121.13746,37.3958],[-121.13727,37.39555],[-121.13692,37.39508],[-121.13675,37.39492],[-121.13669,37.39485],[-121.13656,37.39468],[-121.13654,37.39465],[-121.13641,37.39448],[-121.13082,37.3865],[-121.13061,37.38617],[-121.1304,37.38585],[-121.13021,37.38551],[-121.13002,37.38517],[-121.12984,37.38483],[-121.12976,37.38469],[-121.12962,37.38442],[-121.12948,37.38414],[-121.12938,37.38394],[-121.12915,37.38345],[-121.12904,37.38317],[-121.12895,37.38296],[-121.12883,37.38266],[-121.12876,37.38246],[-121.12868,37.38226],[-121.12858,37.38196],[-121.1285,37.38172],[-121.12842,37.38146],[-121.12834,37.38121],[-121.12824,37.38092],[-121.1282,37.38081],[-121.12817,37.3807],[-121.12816,37.3807],[-121.12799,37.3802],[-121.1274,37.37835],[-121.12679,37.3765],[-121.1267,37.37621],[-121.1262,37.37465],[-121.12605,37.37421],[-121.12596,37.37394],[-121.12586,37.37361],[-121.12582,37.37351],[-121.12568,37.37308],[-121.1259,37.37306],[-121.12503,37.36994],[-121.12681,37.36995],[-121.12713,37.36995],[-121.13457,37.37],[-121.13457,37.37],[-121.1388,37.37003],[-121.13915,37.37003],[-121.13994,37.36953],[-121.14253,37.36787],[-121.14251,37.3685],[-121.14251,37.3685],[-121.14256,37.36841],[-121.1427,37.36813],[-121.14276,37.36803],[-121.14276,37.36803],[-121.14324,37.3671],[-121.1448,37.36652],[-121.14537,37.36612],[-121.14577,37.36606],[-121.14577,37.36606],[-121.14577,37.36606],[-121.14583,37.36605],[-121.1461,37.36587],[-121.14658,37.36554],[-121.14753,37.36502],[-121.14761,37.36498],[-121.14822,37.3641],[-121.1484,37.36384],[-121.14905,37.36322],[-121.1492,37.36308],[-121.15111,37.3628],[-121.15166,37.36268],[-121.15203,37.36261],[-121.15203,37.36261],[-121.15434,37.36127],[-121.15595,37.36126],[-121.15738,37.36186],[-121.15871,37.36134],[-121.15986,37.36146],[-121.15989,37.36174],[-121.1599,37.3619],[-121.16062,37.36173],[-121.16074,37.3617],[-121.1636,37.36154],[-121.16424,37.36128],[-121.16511,37.36093],[-121.16675,37.36041],[-121.16792,37.36005],[-121.17065,37.35973],[-121.17181,37.35959],[-121.17604,37.36009],[-121.17724,37.36086],[-121.17683,37.36185],[-121.17681,37.3619],[-121.17685,37.36207],[-121.17715,37.36354],[-121.17728,37.36355],[-121.18019,37.36395],[-121.18355,37.36436],[-121.18439,37.36503],[-121.18486,37.36539],[-121.18433,37.36649],[-121.18422,37.36671],[-121.18501,37.37041],[-121.18575,37.37057],[-121.18653,37.37074],[-121.19054,37.37098],[-121.19221,37.37105],[-121.19367,37.36914],[-121.19398,37.36854],[-121.1942,37.3681],[-121.1955,37.36844],[-121.1957,37.36989],[-121.19573,37.37017],[-121.19579,37.37034],[-121.19596,37.37086],[-121.19646,37.37144],[-121.19646,37.37144],[-121.19677,37.3718],[-121.19889,37.37205],[-121.20138,37.3723],[-121.20278,37.37125],[-121.20278,37.37069],[-121.20277,37.36987],[-121.20319,37.369],[-121.20319,37.369],[-121.20449,37.36882],[-121.20479,37.36858],[-121.20546,37.36804],[-121.20648,37.36743],[-121.20751,37.36681],[-121.20807,37.36633],[-121.20912,37.36542],[-121.21092,37.36443],[-121.21181,37.36394],[-121.21181,37.36366],[-121.21181,37.36359],[-121.21226,37.36272],[-121.21234,37.36258],[-121.21248,37.3621],[-121.21265,37.36151],[-121.21261,37.36109],[-121.21253,37.36039],[-121.21339,37.35961],[-121.21456,37.35875],[-121.21524,37.35825],[-121.21526,37.35509],[-121.20794,37.35516],[-121.20722,37.35517],[-121.20607,37.35518],[-121.20617,37.3507],[-121.20623,37.34793],[-121.21529,37.34789],[-121.21529,37.34789],[-121.21528,37.34677],[-121.21511,37.30467],[-121.21496,37.29492],[-121.21493,37.29325],[-121.21492,37.29229],[-121.21484,37.29143],[-121.21472,37.29022],[-121.21516,37.28976],[-121.21517,37.28974],[-121.21519,37.28973],[-121.21538,37.28949],[-121.21557,37.28927],[-121.21645,37.28867],[-121.21796,37.28794],[-121.21802,37.28791],[-121.21855,37.28766],[-121.21931,37.28747],[-121.21989,37.28732],[-121.22117,37.28711],[-121.22121,37.2871],[-121.2215,37.28705],[-121.22253,37.28724],[-121.22527,37.28701],[-121.22547,37.28698],[-121.2257,37.28696],[-121.22629,37.2869],[-121.22648,37.28688],[-121.22657,37.28689],[-121.22657,37.28689],[-121.22657,37.28689],[-121.22794,37.28702],[-121.22851,37.28711],[-121.22854,37.28712],[-121.22885,37.28725],[-121.22909,37.28736],[-121.22928,37.28741],[-121.23012,37.28764],[-121.23043,37.28767],[-121.23044,37.28767],[-121.23128,37.28773],[-121.23168,37.28765],[-121.23225,37.28754],[-121.23334,37.28726],[-121.23348,37.28723],[-121.23364,37.28719],[-121.23392,37.28708],[-121.23413,37.28699],[-121.23415,37.28695],[-121.23465,37.28597],[-121.23467,37.28592],[-121.23486,37.28534],[-121.23491,37.28518],[-121.23497,37.285],[-121.23508,37.28454],[-121.23515,37.28426],[-121.23531,37.28395],[-121.23557,37.28343],[-121.23593,37.28293],[-121.23642,37.28279],[-121.23691,37.28283],[-121.23746,37.28299],[-121.23771,37.28307],[-121.2384,37.28361],[-121.23869,37.28384],[-121.23869,37.28385],[-121.23968,37.28482],[-121.24066,37.28549],[-121.24207,37.28587],[-121.24262,37.28597],[-121.2433,37.28585],[-121.24354,37.28581],[-121.24402,37.28542],[-121.24403,37.28539],[-121.24409,37.28477],[-121.24423,37.28419],[-121.24428,37.28398],[-121.24473,37.28338],[-121.24482,37.28326],[-121.24484,37.28324],[-121.24565,37.2825],[-121.24614,37.2817],[-121.24614,37.2817],[-121.24689,37.28111],[-121.24761,37.28081],[-121.24761,37.2808],[-121.24782,37.28071],[-121.24826,37.28068],[-121.24827,37.28068],[-121.24925,37.28062],[-121.25068,37.28067],[-121.2508,37.28067],[-121.25118,37.28077],[-121.25216,37.28102],[-121.25228,37.28102],[-121.2524,37.28102],[-121.25471,37.28043],[-121.25491,37.28042],[-121.25498,37.28041],[-121.25514,37.2804],[-121.25514,37.2804],[-121.25601,37.28034],[-121.25601,37.28034],[-121.25693,37.2806],[-121.26531,37.2808],[-121.26532,37.2808],[-121.26532,37.2808],[-121.26548,37.28082],[-121.26598,37.28089],[-121.26646,37.28089],[-121.26679,37.28089],[-121.26759,37.2807],[-121.26859,37.2808],[-121.26951,37.28105],[-121.2705,37.28149],[-121.27081,37.28165],[-121.27105,37.28176],[-121.27131,37.28189],[-121.27193,37.28205],[-121.2723,37.28214],[-121.27314,37.28232],[-121.27373,37.28284],[-121.27385,37.28295],[-121.27394,37.283],[-121.27481,37.28344],[-121.27527,37.28387],[-121.27571,37.28418],[-121.27576,37.28422],[-121.27595,37.28429],[-121.27657,37.28452],[-121.27723,37.28466],[-121.27725,37.28467],[-121.27822,37.28462],[-121.2783,37.28462],[-121.27954,37.28467],[-121.28078,37.28492],[-121.28171,37.28527],[-121.28207,37.28556],[-121.28251,37.28591],[-121.28344,37.28646],[-121.28386,37.28663],[-121.28393,37.28666],[-121.28405,37.28668],[-121.28505,37.2869],[-121.28585,37.28714],[-121.28622,37.28725],[-121.2865,37.28744],[-121.28659,37.2875],[-121.28695,37.28783],[-121.28801,37.28879],[-121.28823,37.28884],[-121.28845,37.28889],[-121.28887,37.28891],[-121.28938,37.28894],[-121.29055,37.28899],[-121.29082,37.28905],[-121.29123,37.28914],[-121.29146,37.28943],[-121.29154,37.28954],[-121.29172,37.29018],[-121.29168,37.29045],[-121.2916,37.29092],[-121.29148,37.29128],[-121.29141,37.29147],[-121.29141,37.29205],[-121.29141,37.29226],[-121.29144,37.29235],[-121.29166,37.29305],[-121.29215,37.29355],[-121.29283,37.29409],[-121.29336,37.29432],[-121.29336,37.29432],[-121.29376,37.29449],[-121.29423,37.2946],[-121.29462,37.29469],[-121.29468,37.29471],[-121.29481,37.29474],[-121.29611,37.29494],[-121.29747,37.29499],[-121.29807,37.29514],[-121.29883,37.29534],[-121.29884,37.29539],[-121.29894,37.29597],[-121.29901,37.29637],[-121.29904,37.29652],[-121.29907,37.29672],[-121.29924,37.29724],[-121.29932,37.29746],[-121.29968,37.29796],[-121.30012,37.29823],[-121.30048,37.29846],[-121.30129,37.29871],[-121.30178,37.2988],[-121.30179,37.2988],[-121.30289,37.29901],[-121.303,37.29903],[-121.30312,37.29906],[-121.3033,37.2991],[-121.30419,37.29931],[-121.30486,37.2996],[-121.305,37.29966],[-121.30524,37.29976],[-121.30642,37.30071],[-121.30655,37.30082],[-121.30663,37.30089],[-121.30729,37.301],[-121.30737,37.30096],[-121.30879,37.3003],[-121.30956,37.29988],[-121.31041,37.29942],[-121.31041,37.29942],[-121.31043,37.2994],[-121.31068,37.29903],[-121.31074,37.29895],[-121.31084,37.29881],[-121.31095,37.29837],[-121.31104,37.29803],[-121.31192,37.29803],[-121.313,37.29871],[-121.31323,37.29975],[-121.31507,37.29999],[-121.31522,37.29992],[-121.31532,37.29986],[-121.31643,37.29928],[-121.31657,37.29921],[-121.31719,37.29891],[-121.31926,37.29789],[-121.32206,37.29649],[-121.32209,37.29651],[-121.32217,37.29657],[-121.32446,37.29631],[-121.32617,37.29611],[-121.32988,37.29469],[-121.3303,37.29447],[-121.33155,37.29383],[-121.33244,37.29298],[-121.33337,37.29209],[-121.33392,37.292],[-121.33564,37.29173],[-121.33731,37.29586],[-121.33938,37.29723],[-121.34047,37.298],[-121.3409,37.29793],[-121.34209,37.29773],[-121.34164,37.29626],[-121.34164,37.29626],[-121.34218,37.29617],[-121.34324,37.29758],[-121.34405,37.29867],[-121.34439,37.30013],[-121.3456,37.30142],[-121.34714,37.3014],[-121.34714,37.3014],[-121.34825,37.30139],[-121.34911,37.30148],[-121.34939,37.30151],[-121.3502,37.30178],[-121.35028,37.30196],[-121.35057,37.30257],[-121.35789,37.30251],[-121.36166,37.30248],[-121.36494,37.30245],[-121.3716,37.30239],[-121.40835,37.30213],[-121.40992,37.30212],[-121.41129,37.30211],[-121.4172,37.30207],[-121.418,37.30201],[-121.41867,37.30197],[-121.41865,37.30201],[-121.41864,37.30206],[-121.41851,37.30236],[-121.41845,37.30252],[-121.41828,37.30287],[-121.41797,37.30323],[-121.41786,37.30329],[-121.41777,37.30334],[-121.41772,37.30337],[-121.41735,37.3035],[-121.41691,37.30362],[-121.41634,37.30377],[-121.41449,37.3052],[-121.41435,37.30532],[-121.41421,37.30564],[-121.41385,37.30647],[-121.41374,37.30658],[-121.4136,37.30672],[-121.4132,37.30691],[-121.41314,37.30694],[-121.41306,37.30699],[-121.41236,37.30739],[-121.4109,37.30798],[-121.40933,37.3092],[-121.40852,37.30983],[-121.40778,37.30981],[-121.4071,37.30978],[-121.40656,37.31006],[-121.40578,37.31047],[-121.40533,37.31093],[-121.40577,37.31177],[-121.40583,37.31217],[-121.4059,37.31271],[-121.40634,37.31275],[-121.40634,37.31275],[-121.40634,37.31275],[-121.40632,37.31267],[-121.40631,37.31263],[-121.40666,37.31272],[-121.40683,37.31288],[-121.40704,37.31306],[-121.40725,37.31401],[-121.40734,37.31439],[-121.40734,37.31439],[-121.40768,37.31575],[-121.40782,37.31726],[-121.40785,37.31755],[-121.40846,37.31981],[-121.40857,37.32024],[-121.40866,37.32057],[-121.40888,37.32138],[-121.40955,37.32218],[-121.4101,37.32283],[-121.41138,37.32437],[-121.4103,37.32475],[-121.41027,37.32476],[-121.40967,37.32496],[-121.4098,37.32533],[-121.41058,37.32743],[-121.40889,37.33001],[-121.40856,37.33053],[-121.40928,37.33142],[-121.40938,37.33153],[-121.40938,37.33153],[-121.40985,37.33211],[-121.41196,37.33469],[-121.41428,37.33754],[-121.41794,37.34203],[-121.41794,37.34203],[-121.42,37.34456],[-121.41998,37.34488],[-121.41995,37.3455],[-121.41986,37.34554],[-121.41986,37.34554],[-121.4192,37.34588],[-121.41906,37.34635],[-121.41918,37.34663],[-121.41938,37.34708],[-121.41982,37.34758],[-121.41977,37.34848],[-121.41977,37.34848],[-121.41971,37.34952],[-121.4197,37.34974],[-121.41967,37.35027],[-121.41875,37.35092],[-121.41861,37.35178],[-121.41874,37.35206],[-121.41901,37.3526],[-121.42009,37.35347],[-121.42042,37.35409],[-121.42037,37.35429],[-121.42028,37.35467],[-121.42022,37.35489],[-121.42022,37.35489],[-121.42021,37.35493],[-121.42022,37.35493],[-121.42021,37.35493],[-121.42022,37.35501],[-121.42023,37.35518],[-121.42066,37.35543],[-121.42135,37.35583],[-121.42284,37.35864],[-121.42236,37.35977],[-121.42194,37.36076],[-121.42187,37.36191],[-121.42182,37.36247],[-121.42169,37.36289],[-121.42132,37.36327],[-121.42084,37.36363],[-121.42036,37.36387],[-121.41961,37.36403],[-121.41884,37.36413],[-121.41852,37.36423],[-121.41848,37.36424],[-121.41848,37.36452],[-121.41846,37.36468],[-121.41843,37.36488],[-121.41839,37.3654],[-121.4183,37.36575],[-121.4182,37.36611],[-121.41788,37.36673],[-121.41752,37.36708],[-121.41739,37.36721],[-121.41683,37.36963],[-121.4153,37.3735],[-121.41542,37.37375],[-121.41553,37.37398],[-121.41551,37.37407],[-121.41548,37.37425],[-121.41538,37.3744],[-121.41531,37.37451],[-121.41525,37.37457],[-121.41525,37.37457],[-121.41516,37.37465],[-121.41486,37.3752],[-121.41496,37.37548],[-121.41501,37.37571],[-121.415,37.37572],[-121.41464,37.37581],[-121.41446,37.37586],[-121.41438,37.37588],[-121.4142,37.37594],[-121.41388,37.37604],[-121.41365,37.37611],[-121.41333,37.37637],[-121.41324,37.37644],[-121.41321,37.37647],[-121.41284,37.37679],[-121.41223,37.37725],[-121.41199,37.37739],[-121.41196,37.37741],[-121.41152,37.37767],[-121.41139,37.37771],[-121.41075,37.37789],[-121.41054,37.37815],[-121.41039,37.37816],[-121.4102,37.37817],[-121.41001,37.37835],[-121.40982,37.37854],[-121.40955,37.3788],[-121.40947,37.37888],[-121.40937,37.37901],[-121.40887,37.37968],[-121.40878,37.37979],[-121.4084,37.38024],[-121.40822,37.38046],[-121.40849,37.38111],[-121.40863,37.38142],[-121.40889,37.38201],[-121.40912,37.38235],[-121.40915,37.38238],[-121.40912,37.38268],[-121.4091,37.38295],[-121.40917,37.38326],[-121.40925,37.38361],[-121.40925,37.38361],[-121.40929,37.38377],[-121.40956,37.38495],[-121.40978,37.3859],[-121.41008,37.38612],[-121.41127,37.38703],[-121.41131,37.38706],[-121.41171,37.38923],[-121.41311,37.38943],[-121.41356,37.38974],[-121.41393,37.38999],[-121.41517,37.38998],[-121.41517,37.38998],[-121.41584,37.38997],[-121.41863,37.39053],[-121.42325,37.39344],[-121.43078,37.39404],[-121.43141,37.39421],[-121.43289,37.3953],[-121.43439,37.39591],[-121.43509,37.39605],[-121.4357,37.39616],[-121.43749,37.39577],[-121.43777,37.39555],[-121.439,37.39457],[-121.44009,37.39457],[-121.44126,37.39357],[-121.44157,37.39337],[-121.44235,37.39293],[-121.44389,37.3936],[-121.44448,37.39364],[-121.44501,37.39347],[-121.44512,37.39344],[-121.44575,37.39327],[-121.44617,37.39306],[-121.44704,37.39262],[-121.44816,37.39339],[-121.44816,37.39339],[-121.44816,37.39339],[-121.44916,37.39408],[-121.44917,37.39409],[-121.44917,37.3941],[-121.44918,37.3941],[-121.44918,37.39411],[-121.44978,37.39475],[-121.44978,37.39475],[-121.45057,37.3956],[-121.45073,37.39577],[-121.45073,37.39577],[-121.45073,37.39577],[-121.4514,37.39584],[-121.45217,37.39592],[-121.45163,37.39905],[-121.4516,37.39925],[-121.45132,37.40089],[-121.45114,37.40191],[-121.45114,37.40191],[-121.45085,37.40364],[-121.44518,37.40364],[-121.44367,37.40364],[-121.44293,37.41788],[-121.44293,37.41788],[-121.42489,37.41804],[-121.42492,37.42067],[-121.42498,37.42531],[-121.39335,37.42517],[-121.39335,37.43249],[-121.37409,37.43274],[-121.35281,37.43301],[-121.34986,37.43704],[-121.34757,37.44017],[-121.33294,37.44144],[-121.31891,37.44267],[-121.31521,37.44753],[-121.31341,37.44991],[-121.30628,37.45002],[-121.30438,37.45006],[-121.30486,37.44941],[-121.30486,37.44941],[-121.29734,37.44943],[-121.29751,37.44969],[-121.29778,37.45012],[-121.28607,37.45012],[-121.28607,37.45012],[-121.28619,37.46706],[-121.28631,37.48549],[-121.28636,37.49189],[-121.28637,37.4931],[-121.28337,37.49311],[-121.21361,37.4933],[-121.19534,37.49335],[-121.19389,37.49379],[-121.19389,37.49379],[-121.1935,37.49425],[-121.1935,37.49425],[-121.19326,37.49453],[-121.1931,37.49474],[-121.19238,37.49569],[-121.19217,37.49585],[-121.19199,37.49599],[-121.19168,37.49611],[-121.19151,37.49618],[-121.19101,37.49623],[-121.19096,37.49621],[-121.19077,37.49613],[-121.19077,37.49633],[-121.19077,37.49633],[-121.19018,37.49612],[-121.18968,37.49594],[-121.18959,37.49593],[-121.18885,37.49588],[-121.18796,37.49604],[-121.18781,37.49607],[-121.1874,37.4961],[-121.18623,37.49617],[-121.18623,37.49862],[-121.18623,37.50065],[-121.18348,37.50066],[-121.18191,37.50067],[-121.18187,37.50142],[-121.18207,37.50166],[-121.18271,37.50244],[-121.18284,37.50248],[-121.18369,37.5027],[-121.18373,37.50271],[-121.18443,37.5031],[-121.18463,37.50314],[-121.18544,37.50331],[-121.18539,37.50403],[-121.18591,37.50407],[-121.18627,37.5041],[-121.18625,37.50608],[-121.18612,37.5197],[-121.18609,37.52333],[-121.18607,37.52596],[-121.18607,37.52602],[-121.18607,37.52612],[-121.18607,37.52612],[-121.18607,37.52612],[-121.18709,37.5261],[-121.18833,37.52605],[-121.18871,37.52673],[-121.18871,37.52674],[-121.18936,37.52787],[-121.19086,37.52806],[-121.19086,37.52806],[-121.1914,37.52812],[-121.19243,37.52782],[-121.19329,37.52756],[-121.19345,37.52767],[-121.19345,37.52767],[-121.19519,37.52891],[-121.1952,37.52939],[-121.1883,37.52934],[-121.1883,37.52934],[-121.1883,37.52934],[-121.18846,37.52949],[-121.18289,37.53333],[-121.18221,37.53381],[-121.18163,37.53397],[-121.18181,37.53411],[-121.18214,37.53438],[-121.17903,37.5368],[-121.17666,37.53865],[-121.1754,37.53817],[-121.17522,37.53807],[-121.17411,37.53744],[-121.17361,37.53717],[-121.17246,37.53656],[-121.17099,37.53617],[-121.16944,37.53606],[-121.16749,37.53622],[-121.16714,37.5362],[-121.16714,37.5362],[-121.16531,37.53608],[-121.16471,37.5357],[-121.16457,37.53561],[-121.16371,37.53521],[-121.16298,37.53565],[-121.16218,37.53613],[-121.16075,37.53591],[-121.16044,37.53611],[-121.15951,37.53672],[-121.15696,37.53668],[-121.15696,37.53668],[-121.15627,37.53667],[-121.15603,37.53648],[-121.1554,37.53601],[-121.1554,37.53601],[-121.1554,37.53601],[-121.15442,37.53678],[-121.15348,37.53752],[-121.15123,37.53556],[-121.15099,37.53535],[-121.15098,37.53534],[-121.15095,37.53532],[-121.15021,37.53472],[-121.14818,37.53307],[-121.14211,37.52847],[-121.14094,37.52958],[-121.14081,37.52976],[-121.14081,37.52976],[-121.14058,37.53005],[-121.13959,37.53021],[-121.1386,37.53053],[-121.13825,37.531],[-121.13803,37.53111],[-121.13781,37.53122],[-121.13748,37.53097],[-121.13748,37.53097],[-121.13707,37.53065],[-121.13659,37.53097],[-121.13632,37.53114],[-121.13542,37.5307],[-121.13514,37.53051],[-121.1345,37.53052],[-121.13387,37.5306],[-121.13305,37.53071],[-121.13244,37.5313],[-121.13244,37.5313],[-121.13228,37.53145],[-121.13216,37.53155],[-121.12442,37.53851],[-121.1236,37.53924],[-121.12288,37.53936],[-121.12103,37.53967],[-121.1193,37.53995],[-121.11872,37.54005],[-121.11786,37.54088],[-121.11714,37.54101],[-121.11654,37.54145],[-121.11572,37.54145],[-121.11572,37.54145],[-121.11527,37.54146],[-121.11527,37.54146],[-121.11519,37.54157],[-121.11499,37.54208],[-121.11509,37.54243],[-121.11535,37.54258],[-121.11669,37.54302],[-121.1185,37.54394],[-121.11944,37.54498],[-121.1208,37.54563],[-121.12228,37.54627],[-121.12305,37.54707],[-121.12278,37.54819],[-121.123,37.54958],[-121.12278,37.55058],[-121.12284,37.55152],[-121.1227,37.55226],[-121.12292,37.55323],[-121.1228,37.55367],[-121.12309,37.55415],[-121.12398,37.55426],[-121.12524,37.55401],[-121.12646,37.55344],[-121.12728,37.5537],[-121.12796,37.55466],[-121.12814,37.55552],[-121.12808,37.55636],[-121.1278,37.55725],[-121.12788,37.55771],[-121.12848,37.55798],[-121.12904,37.55809],[-121.12984,37.55849],[-121.13047,37.55883],[-121.13108,37.55896],[-121.13162,37.55904],[-121.13189,37.55905],[-121.13243,37.55907],[-121.13289,37.55895],[-121.13321,37.55881],[-121.13345,37.55864],[-121.13389,37.55851],[-121.13417,37.55847],[-121.13434,37.55848],[-121.13491,37.55856],[-121.13511,37.55864],[-121.13536,37.55876],[-121.13557,37.55891],[-121.13589,37.55921],[-121.1363,37.55979],[-121.13679,37.56015],[-121.13719,37.56037],[-121.13752,37.56048],[-121.13802,37.56062],[-121.13837,37.56068],[-121.13877,37.56059],[-121.13907,37.56043],[-121.13951,37.56024],[-121.13993,37.55991],[-121.14021,37.55975],[-121.14068,37.55955],[-121.14117,37.55937],[-121.14155,37.55928],[-121.14213,37.5592],[-121.1427,37.55914],[-121.14322,37.55907],[-121.14359,37.55905],[-121.144,37.55909],[-121.14459,37.55919],[-121.14523,37.55935],[-121.14626,37.5597],[-121.14711,37.56018],[-121.14748,37.56051],[-121.1477,37.56056],[-121.1481,37.56039],[-121.14851,37.55998],[-121.14883,37.55953],[-121.14899,37.55924],[-121.14916,37.55875],[-121.14916,37.55839],[-121.14911,37.55808],[-121.14907,37.55769],[-121.14897,37.55743],[-121.14883,37.55726],[-121.1487,37.55712],[-121.14846,37.55695],[-121.14816,37.5567],[-121.14787,37.55649],[-121.14765,37.55632],[-121.14759,37.55621],[-121.14759,37.55599],[-121.14756,37.55545],[-121.1476,37.55521],[-121.14771,37.55494],[-121.14814,37.55477],[-121.14881,37.55468],[-121.14921,37.55476],[-121.14946,37.5549],[-121.14994,37.55514],[-121.15037,37.55544],[-121.15173,37.55622],[-121.15222,37.55664],[-121.15375,37.55792],[-121.15375,37.55792],[-121.15392,37.55826],[-121.15397,37.55844],[-121.15398,37.55847],[-121.15405,37.55869],[-121.15406,37.55884],[-121.15406,37.55884],[-121.15407,37.55917],[-121.1541,37.55959],[-121.1541,37.55971],[-121.15384,37.5604],[-121.15365,37.56062],[-121.15365,37.56062],[-121.15343,37.56087],[-121.15296,37.56121],[-121.15268,37.56143],[-121.15258,37.56164],[-121.15254,37.56173],[-121.15254,37.56178],[-121.15256,37.56187],[-121.15257,37.56196],[-121.15259,37.56203],[-121.1526,37.56209],[-121.15261,37.56213],[-121.15261,37.56214],[-121.15261,37.56219],[-121.15261,37.56225],[-121.15261,37.56226],[-121.15261,37.56227],[-121.15261,37.56232],[-121.1526,37.56238],[-121.1526,37.56241],[-121.1526,37.56245],[-121.15259,37.56247],[-121.15259,37.56248],[-121.15257,37.56253],[-121.15255,37.56262],[-121.15254,37.56266],[-121.15253,37.56271],[-121.15253,37.56273],[-121.15253,37.56275],[-121.15252,37.56278],[-121.15252,37.56279],[-121.15252,37.56282],[-121.15253,37.56284],[-121.15253,37.56286],[-121.15253,37.56291],[-121.15254,37.56293],[-121.15254,37.56296],[-121.15254,37.56299],[-121.15254,37.56303],[-121.15255,37.56314],[-121.15254,37.56338],[-121.15274,37.56402],[-121.15291,37.56441],[-121.15313,37.56492],[-121.15319,37.56514],[-121.15319,37.56514],[-121.15327,37.56543],[-121.15332,37.56586],[-121.15337,37.56631],[-121.1533,37.56663],[-121.15325,37.56686],[-121.15354,37.56719],[-121.1536,37.56759],[-121.15362,37.56773],[-121.15373,37.56801],[-121.15413,37.5683],[-121.15536,37.56887],[-121.15536,37.56887],[-121.15572,37.56937],[-121.15635,37.57061],[-121.15644,37.5708],[-121.15753,37.57299],[-121.15773,37.57341],[-121.1579,37.57377],[-121.15829,37.57416],[-121.15873,37.57453],[-121.15881,37.57459],[-121.15887,37.57466],[-121.1593,37.57511],[-121.1594,37.57561],[-121.15921,37.57623],[-121.15865,37.57704],[-121.15846,37.57722],[-121.15829,37.57738],[-121.15802,37.57769],[-121.15798,37.57773],[-121.15788,37.57825],[-121.15787,37.5783],[-121.15781,37.57898],[-121.1579,37.57955],[-121.15793,37.57972],[-121.15796,37.57984],[-121.15807,37.58025],[-121.15797,37.58065],[-121.15791,37.58087],[-121.15752,37.58135],[-121.15746,37.58142],[-121.15743,37.58146],[-121.15736,37.58162],[-121.15717,37.58208],[-121.15712,37.58232],[-121.1571,37.58244],[-121.15714,37.58249],[-121.1573,37.5827],[-121.15743,37.58274],[-121.15802,37.58291],[-121.15864,37.58299],[-121.15917,37.58305],[-121.16042,37.583],[-121.16141,37.58307],[-121.16206,37.5828],[-121.16214,37.58272],[-121.16253,37.58237],[-121.16282,37.58175],[-121.16284,37.58171],[-121.16309,37.5813],[-121.16325,37.58104],[-121.16412,37.58062],[-121.16447,37.58048],[-121.16468,37.58041],[-121.16485,37.58034],[-121.16492,37.58054],[-121.16518,37.58065],[-121.16613,37.58093],[-121.16703,37.58144],[-121.16744,37.58211],[-121.16765,37.58291],[-121.16757,37.58347],[-121.16709,37.58403],[-121.16707,37.58404],[-121.16697,37.58413],[-121.1667,37.58438],[-121.1667,37.5848],[-121.16675,37.58489],[-121.16716,37.58565],[-121.16795,37.58639],[-121.16849,37.58671],[-121.16932,37.58683],[-121.17025,37.58664],[-121.17093,37.58671],[-121.17154,37.58707],[-121.17184,37.58756],[-121.1719,37.58815],[-121.17185,37.5888],[-121.1718,37.58956],[-121.1715,37.59055],[-121.17167,37.59179],[-121.17212,37.59264],[-121.1722,37.59278],[-121.1727,37.59321],[-121.17337,37.59334],[-121.17475,37.59313],[-121.17605,37.59327],[-121.17673,37.59378],[-121.1768,37.59392],[-121.17694,37.59426],[-121.17697,37.59431],[-121.17705,37.59458],[-121.17722,37.5951],[-121.17718,37.59563],[-121.17736,37.59566],[-121.17747,37.59568],[-121.17742,37.59585],[-121.17731,37.5962],[-121.17713,37.59651],[-121.17702,37.5967],[-121.17668,37.5969],[-121.17641,37.59706],[-121.17565,37.59734],[-121.17515,37.59741],[-121.17487,37.59742],[-121.1745,37.59743],[-121.1737,37.59759],[-121.17338,37.59766],[-121.17245,37.59771],[-121.17162,37.59763],[-121.17125,37.59759],[-121.17054,37.59754],[-121.17018,37.59772],[-121.16988,37.59807],[-121.16996,37.59846],[-121.17044,37.59884],[-121.17044,37.59885],[-121.17086,37.59937],[-121.17137,37.59969],[-121.17211,37.59984],[-121.17234,37.59982],[-121.17287,37.59978],[-121.17343,37.59969],[-121.17366,37.59965],[-121.17433,37.5993],[-121.17512,37.5987],[-121.17522,37.59862],[-121.17522,37.59861],[-121.17522,37.59861],[-121.17527,37.59857],[-121.17533,37.59852],[-121.17541,37.59845],[-121.17573,37.59818],[-121.17595,37.59799],[-121.17714,37.59754],[-121.17777,37.59738],[-121.17777,37.59738],[-121.17821,37.59744],[-121.17873,37.59768],[-121.17937,37.5985],[-121.17937,37.5985],[-121.17966,37.59927],[-121.17962,37.59996],[-121.17948,37.60031],[-121.17948,37.60031],[-121.17934,37.60064],[-121.17905,37.6008],[-121.17851,37.60112],[-121.17767,37.60145],[-121.17752,37.60151],[-121.17752,37.60151],[-121.17747,37.60155],[-121.1768,37.60212],[-121.17651,37.60265],[-121.1765,37.60285],[-121.17649,37.60317],[-121.17654,37.60371],[-121.17678,37.6041],[-121.17723,37.60451],[-121.17723,37.60451],[-121.17801,37.60523],[-121.17812,37.60542],[-121.17815,37.60547],[-121.17819,37.60554],[-121.17831,37.60575],[-121.17429,37.6057],[-121.17427,37.6057],[-121.17273,37.60483],[-121.17239,37.60468],[-121.17212,37.60454],[-121.17208,37.60455],[-121.172,37.60456],[-121.17148,37.60465],[-121.17139,37.60475],[-121.17087,37.60531],[-121.17086,37.60537],[-121.16781,37.6089],[-121.16768,37.60948],[-121.16815,37.61116],[-121.16819,37.61179],[-121.16792,37.61237],[-121.16753,37.61291],[-121.16664,37.61364],[-121.16577,37.61398],[-121.16404,37.61427],[-121.16255,37.61418],[-121.161,37.61435],[-121.15924,37.61501],[-121.15828,37.61514],[-121.15721,37.61494],[-121.1562,37.61453],[-121.15554,37.61385],[-121.15518,37.61234],[-121.15544,37.61154],[-121.1559,37.61075],[-121.15596,37.60965],[-121.15529,37.60898],[-121.15435,37.60883],[-121.15431,37.60882],[-121.15334,37.60866],[-121.15165,37.60814],[-121.15036,37.60756],[-121.14977,37.60699],[-121.14869,37.60648],[-121.14755,37.60653],[-121.1452,37.60704],[-121.14439,37.60735],[-121.14325,37.60743],[-121.14262,37.60697],[-121.14232,37.60476],[-121.14196,37.60342],[-121.14125,37.60199],[-121.14092,37.60164],[-121.14038,37.60141],[-121.13893,37.60135],[-121.13747,37.60198],[-121.13597,37.60246],[-121.13301,37.60316],[-121.13139,37.603],[-121.13039,37.60245],[-121.13047,37.60181],[-121.1317,37.60073],[-121.13291,37.59959],[-121.13314,37.59934],[-121.13322,37.59891],[-121.13298,37.59852],[-121.13264,37.59829],[-121.1311,37.59769],[-121.12913,37.59715],[-121.12816,37.59659],[-121.12736,37.59574],[-121.12728,37.59425],[-121.12727,37.5937],[-121.12735,37.59283],[-121.12802,37.59182],[-121.12855,37.59056],[-121.12923,37.58819],[-121.12958,37.58512],[-121.12936,37.58468],[-121.12801,37.58501],[-121.12739,37.5856],[-121.12659,37.58595],[-121.12542,37.58625],[-121.12438,37.58634],[-121.12291,37.58599],[-121.12111,37.58516],[-121.11868,37.58478],[-121.11756,37.58442],[-121.11692,37.58297],[-121.11721,37.58013],[-121.11689,37.57858],[-121.11595,37.57724],[-121.11435,37.57625],[-121.1136,37.57604],[-121.11335,37.57848],[-121.113,37.57933],[-121.1116,37.58108],[-121.11045,37.58196],[-121.10991,37.58228],[-121.1092,37.58273],[-121.10851,37.58289],[-121.10766,37.58294],[-121.10618,37.58326],[-121.10425,37.58355],[-121.10278,37.58368],[-121.10166,37.5837],[-121.10085,37.58353],[-121.09937,37.58344],[-121.09831,37.58366],[-121.09737,37.58395],[-121.09588,37.58417],[-121.0953,37.58432],[-121.09464,37.58458],[-121.09434,37.58488],[-121.0937,37.58575],[-121.09368,37.5865],[-121.09371,37.58687],[-121.0936,37.58726],[-121.09338,37.5876],[-121.09273,37.58856],[-121.09235,37.58913],[-121.092,37.58958],[-121.09126,37.59058],[-121.09003,37.59151],[-121.08951,37.59184],[-121.08889,37.59207],[-121.08797,37.59234],[-121.08708,37.59246],[-121.08598,37.59236],[-121.0852,37.59212],[-121.08427,37.59169],[-121.08328,37.59112],[-121.08282,37.59073],[-121.08248,37.59016],[-121.08211,37.58972],[-121.08141,37.58826],[-121.08093,37.58745],[-121.0806,37.58702],[-121.07916,37.58644],[-121.07888,37.58633],[-121.07798,37.58603],[-121.07643,37.58552],[-121.0757,37.58528],[-121.07429,37.58535],[-121.07322,37.58546],[-121.07233,37.58556],[-121.07027,37.58562],[-121.06962,37.58577],[-121.06832,37.58644],[-121.06641,37.58758],[-121.06551,37.5882],[-121.06437,37.58921],[-121.06253,37.59094],[-121.06178,37.59166],[-121.06054,37.59258],[-121.0595,37.59364],[-121.05919,37.59397],[-121.05841,37.59495],[-121.05829,37.59508],[-121.0578,37.5955],[-121.05748,37.596],[-121.05739,37.59703],[-121.05716,37.59774],[-121.05712,37.59785],[-121.05681,37.59843],[-121.05556,37.60145],[-121.05481,37.60268],[-121.05395,37.6041],[-121.05295,37.60577],[-121.05275,37.60652],[-121.05215,37.60787],[-121.0505,37.60931],[-121.04792,37.61086],[-121.04494,37.61217],[-121.04294,37.61274],[-121.04134,37.61291],[-121.03952,37.61293],[-121.03798,37.61262],[-121.03648,37.61201],[-121.03497,37.61116],[-121.03323,37.61002],[-121.03191,37.60891],[-121.031,37.60796],[-121.03044,37.60735],[-121.03009,37.60736],[-121.02997,37.60736],[-121.02966,37.60737],[-121.02947,37.60737],[-121.02938,37.60737],[-121.0293,37.60736],[-121.02916,37.60734],[-121.02905,37.60731],[-121.02894,37.60729],[-121.02876,37.60723],[-121.02857,37.60715],[-121.02809,37.60692],[-121.02774,37.60675],[-121.0274,37.60659],[-121.02702,37.60644],[-121.02683,37.60636],[-121.02663,37.60629],[-121.0264,37.60622],[-121.02623,37.60617],[-121.02609,37.60614],[-121.02598,37.60611],[-121.02591,37.6061],[-121.02576,37.60607],[-121.0256,37.60605],[-121.02546,37.60603],[-121.02528,37.60601],[-121.02509,37.60599],[-121.02493,37.60598],[-121.02475,37.60598],[-121.02449,37.60598],[-121.02401,37.606],[-121.02317,37.60603],[-121.02261,37.60604],[-121.02066,37.60608],[-121.01991,37.6061],[-121.01927,37.60611],[-121.01909,37.60611],[-121.01891,37.60612],[-121.01833,37.60615],[-121.0181,37.60616],[-121.01782,37.60617],[-121.01756,37.60618],[-121.01721,37.60619],[-121.01675,37.6062],[-121.01649,37.6062],[-121.0155,37.60623],[-121.01517,37.60624],[-121.01454,37.60625],[-121.013,37.60668],[-121.01191,37.60746],[-121.01146,37.60765],[-121.01085,37.60792],[-121.01038,37.60812],[-121.00878,37.60893],[-121.00683,37.60982],[-121.00567,37.61017],[-121.00436,37.61039],[-121.00287,37.61107],[-121.00144,37.61172],[-121.00027,37.61246],[-120.99892,37.61368],[-120.99875,37.61388],[-120.99847,37.6142],[-120.99814,37.61493],[-120.99798,37.61636],[-120.99802,37.61647],[-120.99844,37.61766],[-120.99829,37.61862],[-120.99817,37.62056],[-120.99817,37.62191],[-120.99833,37.62318],[-120.99837,37.62351],[-120.99844,37.62401],[-120.99826,37.62463],[-120.9978,37.62521],[-120.9967,37.62605],[-120.99643,37.62615],[-120.99535,37.62635],[-120.99432,37.62646],[-120.99358,37.62652],[-120.99317,37.62655],[-120.9924,37.62661],[-120.9921,37.62665],[-120.99145,37.62674],[-120.99077,37.62693],[-120.99019,37.62692],[-120.98791,37.62736],[-120.98746,37.62746],[-120.98732,37.62749],[-120.98718,37.62751],[-120.98663,37.62758],[-120.98619,37.62761],[-120.98587,37.62762],[-120.98531,37.62751],[-120.98505,37.62746],[-120.98454,37.62739],[-120.984,37.62737],[-120.98368,37.62744],[-120.98349,37.62739],[-120.98332,37.62735],[-120.9828,37.62733],[-120.98254,37.62732],[-120.98145,37.62712],[-120.9814,37.6271],[-120.98096,37.62692],[-120.98018,37.62661],[-120.97984,37.62642],[-120.97894,37.62592],[-120.9787,37.62579],[-120.97827,37.6256],[-120.97662,37.62488],[-120.9765,37.62483],[-120.97648,37.62482],[-120.97596,37.62462],[-120.97533,37.62432],[-120.97456,37.62394],[-120.97397,37.62358],[-120.97306,37.62287],[-120.97287,37.62272],[-120.97252,37.62248],[-120.97199,37.62211],[-120.97144,37.6218],[-120.97097,37.62162],[-120.97047,37.62154],[-120.96947,37.62161],[-120.96873,37.62169],[-120.96741,37.62197],[-120.96609,37.62225],[-120.96532,37.62239],[-120.96409,37.62255],[-120.96344,37.62262],[-120.96298,37.62261],[-120.96255,37.6226],[-120.96123,37.62258],[-120.95798,37.6225],[-120.95728,37.62237],[-120.95694,37.62238],[-120.95658,37.62232],[-120.95529,37.62205],[-120.95304,37.62182],[-120.95204,37.62177],[-120.95149,37.62174],[-120.9505,37.6217],[-120.94993,37.62161],[-120.94908,37.62137],[-120.9485,37.62122],[-120.94837,37.62111],[-120.94831,37.62114],[-120.94825,37.6211],[-120.94806,37.62099],[-120.94807,37.62083],[-120.94809,37.62071],[-120.948,37.6204],[-120.948,37.62038],[-120.94799,37.62012],[-120.94797,37.61921],[-120.94797,37.61901],[-120.94793,37.6188],[-120.94792,37.61855],[-120.94785,37.61828],[-120.94767,37.61792],[-120.94766,37.61789],[-120.94765,37.61789],[-120.94749,37.61778],[-120.94739,37.61772],[-120.94704,37.61765],[-120.94697,37.61764],[-120.94693,37.61763],[-120.94625,37.61769],[-120.94572,37.61778],[-120.94528,37.61793],[-120.94468,37.61809],[-120.94421,37.6183],[-120.94415,37.61833],[-120.94347,37.61857],[-120.94306,37.61866],[-120.94266,37.61857],[-120.94237,37.61859],[-120.94211,37.61855],[-120.942,37.61845],[-120.94166,37.6181],[-120.94091,37.61761],[-120.94029,37.61743],[-120.94025,37.61742],[-120.93994,37.61741],[-120.9394,37.6174],[-120.93874,37.61733],[-120.9387,37.61733],[-120.93867,37.61733],[-120.93867,37.61729],[-120.93867,37.61718],[-120.93861,37.61718],[-120.93857,37.61718],[-120.93849,37.61717],[-120.93842,37.61715],[-120.93835,37.61717],[-120.93829,37.61719],[-120.93823,37.61719],[-120.93813,37.61715],[-120.93806,37.6171],[-120.93803,37.61708],[-120.93797,37.61704],[-120.93786,37.61695],[-120.93785,37.61694],[-120.93784,37.61686],[-120.93783,37.61685],[-120.93771,37.61677],[-120.93748,37.61654],[-120.93743,37.61651],[-120.93742,37.61649],[-120.93723,37.61632],[-120.93706,37.61606],[-120.93703,37.61588],[-120.937,37.61581],[-120.93637,37.6145],[-120.93595,37.61403],[-120.93496,37.61345],[-120.9347,37.61336],[-120.93446,37.6134],[-120.93384,37.61332],[-120.93361,37.61333],[-120.93316,37.61323],[-120.93262,37.61326],[-120.93233,37.61349],[-120.93227,37.61365],[-120.93221,37.61434],[-120.9322,37.61438],[-120.93185,37.61493],[-120.93104,37.61563],[-120.93099,37.61568],[-120.93076,37.61579],[-120.93027,37.61604],[-120.93019,37.61607],[-120.92987,37.61617],[-120.92963,37.61622],[-120.92939,37.61624],[-120.92915,37.61625],[-120.92881,37.61619],[-120.92876,37.61618],[-120.92839,37.61614],[-120.92832,37.61614],[-120.92802,37.61615],[-120.9278,37.61611],[-120.92766,37.61605],[-120.9274,37.61594],[-120.92697,37.61566],[-120.92684,37.61557],[-120.92653,37.61531],[-120.92631,37.61518],[-120.92581,37.61496],[-120.92542,37.61484],[-120.92446,37.61453],[-120.92414,37.61448],[-120.92369,37.61441],[-120.92341,37.6144],[-120.92321,37.61438],[-120.92292,37.61438],[-120.92267,37.6144],[-120.92242,37.61442],[-120.92218,37.61444],[-120.92197,37.6145],[-120.92139,37.61454],[-120.92132,37.61454],[-120.92101,37.61453],[-120.9207,37.61445],[-120.92063,37.61446],[-120.9202,37.61444],[-120.91994,37.61444],[-120.91913,37.6145],[-120.9188,37.61448],[-120.91839,37.61444],[-120.91771,37.61441],[-120.91743,37.61442],[-120.91633,37.61445],[-120.9159,37.6145],[-120.91567,37.61452],[-120.91535,37.61459],[-120.91516,37.61468],[-120.91496,37.61485],[-120.91486,37.61503],[-120.91479,37.61515],[-120.91479,37.61521],[-120.91476,37.61524],[-120.91469,37.61526],[-120.91466,37.61533],[-120.91467,37.61575],[-120.91468,37.61596],[-120.91472,37.61603],[-120.91478,37.61606],[-120.91486,37.61622],[-120.91495,37.61649],[-120.91496,37.61651],[-120.91498,37.61668],[-120.91498,37.61678],[-120.91494,37.61685],[-120.91481,37.61702],[-120.91479,37.61706],[-120.91474,37.61721],[-120.91466,37.61738],[-120.91463,37.61742],[-120.91449,37.61764],[-120.91441,37.61784],[-120.91428,37.61813],[-120.91394,37.61861],[-120.9139,37.61878],[-120.91381,37.6189],[-120.91367,37.61897],[-120.91352,37.61903],[-120.91332,37.61905],[-120.91314,37.61911],[-120.91304,37.61911],[-120.91297,37.61908],[-120.91285,37.61908],[-120.91275,37.61911],[-120.91268,37.61911],[-120.91257,37.61908],[-120.91237,37.61905],[-120.9121,37.61911],[-120.91177,37.61917],[-120.91142,37.6192],[-120.91129,37.61923],[-120.91122,37.6193],[-120.91109,37.61939],[-120.91082,37.61947],[-120.91064,37.6195],[-120.91038,37.61947],[-120.91006,37.61946],[-120.90962,37.61933],[-120.90916,37.61923],[-120.90863,37.61915],[-120.9082,37.61914],[-120.90761,37.61915],[-120.90738,37.61917],[-120.90729,37.61916],[-120.90722,37.61914],[-120.90694,37.61896],[-120.90677,37.61892],[-120.90654,37.61889],[-120.90614,37.6189],[-120.90568,37.61897],[-120.90565,37.61897],[-120.90545,37.61904],[-120.90516,37.61917],[-120.90506,37.61926],[-120.90502,37.6193],[-120.90493,37.61937],[-120.9049,37.61942],[-120.90491,37.61958],[-120.90489,37.61962],[-120.90475,37.61965],[-120.90472,37.6197],[-120.90469,37.61984],[-120.90471,37.62001],[-120.90479,37.62016],[-120.90484,37.6203],[-120.90483,37.62045],[-120.90473,37.62091],[-120.90461,37.62118],[-120.90452,37.62128],[-120.90449,37.6214],[-120.90447,37.62143],[-120.90442,37.62153],[-120.90428,37.62177],[-120.90423,37.62182],[-120.90415,37.6219],[-120.90402,37.622],[-120.90395,37.62208],[-120.90381,37.62214],[-120.9037,37.62215],[-120.90356,37.62214],[-120.90342,37.62211],[-120.90324,37.62207],[-120.90322,37.62204],[-120.90321,37.62203],[-120.90314,37.622],[-120.9029,37.62204],[-120.9023,37.62224],[-120.9022,37.62228],[-120.90198,37.62233],[-120.90182,37.62239],[-120.90176,37.62243],[-120.9016,37.62254],[-120.9014,37.62262],[-120.90126,37.62264],[-120.90114,37.62265],[-120.90094,37.62271],[-120.90064,37.62272],[-120.90056,37.62273],[-120.90027,37.62274],[-120.90001,37.62279],[-120.89991,37.62285],[-120.89983,37.62287],[-120.89964,37.62284],[-120.89967,37.62296],[-120.89958,37.62296],[-120.89932,37.62298],[-120.89864,37.623],[-120.89841,37.62304],[-120.89822,37.62317],[-120.89815,37.62333],[-120.89806,37.62354],[-120.89805,37.62356],[-120.89788,37.62372],[-120.8974,37.62388],[-120.89712,37.62392],[-120.89604,37.62411],[-120.89557,37.62418],[-120.89541,37.62421],[-120.89516,37.62425],[-120.89386,37.62446],[-120.89383,37.62447],[-120.89356,37.62446],[-120.89343,37.62434],[-120.89342,37.62433],[-120.89338,37.6243],[-120.89336,37.62426],[-120.89325,37.62406],[-120.89322,37.62401],[-120.8932,37.62396],[-120.89311,37.62377],[-120.89305,37.62363],[-120.89302,37.62357],[-120.89296,37.62338],[-120.89298,37.62315],[-120.89303,37.62305],[-120.89318,37.62299],[-120.89328,37.62282],[-120.89328,37.62252],[-120.89321,37.6222],[-120.89318,37.62208],[-120.89311,37.62188],[-120.89297,37.62168],[-120.89296,37.62167],[-120.89267,37.62137],[-120.89211,37.62105],[-120.89146,37.62081],[-120.89134,37.62071],[-120.89111,37.62063],[-120.89081,37.62062],[-120.89058,37.62076],[-120.89024,37.62101],[-120.88991,37.62141],[-120.88933,37.62178],[-120.88906,37.62187],[-120.88885,37.62187],[-120.88863,37.62169],[-120.88862,37.62168],[-120.88846,37.62148],[-120.8879,37.6212],[-120.88757,37.6212],[-120.887,37.62132],[-120.88594,37.62167],[-120.88531,37.62202],[-120.88418,37.62287],[-120.88399,37.62318],[-120.88399,37.62336],[-120.88401,37.62342],[-120.88407,37.62359],[-120.88426,37.62391],[-120.88441,37.62473],[-120.88443,37.62496],[-120.8845,37.6256],[-120.8844,37.62593],[-120.88418,37.62625],[-120.88373,37.62681],[-120.8834,37.6271],[-120.88312,37.62725],[-120.88271,37.62721],[-120.88262,37.6272],[-120.88251,37.62716],[-120.88237,37.62711],[-120.88218,37.62704],[-120.8811,37.62609],[-120.88107,37.62606],[-120.88103,37.62603],[-120.88056,37.62564],[-120.88017,37.62536],[-120.88006,37.6253],[-120.87982,37.62514],[-120.87946,37.625],[-120.87904,37.62487],[-120.87857,37.62487],[-120.87806,37.6249],[-120.87763,37.62501],[-120.87679,37.62539],[-120.87608,37.62581],[-120.87571,37.62624],[-120.87518,37.62769],[-120.87513,37.62801],[-120.87509,37.62808],[-120.87512,37.62815],[-120.87525,37.62844],[-120.87522,37.62862],[-120.8751,37.62872],[-120.8749,37.62882],[-120.87473,37.62896],[-120.87441,37.62923],[-120.87411,37.62944],[-120.87378,37.62947],[-120.87298,37.62931],[-120.87248,37.62907],[-120.87161,37.62837],[-120.87135,37.62818],[-120.87116,37.62803],[-120.87081,37.62762],[-120.87051,37.62746],[-120.87047,37.62745],[-120.87023,37.62738],[-120.86982,37.62737],[-120.86953,37.62742],[-120.86938,37.6275],[-120.86894,37.62756],[-120.86871,37.62759],[-120.86852,37.62764],[-120.86834,37.62772],[-120.86813,37.62777],[-120.86749,37.62785],[-120.86731,37.62791],[-120.86717,37.62804],[-120.86694,37.62819],[-120.86685,37.62839],[-120.86645,37.63012],[-120.86641,37.63026],[-120.86612,37.63078],[-120.86575,37.63119],[-120.86518,37.63174],[-120.86492,37.63185],[-120.86485,37.63188],[-120.8646,37.63199],[-120.86442,37.63207],[-120.86424,37.63214],[-120.86364,37.63228],[-120.86331,37.63227],[-120.86297,37.63214],[-120.86277,37.632],[-120.86271,37.63191],[-120.86263,37.63181],[-120.86224,37.6311],[-120.8621,37.62951],[-120.86207,37.62942],[-120.86186,37.62898],[-120.86162,37.62862],[-120.86127,37.62807],[-120.86108,37.62773],[-120.86072,37.62752],[-120.86025,37.62723],[-120.85996,37.62697],[-120.85978,37.62662],[-120.85977,37.62623],[-120.85977,37.62613],[-120.85968,37.62595],[-120.85956,37.62568],[-120.85942,37.62504],[-120.85933,37.6247],[-120.8592,37.62428],[-120.85907,37.624],[-120.85862,37.62359],[-120.85811,37.62299],[-120.85788,37.62256],[-120.85795,37.62217],[-120.85806,37.62195],[-120.85807,37.62195],[-120.85836,37.62179],[-120.85879,37.62127],[-120.85899,37.62091],[-120.85903,37.62046],[-120.85905,37.62008],[-120.85906,37.61994],[-120.85915,37.61981],[-120.85916,37.6198],[-120.85916,37.61978],[-120.85917,37.61962],[-120.8592,37.61945],[-120.8592,37.6193],[-120.85917,37.61921],[-120.85912,37.61899],[-120.85909,37.61888],[-120.85898,37.6186],[-120.85893,37.61847],[-120.85871,37.61791],[-120.85837,37.61726],[-120.85824,37.61699],[-120.85751,37.61655],[-120.85701,37.61625],[-120.85691,37.61619],[-120.85669,37.61621],[-120.85635,37.61624],[-120.85577,37.61624],[-120.85476,37.61615],[-120.85471,37.61615],[-120.85467,37.61616],[-120.85445,37.61625],[-120.85433,37.6164],[-120.85412,37.61652],[-120.85393,37.61656],[-120.85378,37.61659],[-120.85356,37.61663],[-120.85348,37.61668],[-120.8534,37.61672],[-120.85334,37.6168],[-120.85326,37.61694],[-120.85322,37.61713],[-120.85344,37.61734],[-120.85352,37.61744],[-120.85368,37.61764],[-120.85374,37.6178],[-120.85359,37.61809],[-120.85339,37.61825],[-120.85299,37.61837],[-120.85284,37.6184],[-120.85251,37.61854],[-120.85184,37.6188],[-120.85159,37.61876],[-120.85118,37.6187],[-120.85077,37.61863],[-120.85061,37.61876],[-120.85048,37.61867],[-120.84982,37.61865],[-120.84914,37.61828],[-120.84895,37.61799],[-120.84871,37.61765],[-120.8481,37.61745],[-120.84768,37.61752],[-120.84741,37.61755],[-120.84645,37.61763],[-120.84595,37.6178],[-120.8457,37.61798],[-120.84567,37.618],[-120.84452,37.61905],[-120.84324,37.62005],[-120.8411,37.62172],[-120.84075,37.62183],[-120.83887,37.62274],[-120.8384,37.62297],[-120.83784,37.62295],[-120.83705,37.62292],[-120.83679,37.62291],[-120.83664,37.6229],[-120.83498,37.6224],[-120.83348,37.62182],[-120.83336,37.62178],[-120.83159,37.62096],[-120.83156,37.62095],[-120.83056,37.62031],[-120.82894,37.61964],[-120.82751,37.61951],[-120.82734,37.61951],[-120.82615,37.61948],[-120.82477,37.6192],[-120.82317,37.61866],[-120.82287,37.61855],[-120.82055,37.61739],[-120.82001,37.61693],[-120.8195,37.6165],[-120.81878,37.61588],[-120.81686,37.61566],[-120.81305,37.61599],[-120.81038,37.61589],[-120.80076,37.61555],[-120.79705,37.61512],[-120.7967,37.61508],[-120.79634,37.61534],[-120.79083,37.61926],[-120.79005,37.61981],[-120.78889,37.62064],[-120.7839,37.62256],[-120.78384,37.62258],[-120.78313,37.62285],[-120.78106,37.62433],[-120.77896,37.62605],[-120.77876,37.62621],[-120.77731,37.6274],[-120.77707,37.62759],[-120.77605,37.62843],[-120.77485,37.62899],[-120.77401,37.62938],[-120.77387,37.62945],[-120.7736,37.62957],[-120.77284,37.62991],[-120.77007,37.63115],[-120.76965,37.63133],[-120.76683,37.63259],[-120.76597,37.63297],[-120.75988,37.63569],[-120.75931,37.63594],[-120.75914,37.63598],[-120.75843,37.63596],[-120.75835,37.63597],[-120.75531,37.6363],[-120.75463,37.63637],[-120.75446,37.63637],[-120.75243,37.63637],[-120.75129,37.63641],[-120.75016,37.6363],[-120.74929,37.63617],[-120.74828,37.63564],[-120.74789,37.63551],[-120.74779,37.63547],[-120.74736,37.63533],[-120.74696,37.63529],[-120.74548,37.63513],[-120.7437,37.63533],[-120.74192,37.63534],[-120.74119,37.63522],[-120.74098,37.63518],[-120.74068,37.63513],[-120.73737,37.63533],[-120.73518,37.63553],[-120.73355,37.63591],[-120.72793,37.63725],[-120.72297,37.63844],[-120.72175,37.63873],[-120.72003,37.63914],[-120.71881,37.63862],[-120.71877,37.6386],[-120.71756,37.63808],[-120.71721,37.63793],[-120.71675,37.63774],[-120.71211,37.63575],[-120.70788,37.63855],[-120.70491,37.64052],[-120.70245,37.64214],[-120.70225,37.64228],[-120.70163,37.64269],[-120.69968,37.64398],[-120.69947,37.64412],[-120.6935,37.6446],[-120.6845,37.64534],[-120.6822,37.64544],[-120.68192,37.64544],[-120.68165,37.64543],[-120.68039,37.6454],[-120.68037,37.6454],[-120.67932,37.64524],[-120.67901,37.64519],[-120.67871,37.64514],[-120.67783,37.64518],[-120.67703,37.6453],[-120.67616,37.64546],[-120.67546,37.64555],[-120.67483,37.64548],[-120.67449,37.64544],[-120.67385,37.64531],[-120.67328,37.64489],[-120.67305,37.64455],[-120.67299,37.64419],[-120.67276,37.64375],[-120.67207,37.64243],[-120.67121,37.64193],[-120.67085,37.64173],[-120.66978,37.64114],[-120.66919,37.64081],[-120.66775,37.64058],[-120.66663,37.64041],[-120.66423,37.64126],[-120.66365,37.64146],[-120.66303,37.64185],[-120.66264,37.64199],[-120.66194,37.64202],[-120.66103,37.64204],[-120.66052,37.64201],[-120.6596,37.64195],[-120.65819,37.64158],[-120.65702,37.64147],[-120.65625,37.64142],[-120.65544,37.64129],[-120.6542,37.64102],[-120.65343,37.64064],[-120.65201,37.64005],[-120.65052,37.6395],[-120.64996,37.63929],[-120.64885,37.63927],[-120.64795,37.63943],[-120.64674,37.63978],[-120.64565,37.63977],[-120.64442,37.63988],[-120.64215,37.63882],[-120.64137,37.63888],[-120.64083,37.6388],[-120.6398,37.63846],[-120.63788,37.63722],[-120.63635,37.63551],[-120.63547,37.63506],[-120.63439,37.63462],[-120.6335,37.63469],[-120.6305,37.63492],[-120.62827,37.63509],[-120.62502,37.63556],[-120.62259,37.6356],[-120.6208,37.63563],[-120.61805,37.63587],[-120.61784,37.63594],[-120.61761,37.63603],[-120.61701,37.63628],[-120.61701,37.63628],[-120.61536,37.63695],[-120.615,37.63709],[-120.61163,37.63846],[-120.61047,37.63893],[-120.61019,37.63897],[-120.6078,37.6393],[-120.60695,37.639],[-120.60695,37.639],[-120.60586,37.63862],[-120.60557,37.63852],[-120.60407,37.6385],[-120.60291,37.63816],[-120.60078,37.63753],[-120.58796,37.6323],[-120.58739,37.63207],[-120.58726,37.63202],[-120.58699,37.63199],[-120.58626,37.63191],[-120.58622,37.6319],[-120.58622,37.6319],[-120.58621,37.6319],[-120.58617,37.6319],[-120.58614,37.63189],[-120.58612,37.63189],[-120.5852,37.63179],[-120.58404,37.63166],[-120.58368,37.63161],[-120.58313,37.63152],[-120.58154,37.63127],[-120.58133,37.63123],[-120.57881,37.63083],[-120.57672,37.63049],[-120.57603,37.63038],[-120.57497,37.63022],[-120.57417,37.63009],[-120.57335,37.62996],[-120.57287,37.62988],[-120.57258,37.62983],[-120.57258,37.62983],[-120.57256,37.62983],[-120.572,37.62978],[-120.57121,37.6297],[-120.56505,37.62909],[-120.5635,37.62894],[-120.56122,37.62871],[-120.55255,37.62776],[-120.55052,37.62753],[-120.54926,37.62775],[-120.53639,37.62995],[-120.52563,37.62746],[-120.51575,37.63212],[-120.51559,37.63217],[-120.51545,37.63223],[-120.51545,37.63223],[-120.51505,37.63237],[-120.51415,37.63269],[-120.5136,37.63289],[-120.51,37.63434],[-120.50765,37.63528],[-120.50692,37.63578],[-120.50534,37.63687],[-120.49952,37.64087],[-120.49946,37.64091],[-120.49936,37.64098],[-120.49932,37.64104],[-120.49731,37.64398],[-120.49551,37.64662],[-120.4953,37.64693],[-120.49509,37.64739],[-120.495,37.6476],[-120.49489,37.64801],[-120.49473,37.64863],[-120.4931,37.65111],[-120.4921,37.6516],[-120.49123,37.65243],[-120.49009,37.65353],[-120.4891,37.65448],[-120.48826,37.65529],[-120.48789,37.65566],[-120.48719,37.65632],[-120.48557,37.66083],[-120.48557,37.66085],[-120.48553,37.66094],[-120.48201,37.66281],[-120.48201,37.66281],[-120.48168,37.66299],[-120.48105,37.6637],[-120.48105,37.6637],[-120.47836,37.66673],[-120.47764,37.66754],[-120.4776,37.66759],[-120.47587,37.6673],[-120.47458,37.66709],[-120.47304,37.66683],[-120.47196,37.66665],[-120.47149,37.66657],[-120.46956,37.6667],[-120.46803,37.66685],[-120.46713,37.6668],[-120.4668,37.66678],[-120.46632,37.6667],[-120.46562,37.66658],[-120.46435,37.66658],[-120.46187,37.66596],[-120.45979,37.66574],[-120.45917,37.66567],[-120.45817,37.66544],[-120.45804,37.66542],[-120.45754,37.66536],[-120.45719,37.66528],[-120.45695,37.66523],[-120.45589,37.6648],[-120.45521,37.66461],[-120.45469,37.66439],[-120.45382,37.66402],[-120.45357,37.66392],[-120.45354,37.6639],[-120.45314,37.66361],[-120.45278,37.66348],[-120.4524,37.66333],[-120.45182,37.66328],[-120.45093,37.66333],[-120.45088,37.66333],[-120.44918,37.66389],[-120.44908,37.6639],[-120.44882,37.66395],[-120.4482,37.66412],[-120.44745,37.6644],[-120.44702,37.66449],[-120.44625,37.66465],[-120.44515,37.66517],[-120.44496,37.66527],[-120.44316,37.6659],[-120.44264,37.66616],[-120.44244,37.66671],[-120.44246,37.66724],[-120.44268,37.66771],[-120.44294,37.66823],[-120.44299,37.66834],[-120.44299,37.66834],[-120.44299,37.66834],[-120.44386,37.6689],[-120.44438,37.66931],[-120.44453,37.66943],[-120.44501,37.67018],[-120.44512,37.67068],[-120.4448,37.67149],[-120.44471,37.67217],[-120.44465,37.67255],[-120.44406,37.67378],[-120.44378,37.67411],[-120.44328,37.67433],[-120.4419,37.67431],[-120.44046,37.6744],[-120.43728,37.67554],[-120.43652,37.67592],[-120.43581,37.67628],[-120.43512,37.67676],[-120.43491,37.67707],[-120.4348,37.67725],[-120.4347,37.67771],[-120.43459,37.67827],[-120.43418,37.67905],[-120.43382,37.67939],[-120.4334,37.6796],[-120.43309,37.67975],[-120.4318,37.67994],[-120.43071,37.68],[-120.42983,37.68004],[-120.42941,37.68011],[-120.4294,37.68012],[-120.42847,37.68232],[-120.42775,37.68338],[-120.42687,37.68406],[-120.42564,37.68488],[-120.42442,37.68612],[-120.42425,37.68629],[-120.42397,37.68647],[-120.4229,37.68718],[-120.4229,37.68718],[-120.42275,37.68778],[-120.42246,37.68891],[-120.42225,37.6899],[-120.42208,37.69071],[-120.42156,37.69137],[-120.42156,37.69137],[-120.42072,37.69244],[-120.4201,37.69412],[-120.41963,37.69522],[-120.41944,37.69566],[-120.41904,37.69627],[-120.41904,37.69627],[-120.41904,37.69628],[-120.41882,37.69688],[-120.41887,37.69836],[-120.41891,37.69959],[-120.41893,37.69999],[-120.41894,37.70046],[-120.41889,37.70062],[-120.41881,37.70084],[-120.41838,37.70103],[-120.41809,37.70116],[-120.41809,37.70116],[-120.41808,37.70185],[-120.418,37.70195],[-120.41796,37.702],[-120.41792,37.70211],[-120.41782,37.70237],[-120.41756,37.70265],[-120.41624,37.70274],[-120.41619,37.70334],[-120.41586,37.7036],[-120.41488,37.70399],[-120.41435,37.70392],[-120.41421,37.70385],[-120.41396,37.70372],[-120.41363,37.70349],[-120.41346,37.70336],[-120.41342,37.70331],[-120.41318,37.70299],[-120.41286,37.70272],[-120.41249,37.70259],[-120.41247,37.70258],[-120.41247,37.70258],[-120.41237,37.7026],[-120.41204,37.70265],[-120.4118,37.70283],[-120.41162,37.70297],[-120.41117,37.70293],[-120.41079,37.70274],[-120.41069,37.70269],[-120.41021,37.70239],[-120.41017,37.70239],[-120.41012,37.70238],[-120.41007,37.70281],[-120.4102,37.70296],[-120.41035,37.70342],[-120.41095,37.70409],[-120.41098,37.70421],[-120.41098,37.70421],[-120.41103,37.70443],[-120.41126,37.70495],[-120.41132,37.70504],[-120.41146,37.70525],[-120.41196,37.70598],[-120.41193,37.70663],[-120.41185,37.70689],[-120.41177,37.70711],[-120.41132,37.70709],[-120.41068,37.7069],[-120.41038,37.70681],[-120.40964,37.7065],[-120.40871,37.70589],[-120.40813,37.70547],[-120.4078,37.70553],[-120.40767,37.70556],[-120.40739,37.70576],[-120.40707,37.70569],[-120.40679,37.70544],[-120.40676,37.70533],[-120.40658,37.7048],[-120.40654,37.70475],[-120.40654,37.70475],[-120.40634,37.70448],[-120.40614,37.70436],[-120.40537,37.7042],[-120.40522,37.70417],[-120.40522,37.70393],[-120.40522,37.70337],[-120.40505,37.70317],[-120.40487,37.70296],[-120.40474,37.7029],[-120.40474,37.7029],[-120.40401,37.70257],[-120.40311,37.70241],[-120.40243,37.70193],[-120.40226,37.70172],[-120.40196,37.70136],[-120.40159,37.70116],[-120.40151,37.7012],[-120.40143,37.70123],[-120.40123,37.70172],[-120.4014,37.70231],[-120.40149,37.70262],[-120.40148,37.70284],[-120.40146,37.7033],[-120.4013,37.70331],[-120.40082,37.70336],[-120.3999,37.7031],[-120.3989,37.70255],[-120.39845,37.7023],[-120.39666,37.70085],[-120.39644,37.70074],[-120.39614,37.70059],[-120.39557,37.70011],[-120.3931,37.69749],[-120.3931,37.69749],[-120.39301,37.69743],[-120.39218,37.69684],[-120.3907,37.69548],[-120.38946,37.69435],[-120.38996,37.69601],[-120.38998,37.69603],[-120.38998,37.69603],[-120.39113,37.69695],[-120.39193,37.69825],[-120.39252,37.69883],[-120.39269,37.69901],[-120.39317,37.69954],[-120.39355,37.70003],[-120.39451,37.70079],[-120.39537,37.70147],[-120.39609,37.70203],[-120.39719,37.70309],[-120.39758,37.70345],[-120.39781,37.70412],[-120.39916,37.70586],[-120.39917,37.70588],[-120.39938,37.70631],[-120.39938,37.70679],[-120.39926,37.70739],[-120.40007,37.70824],[-120.4005,37.70869],[-120.40051,37.70904],[-120.40044,37.7091],[-120.40038,37.70915],[-120.39989,37.70922],[-120.39956,37.70918],[-120.39851,37.70839],[-120.39769,37.70777],[-120.39753,37.70765],[-120.39746,37.70707],[-120.39687,37.70621],[-120.3965,37.70599],[-120.3965,37.70599]]]},"properties":{"Acronym":"TID","Utility":"Turlock Irrigation District","Type":"POU","URL":"http://www.tid.com/"}},{"type":"Feature","geometry":{"type":"MultiPolygon","coordinates":[[[[-120.54707,37.22271],[-120.54706,37.22146],[-120.54844,37.22146],[-120.54844,37.22146],[-120.55619,37.22147],[-120.55616,37.21398],[-120.55628,37.20882],[-120.55649,37.19992],[-120.5519,37.19994],[-120.54544,37.19997],[-120.54244,37.19998],[-120.54253,37.19781],[-120.54269,37.1935],[-120.54276,37.19162],[-120.54292,37.18758],[-120.54294,37.18695],[-120.54299,37.18583],[-120.54314,37.18583],[-120.54617,37.18582],[-120.55696,37.18586],[-120.55693,37.18695],[-120.55692,37.18708],[-120.55691,37.18739],[-120.55688,37.18834],[-120.55678,37.19145],[-120.55649,37.19992],[-120.56755,37.19994],[-120.57485,37.19995],[-120.57475,37.20613],[-120.57461,37.21416],[-120.57448,37.2215],[-120.57433,37.229],[-120.56842,37.22898],[-120.55622,37.22896],[-120.55022,37.22886],[-120.54712,37.2288],[-120.54707,37.22271]]],[[[-120.59353,37.22072],[-120.59354,37.21452],[-120.61179,37.21453],[-120.61169,37.21926],[-120.61169,37.21926],[-120.6115,37.22887],[-120.59351,37.229],[-120.59352,37.22558],[-120.59353,37.22072]]],[[[-120.5127,37.46706],[-120.51098,37.46667],[-120.50996,37.46764],[-120.50993,37.46528],[-120.50991,37.46344],[-120.5099,37.46294],[-120.5099,37.46262],[-120.50989,37.46145],[-120.50989,37.46145],[-120.50987,37.46017],[-120.50217,37.46028],[-120.50121,37.46029],[-120.50121,37.45996],[-120.50119,37.45834],[-120.50116,37.45634],[-120.50116,37.45614],[-120.50116,37.45614],[-120.50115,37.45591],[-120.50114,37.45512],[-120.50112,37.45383],[-120.50111,37.4531],[-120.50307,37.45307],[-120.50553,37.45305],[-120.51019,37.453],[-120.51093,37.45278],[-120.51265,37.45227],[-120.51265,37.45227],[-120.5127,37.45226],[-120.51322,37.45217],[-120.51384,37.45195],[-120.51398,37.4519],[-120.51411,37.4518],[-120.51428,37.45167],[-120.51439,37.45134],[-120.51443,37.45121],[-120.51443,37.45121],[-120.51451,37.451],[-120.51451,37.45042],[-120.51458,37.44983],[-120.51473,37.44958],[-120.51483,37.44941],[-120.51524,37.44922],[-120.51527,37.44921],[-120.51541,37.4492],[-120.51594,37.44916],[-120.51665,37.44899],[-120.51717,37.44878],[-120.51762,37.44822],[-120.51761,37.44784],[-120.51759,37.44722],[-120.51758,37.44702],[-120.51759,37.44701],[-120.5176,37.44699],[-120.51769,37.44687],[-120.51776,37.44677],[-120.51838,37.44669],[-120.51845,37.44668],[-120.51928,37.4468],[-120.51972,37.44704],[-120.51989,37.44714],[-120.52001,37.44722],[-120.52029,37.44739],[-120.52081,37.44764],[-120.52094,37.44761],[-120.52121,37.44753],[-120.52135,37.44731],[-120.52151,37.44707],[-120.52154,37.44654],[-120.52168,37.44624],[-120.52178,37.4462],[-120.52192,37.44615],[-120.52222,37.44608],[-120.52254,37.446],[-120.52275,37.44616],[-120.5232,37.4459],[-120.52327,37.44584],[-120.52335,37.44577],[-120.52347,37.44568],[-120.52385,37.44551],[-120.52428,37.44534],[-120.52459,37.44523],[-120.52504,37.4452],[-120.52504,37.44521],[-120.52527,37.44529],[-120.52533,37.44546],[-120.52533,37.44546],[-120.52536,37.44556],[-120.52522,37.44575],[-120.52516,37.44584],[-120.52506,37.44597],[-120.5249,37.44618],[-120.52478,37.44633],[-120.52494,37.44648],[-120.52524,37.44675],[-120.52574,37.44669],[-120.52611,37.44671],[-120.52615,37.44671],[-120.52617,37.44671],[-120.52647,37.44685],[-120.52659,37.4469],[-120.52673,37.44692],[-120.52698,37.44695],[-120.52719,37.44686],[-120.52724,37.44669],[-120.52727,37.4466],[-120.52741,37.44647],[-120.52741,37.44647],[-120.52757,37.44632],[-120.5275,37.44579],[-120.52713,37.44538],[-120.52714,37.44511],[-120.52714,37.44505],[-120.52743,37.44484],[-120.52762,37.44469],[-120.52795,37.44431],[-120.52818,37.4441],[-120.5284,37.44402],[-120.5284,37.44402],[-120.52838,37.44391],[-120.52851,37.44367],[-120.52857,37.44356],[-120.52871,37.44347],[-120.52851,37.44326],[-120.52845,37.44321],[-120.52836,37.44314],[-120.52809,37.44293],[-120.52725,37.44239],[-120.52706,37.44227],[-120.52691,37.44217],[-120.52679,37.4419],[-120.52668,37.44163],[-120.52681,37.4415],[-120.5269,37.4414],[-120.52738,37.44125],[-120.52777,37.44086],[-120.52817,37.44069],[-120.52821,37.4407],[-120.52833,37.44074],[-120.5288,37.44069],[-120.52886,37.44067],[-120.52927,37.44055],[-120.52929,37.44054],[-120.52941,37.44028],[-120.52987,37.43992],[-120.53025,37.43995],[-120.53064,37.44012],[-120.53064,37.44011],[-120.53074,37.44009],[-120.53074,37.44009],[-120.53085,37.44005],[-120.53119,37.43965],[-120.53133,37.43939],[-120.53137,37.43931],[-120.53142,37.43897],[-120.53146,37.43871],[-120.53139,37.43863],[-120.53139,37.43863],[-120.53127,37.43851],[-120.53091,37.43829],[-120.53081,37.43819],[-120.53071,37.43809],[-120.53067,37.4379],[-120.53064,37.43778],[-120.53063,37.43778],[-120.53046,37.43765],[-120.53012,37.43779],[-120.52966,37.43793],[-120.52923,37.43786],[-120.52916,37.43785],[-120.52911,37.43785],[-120.52911,37.43785],[-120.52865,37.43791],[-120.52832,37.43787],[-120.52772,37.4377],[-120.52695,37.43762],[-120.5269,37.43763],[-120.52651,37.43769],[-120.52626,37.43757],[-120.52626,37.43757],[-120.52616,37.43752],[-120.52613,37.43725],[-120.52612,37.43719],[-120.52601,37.43683],[-120.52601,37.43683],[-120.52609,37.43651],[-120.52594,37.4363],[-120.52585,37.43618],[-120.52568,37.43573],[-120.52578,37.43531],[-120.52581,37.43516],[-120.526,37.43468],[-120.52622,37.43425],[-120.52622,37.43425],[-120.5267,37.43407],[-120.52732,37.43387],[-120.52772,37.4336],[-120.52802,37.43331],[-120.52809,37.43323],[-120.5283,37.43298],[-120.52785,37.43259],[-120.52692,37.43215],[-120.52645,37.43182],[-120.52638,37.43168],[-120.52625,37.43142],[-120.52586,37.43109],[-120.52589,37.43089],[-120.52613,37.43078],[-120.52627,37.43072],[-120.52653,37.43065],[-120.52686,37.43057],[-120.52706,37.43021],[-120.527,37.43004],[-120.52698,37.42998],[-120.52653,37.42981],[-120.52587,37.43012],[-120.52587,37.43012],[-120.52555,37.43016],[-120.52522,37.42975],[-120.52517,37.42944],[-120.52516,37.42939],[-120.52541,37.42914],[-120.52555,37.429],[-120.52592,37.42851],[-120.52585,37.4283],[-120.52578,37.42811],[-120.52575,37.42804],[-120.52572,37.42794],[-120.52564,37.42774],[-120.52556,37.42755],[-120.52548,37.42738],[-120.52543,37.42726],[-120.52532,37.42702],[-120.52532,37.427],[-120.52523,37.4268],[-120.5252,37.42664],[-120.5252,37.42664],[-120.52564,37.4258],[-120.52564,37.4258],[-120.5257,37.42569],[-120.52631,37.4248],[-120.52638,37.42469],[-120.52658,37.4244],[-120.52676,37.42413],[-120.52702,37.42376],[-120.52696,37.42373],[-120.52628,37.42343],[-120.52627,37.42296],[-120.52612,37.42239],[-120.52612,37.42233],[-120.5261,37.42205],[-120.52613,37.4218],[-120.52616,37.4214],[-120.52601,37.42097],[-120.52585,37.4206],[-120.5258,37.42048],[-120.52581,37.42047],[-120.52588,37.42024],[-120.526,37.41986],[-120.52612,37.41969],[-120.52621,37.41957],[-120.5263,37.41944],[-120.52648,37.4192],[-120.52671,37.41901],[-120.5272,37.41904],[-120.52758,37.41918],[-120.5283,37.41962],[-120.52843,37.41965],[-120.52877,37.41972],[-120.52957,37.41987],[-120.52957,37.41987],[-120.5297,37.41989],[-120.53056,37.42005],[-120.53069,37.42006],[-120.53146,37.42014],[-120.53279,37.42019],[-120.53344,37.4201],[-120.53435,37.42009],[-120.53506,37.41999],[-120.53516,37.41994],[-120.5354,37.41982],[-120.5336,37.4224],[-120.53216,37.42446],[-120.53806,37.42703],[-120.54682,37.43086],[-120.55258,37.43077],[-120.55543,37.43072],[-120.55542,37.42957],[-120.55541,37.42947],[-120.55547,37.42943],[-120.55568,37.42932],[-120.55597,37.42913],[-120.55629,37.42893],[-120.55662,37.42867],[-120.55675,37.42842],[-120.55685,37.42824],[-120.55694,37.42801],[-120.55703,37.42775],[-120.55729,37.42712],[-120.55718,37.42671],[-120.55718,37.4267],[-120.55637,37.42646],[-120.5563,37.42645],[-120.55549,37.42643],[-120.55526,37.42638],[-120.55477,37.42627],[-120.55456,37.42602],[-120.55446,37.4259],[-120.55467,37.42544],[-120.55536,37.42479],[-120.55609,37.4243],[-120.5566,37.42391],[-120.55718,37.4236],[-120.55722,37.4236],[-120.55772,37.42361],[-120.55795,37.42371],[-120.558,37.42373],[-120.55866,37.42408],[-120.55933,37.42435],[-120.56024,37.42457],[-120.56096,37.42449],[-120.56103,37.42445],[-120.56139,37.42421],[-120.56142,37.42402],[-120.56145,37.42382],[-120.56152,37.42363],[-120.56158,37.42346],[-120.56155,37.42339],[-120.56421,37.42336],[-120.56639,37.42333],[-120.57154,37.42326],[-120.57395,37.42323],[-120.57395,37.42012],[-120.57395,37.4183],[-120.57597,37.41825],[-120.57597,37.41825],[-120.57597,37.41815],[-120.57592,37.41466],[-120.57594,37.41332],[-120.57595,37.41185],[-120.57595,37.41185],[-120.57596,37.41095],[-120.57597,37.41005],[-120.57603,37.40634],[-120.57604,37.40577],[-120.57605,37.40528],[-120.57608,37.40375],[-120.57615,37.40116],[-120.57615,37.40107],[-120.57622,37.3983],[-120.57622,37.39747],[-120.57622,37.39747],[-120.57623,37.39652],[-120.57607,37.39552],[-120.5759,37.39446],[-120.57651,37.39446],[-120.5778,37.39447],[-120.57859,37.39447],[-120.57859,37.39447],[-120.57858,37.38736],[-120.58205,37.38737],[-120.58331,37.38738],[-120.58157,37.38345],[-120.57967,37.38156],[-120.57845,37.38034],[-120.57845,37.38034],[-120.57822,37.38012],[-120.57388,37.38012],[-120.5739,37.37651],[-120.57291,37.37652],[-120.5716,37.37654],[-120.5716,37.37474],[-120.57161,37.37293],[-120.5693,37.37295],[-120.56789,37.37297],[-120.5653,37.37299],[-120.56469,37.373],[-120.5574,37.37307],[-120.55656,37.37221],[-120.55555,37.37118],[-120.55543,37.37106],[-120.55367,37.36925],[-120.55235,37.36784],[-120.55227,37.36777],[-120.55203,37.36753],[-120.55168,37.36719],[-120.5516,37.36712],[-120.55158,37.36701],[-120.55158,37.36701],[-120.55156,37.367],[-120.55142,37.36689],[-120.55069,37.36605],[-120.55069,37.36605],[-120.54647,37.36608],[-120.54653,37.37316],[-120.54653,37.37316],[-120.5376,37.37322],[-120.53758,37.36427],[-120.53756,37.35907],[-120.53756,37.35883],[-120.53745,37.34453],[-120.53608,37.34454],[-120.52821,37.34459],[-120.52828,37.33748],[-120.52828,37.33748],[-120.52828,37.33748],[-120.52596,37.33748],[-120.52601,37.33194],[-120.52601,37.33193],[-120.52157,37.32922],[-120.52157,37.32922],[-120.51176,37.32321],[-120.51058,37.32323],[-120.5016,37.32332],[-120.5016,37.32792],[-120.5016,37.32792],[-120.5016,37.33043],[-120.49059,37.33055],[-120.4829,37.33063],[-120.48285,37.33458],[-120.48232,37.33452],[-120.4815,37.33465],[-120.48152,37.33562],[-120.48161,37.33583],[-120.48188,37.33646],[-120.48157,37.33693],[-120.48124,37.33753],[-120.48162,37.33759],[-120.48162,37.33759],[-120.48181,37.33763],[-120.48238,37.33807],[-120.48226,37.33846],[-120.4822,37.33862],[-120.48227,37.33869],[-120.48282,37.33897],[-120.48316,37.33914],[-120.48336,37.3394],[-120.48336,37.3394],[-120.48361,37.33971],[-120.48338,37.33997],[-120.48293,37.34051],[-120.48249,37.34054],[-120.48224,37.34056],[-120.48184,37.3411],[-120.48196,37.34128],[-120.48213,37.34153],[-120.48203,37.34163],[-120.48167,37.342],[-120.48159,37.342],[-120.48126,37.34198],[-120.48103,37.34223],[-120.4808,37.3425],[-120.48045,37.34278],[-120.48039,37.34282],[-120.47965,37.3434],[-120.48003,37.34404],[-120.4803,37.34451],[-120.48074,37.34456],[-120.48139,37.34548],[-120.48161,37.34596],[-120.48181,37.3464],[-120.48195,37.34714],[-120.48152,37.34752],[-120.48136,37.34766],[-120.4815,37.34787],[-120.48159,37.34801],[-120.4817,37.34838],[-120.4817,37.34838],[-120.48172,37.34846],[-120.48123,37.34883],[-120.4809,37.34978],[-120.48078,37.35027],[-120.48095,37.35065],[-120.48145,37.35067],[-120.48196,37.35104],[-120.48205,37.35178],[-120.48207,37.35191],[-120.48237,37.35216],[-120.48258,37.35233],[-120.48297,37.35307],[-120.48364,37.35355],[-120.48388,37.35409],[-120.4839,37.35414],[-120.48373,37.35423],[-120.4834,37.35442],[-120.48255,37.35424],[-120.48209,37.35457],[-120.48232,37.35511],[-120.48265,37.35596],[-120.48216,37.35685],[-120.48174,37.3569],[-120.48128,37.35695],[-120.48122,37.35718],[-120.48122,37.35718],[-120.48115,37.35725],[-120.48011,37.3583],[-120.47929,37.35907],[-120.47908,37.35927],[-120.47884,37.35949],[-120.47878,37.35978],[-120.47876,37.35992],[-120.4789,37.36054],[-120.47893,37.36066],[-120.4788,37.36076],[-120.47824,37.36119],[-120.47731,37.36144],[-120.47595,37.36134],[-120.47564,37.36132],[-120.47401,37.36176],[-120.4736,37.36187],[-120.4718,37.36312],[-120.47035,37.36471],[-120.46924,37.36571],[-120.46891,37.36644],[-120.46879,37.3667],[-120.46864,37.36711],[-120.46848,37.36752],[-120.46848,37.36792],[-120.46847,37.36841],[-120.46847,37.36862],[-120.46846,37.36869],[-120.46846,37.36878],[-120.46844,37.37006],[-120.46842,37.37129],[-120.4684,37.3726],[-120.46837,37.37404],[-120.4739,37.3739],[-120.48261,37.37368],[-120.48848,37.37365],[-120.48992,37.38804],[-120.48363,37.38808],[-120.48268,37.38809],[-120.48269,37.39063],[-120.48271,37.39529],[-120.48144,37.39531],[-120.47391,37.39542],[-120.47394,37.3987],[-120.47397,37.40281],[-120.4652,37.40312],[-120.4652,37.40312],[-120.4651,37.38852],[-120.44666,37.38858],[-120.44666,37.38858],[-120.4468,37.38409],[-120.44688,37.38135],[-120.44193,37.38134],[-120.44193,37.38132],[-120.44197,37.38105],[-120.44117,37.37983],[-120.44064,37.37947],[-120.44017,37.37916],[-120.43991,37.37876],[-120.43982,37.37803],[-120.43975,37.37739],[-120.43963,37.37709],[-120.43933,37.37633],[-120.4363,37.37412],[-120.4363,37.37412],[-120.42839,37.38854],[-120.42791,37.38855],[-120.42756,37.38855],[-120.41998,37.38247],[-120.41998,37.38247],[-120.41896,37.38327],[-120.41896,37.38327],[-120.41782,37.38235],[-120.41884,37.38156],[-120.41887,37.37416],[-120.42605,37.36813],[-120.42873,37.36588],[-120.42892,37.36589],[-120.42939,37.3659],[-120.43033,37.36609],[-120.43134,37.3663],[-120.43193,37.36673],[-120.43238,37.36705],[-120.43368,37.36868],[-120.43368,37.36868],[-120.43558,37.36867],[-120.43784,37.36867],[-120.43784,37.36771],[-120.43785,37.36686],[-120.44371,37.36684],[-120.44372,37.36684],[-120.44372,37.36684],[-120.44699,37.36684],[-120.45612,37.36682],[-120.45609,37.35953],[-120.44983,37.35955],[-120.44687,37.35956],[-120.42887,37.35963],[-120.42891,37.35561],[-120.42901,37.34535],[-120.41672,37.3455],[-120.41052,37.34557],[-120.40885,37.34553],[-120.40611,37.34547],[-120.40346,37.34541],[-120.4017,37.34537],[-120.40158,37.34513],[-120.40158,37.34513],[-120.40138,37.34475],[-120.4013,37.3442],[-120.40118,37.34341],[-120.40193,37.34279],[-120.40259,37.34232],[-120.4023,37.34163],[-120.4023,37.34163],[-120.4023,37.34163],[-120.40255,37.34079],[-120.40324,37.34027],[-120.4032,37.33918],[-120.40268,37.33872],[-120.40251,37.33856],[-120.40247,37.33856],[-120.40172,37.33865],[-120.40103,37.33781],[-120.39933,37.33713],[-120.39827,37.33725],[-120.39761,37.33762],[-120.39761,37.33762],[-120.39598,37.33781],[-120.39382,37.33758],[-120.39293,37.33653],[-120.3931,37.33577],[-120.39318,37.33544],[-120.39329,37.33378],[-120.39305,37.33366],[-120.39305,37.33366],[-120.39244,37.33335],[-120.39184,37.33211],[-120.39156,37.33093],[-120.39027,37.33093],[-120.39026,37.33098],[-120.39025,37.3311],[-120.39028,37.33151],[-120.39024,37.33178],[-120.39022,37.33189],[-120.38983,37.33237],[-120.38917,37.33256],[-120.38888,37.33275],[-120.38878,37.33303],[-120.38875,37.33309],[-120.38868,37.33374],[-120.38867,37.33377],[-120.38858,37.33434],[-120.38842,37.33477],[-120.3881,37.33497],[-120.38778,37.33505],[-120.38753,37.33511],[-120.38684,37.33512],[-120.38628,37.33504],[-120.38565,37.33494],[-120.38549,37.33498],[-120.38529,37.33503],[-120.38505,37.33514],[-120.38494,37.33525],[-120.38475,37.33544],[-120.38469,37.33565],[-120.38469,37.33565],[-120.38457,37.33617],[-120.38434,37.33673],[-120.38433,37.33673],[-120.384,37.337],[-120.38389,37.33703],[-120.38389,37.33703],[-120.38353,37.33712],[-120.38324,37.33714],[-120.38321,37.33715],[-120.38324,37.33645],[-120.38327,37.33575],[-120.3813,37.33603],[-120.38093,37.33608],[-120.3808,37.3361],[-120.38037,37.33615],[-120.37897,37.336],[-120.37867,37.33609],[-120.37824,37.33622],[-120.37622,37.33595],[-120.37479,37.33575],[-120.37479,37.33575],[-120.37479,37.33087],[-120.37233,37.33084],[-120.37124,37.33083],[-120.37022,37.32917],[-120.36872,37.32872],[-120.36835,37.32854],[-120.36835,37.32854],[-120.36565,37.32729],[-120.36565,37.32937],[-120.36565,37.32938],[-120.36565,37.33077],[-120.36344,37.33074],[-120.36107,37.33072],[-120.36107,37.32358],[-120.36107,37.32358],[-120.3598,37.32357],[-120.3565,37.32355],[-120.35279,37.32349],[-120.33837,37.32328],[-120.33162,37.32319],[-120.32728,37.32313],[-120.32571,37.3235],[-120.32504,37.32395],[-120.32427,37.32446],[-120.32387,37.32567],[-120.32429,37.32733],[-120.32432,37.32842],[-120.3236,37.32889],[-120.32248,37.32921],[-120.32082,37.32964],[-120.32063,37.32969],[-120.31906,37.33025],[-120.31766,37.33128],[-120.31733,37.33152],[-120.31672,37.33215],[-120.31653,37.33227],[-120.31628,37.33242],[-120.3155,37.33241],[-120.31516,37.33234],[-120.31516,37.33234],[-120.31487,37.33229],[-120.31343,37.3324],[-120.31277,37.33261],[-120.31164,37.33297],[-120.31143,37.33334],[-120.31153,37.34431],[-120.30775,37.3443],[-120.30249,37.34429],[-120.30248,37.34234],[-120.30247,37.34072],[-120.30022,37.34067],[-120.30022,37.34067],[-120.30022,37.34067],[-120.30019,37.33781],[-120.30013,37.33783],[-120.30003,37.33788],[-120.29853,37.33807],[-120.29724,37.33809],[-120.29639,37.33795],[-120.29561,37.33783],[-120.29547,37.33775],[-120.29499,37.33751],[-120.29432,37.33715],[-120.2935,37.33675],[-120.29319,37.3366],[-120.29182,37.33726],[-120.29088,37.33847],[-120.28967,37.33933],[-120.28932,37.33958],[-120.28832,37.34041],[-120.28701,37.34102],[-120.28678,37.34112],[-120.28678,37.34112],[-120.28562,37.34094],[-120.28474,37.34084],[-120.28448,37.3409],[-120.28446,37.3409],[-120.28438,37.33782],[-120.28436,37.33679],[-120.28428,37.33334],[-120.28419,37.32965],[-120.28419,37.32959],[-120.28419,37.32951],[-120.28422,37.32949],[-120.28428,37.32945],[-120.28878,37.32839],[-120.29457,37.32703],[-120.29516,37.32689],[-120.2959,37.32672],[-120.29671,37.32653],[-120.29962,37.32402],[-120.30008,37.32381],[-120.30237,37.32278],[-120.30581,37.32283],[-120.30692,37.32284],[-120.30693,37.31986],[-120.30693,37.31923],[-120.30693,37.31923],[-120.3115,37.3193],[-120.31642,37.31936],[-120.31642,37.31933],[-120.31641,37.31927],[-120.31653,37.31898],[-120.31659,37.31883],[-120.31656,37.31832],[-120.31568,37.31737],[-120.31557,37.31748],[-120.31557,37.31748],[-120.31539,37.31726],[-120.31538,37.31724],[-120.31533,37.31715],[-120.3153,37.31706],[-120.3153,37.31706],[-120.31529,37.31704],[-120.31529,37.31703],[-120.31529,37.31695],[-120.3154,37.31574],[-120.31163,37.31569],[-120.31154,37.31568],[-120.31136,37.31568],[-120.30832,37.31564],[-120.30785,37.31564],[-120.30694,37.31562],[-120.30693,37.3084],[-120.30692,37.30134],[-120.30234,37.30124],[-120.29318,37.30108],[-120.29318,37.30108],[-120.29321,37.29321],[-120.29323,37.28676],[-120.29097,37.28674],[-120.28436,37.28667],[-120.27787,37.28661],[-120.27787,37.28661],[-120.27335,37.28656],[-120.27353,37.28497],[-120.27377,37.28293],[-120.27834,37.28295],[-120.28436,37.28297],[-120.28437,37.28054],[-120.28437,37.27913],[-120.28127,37.27909],[-120.27912,37.27867],[-120.27759,37.27817],[-120.27672,37.27828],[-120.27659,37.2783],[-120.27614,37.27817],[-120.27573,37.27805],[-120.27456,37.27833],[-120.27437,37.27855],[-120.2728,37.28039],[-120.27349,37.28191],[-120.27248,37.28191],[-120.27018,37.2819],[-120.26942,37.28121],[-120.26935,37.28012],[-120.26931,37.27946],[-120.26875,37.27945],[-120.2686,37.2796],[-120.26859,37.2796],[-120.2675,37.27907],[-120.26615,37.27874],[-120.26585,37.27863],[-120.26591,37.28649],[-120.26591,37.28649],[-120.26064,37.28648],[-120.25682,37.28648],[-120.25686,37.29363],[-120.25686,37.29363],[-120.25242,37.29362],[-120.24776,37.29361],[-120.24776,37.2924],[-120.24774,37.28647],[-120.2478,37.28168],[-120.24783,37.27917],[-120.25684,37.27921],[-120.25684,37.27817],[-120.25684,37.27714],[-120.25719,37.27711],[-120.25756,37.27708],[-120.25791,37.27694],[-120.25836,37.27677],[-120.25941,37.2764],[-120.26159,37.27678],[-120.26251,37.27694],[-120.26257,37.27624],[-120.26408,37.27527],[-120.26331,37.27324],[-120.26347,37.27222],[-120.2635,37.27201],[-120.26431,37.27201],[-120.26581,37.27372],[-120.26711,37.27385],[-120.26711,37.27385],[-120.26807,37.27395],[-120.26844,37.27389],[-120.26884,37.27383],[-120.27019,37.27334],[-120.27072,37.27304],[-120.27119,37.27303],[-120.27176,37.27302],[-120.27509,37.27305],[-120.27507,37.27002],[-120.27499,37.2569],[-120.27495,37.25373],[-120.27491,37.24962],[-120.27178,37.24959],[-120.27178,37.24959],[-120.26876,37.24956],[-120.26566,37.24712],[-120.25957,37.24229],[-120.25674,37.24229],[-120.25673,37.24092],[-120.25672,37.23877],[-120.25571,37.23876],[-120.24782,37.2387],[-120.22916,37.23857],[-120.22325,37.23857],[-120.22007,37.23858],[-120.22011,37.23509],[-120.22011,37.23499],[-120.2151,37.235],[-120.21099,37.235],[-120.211,37.23009],[-120.21101,37.22784],[-120.22329,37.22781],[-120.22938,37.22779],[-120.22916,37.22012],[-120.23133,37.2219],[-120.23133,37.2219],[-120.23153,37.22206],[-120.23133,37.21457],[-120.23133,37.21457],[-120.23133,37.21457],[-120.23243,37.21458],[-120.23314,37.21452],[-120.23368,37.21434],[-120.23425,37.21408],[-120.23435,37.21404],[-120.23478,37.21389],[-120.23478,37.21389],[-120.23546,37.2139],[-120.23578,37.2139],[-120.23602,37.21389],[-120.23622,37.21386],[-120.23653,37.21382],[-120.23729,37.21372],[-120.2383,37.21359],[-120.23835,37.21608],[-120.23835,37.21608],[-120.23835,37.21608],[-120.23837,37.21715],[-120.24252,37.21716],[-120.244,37.21716],[-120.24766,37.21716],[-120.25659,37.21711],[-120.25657,37.21352],[-120.26551,37.21345],[-120.26554,37.22067],[-120.25662,37.22071],[-120.25666,37.2279],[-120.25667,37.22877],[-120.2567,37.23509],[-120.2567,37.23509],[-120.2656,37.23509],[-120.26561,37.23777],[-120.26562,37.23868],[-120.26772,37.23869],[-120.27477,37.23873],[-120.27471,37.23512],[-120.27912,37.23513],[-120.27913,37.23513],[-120.28035,37.23513],[-120.28148,37.23514],[-120.28383,37.23514],[-120.28382,37.23481],[-120.28373,37.23152],[-120.2975,37.23212],[-120.29752,37.24255],[-120.29752,37.24286],[-120.29754,37.24465],[-120.29755,37.24593],[-120.29756,37.24643],[-120.3014,37.24654],[-120.30205,37.24656],[-120.30332,37.24697],[-120.3037,37.247],[-120.30449,37.24705],[-120.30503,37.24736],[-120.30513,37.24742],[-120.30629,37.24754],[-120.30663,37.2475],[-120.30713,37.24749],[-120.30761,37.24749],[-120.30788,37.24764],[-120.30789,37.24764],[-120.30791,37.24765],[-120.30918,37.24785],[-120.30952,37.24796],[-120.30952,37.24796],[-120.30988,37.24808],[-120.31029,37.24814],[-120.31084,37.24821],[-120.31089,37.24821],[-120.31103,37.24818],[-120.3111,37.24816],[-120.31118,37.24815],[-120.31211,37.24825],[-120.31235,37.24828],[-120.31235,37.24828],[-120.31306,37.24836],[-120.31336,37.24839],[-120.31365,37.24842],[-120.31399,37.24845],[-120.31456,37.24865],[-120.31523,37.24882],[-120.31523,37.24882],[-120.31606,37.24902],[-120.3171,37.2491],[-120.31838,37.2492],[-120.31833,37.25002],[-120.31831,37.25026],[-120.31827,37.25103],[-120.3196,37.25105],[-120.31981,37.25105],[-120.32003,37.25105],[-120.32007,37.2535],[-120.3201,37.25602],[-120.32012,37.25741],[-120.32357,37.25743],[-120.33868,37.25751],[-120.3416,37.25753],[-120.34319,37.25754],[-120.35659,37.25763],[-120.35654,37.25426],[-120.35648,37.25039],[-120.35364,37.25038],[-120.34751,37.25036],[-120.34744,37.24675],[-120.35642,37.24676],[-120.35641,37.24595],[-120.35636,37.24314],[-120.35621,37.23347],[-120.35613,37.22875],[-120.35759,37.22874],[-120.36537,37.2287],[-120.36535,37.22629],[-120.36534,37.22505],[-120.38702,37.22488],[-120.39272,37.22483],[-120.40626,37.22472],[-120.40626,37.22472],[-120.40625,37.22109],[-120.40625,37.22109],[-120.41076,37.22105],[-120.41074,37.21742],[-120.4153,37.21742],[-120.41527,37.21379],[-120.41527,37.21379],[-120.41816,37.21379],[-120.41816,37.21379],[-120.41984,37.21378],[-120.41983,37.2131],[-120.41981,37.21017],[-120.42894,37.21016],[-120.42894,37.21016],[-120.42896,37.21378],[-120.42906,37.22106],[-120.43788,37.22101],[-120.43779,37.21374],[-120.44663,37.21371],[-120.44663,37.21371],[-120.44667,37.21813],[-120.44668,37.21915],[-120.44996,37.21916],[-120.45354,37.21917],[-120.45355,37.2217],[-120.45356,37.22368],[-120.44672,37.22367],[-120.44676,37.2282],[-120.4468,37.23344],[-120.4468,37.23344],[-120.44682,37.23572],[-120.44686,37.23948],[-120.44686,37.23948],[-120.42903,37.23928],[-120.42901,37.24077],[-120.42898,37.24293],[-120.42899,37.2468],[-120.42901,37.25016],[-120.43946,37.25029],[-120.43947,37.25029],[-120.44687,37.25037],[-120.46508,37.25054],[-120.47446,37.25054],[-120.48346,37.25053],[-120.48346,37.25053],[-120.48347,37.24334],[-120.4938,37.2433],[-120.50142,37.24327],[-120.51988,37.24326],[-120.5345,37.24317],[-120.53761,37.24315],[-120.53793,37.24315],[-120.5564,37.24332],[-120.56313,37.24331],[-120.57473,37.2433],[-120.57466,37.24085],[-120.57463,37.23972],[-120.57463,37.23972],[-120.5908,37.23975],[-120.59349,37.23976],[-120.59349,37.23976],[-120.59348,37.24334],[-120.61153,37.24338],[-120.61153,37.24338],[-120.61145,37.25767],[-120.61143,37.25861],[-120.61137,37.26086],[-120.61128,37.26469],[-120.61127,37.2651],[-120.62038,37.26524],[-120.62494,37.26531],[-120.62494,37.26531],[-120.62487,37.26167],[-120.62871,37.26176],[-120.62872,37.26176],[-120.62872,37.26176],[-120.62937,37.26177],[-120.6293,37.25971],[-120.62925,37.25815],[-120.63545,37.25822],[-120.63545,37.25822],[-120.63858,37.25825],[-120.63879,37.26546],[-120.63115,37.2654],[-120.6295,37.26538],[-120.62954,37.26628],[-120.62965,37.269],[-120.62605,37.26896],[-120.62503,37.26895],[-120.62503,37.26902],[-120.62504,37.26962],[-120.62504,37.27012],[-120.62508,37.27259],[-120.62298,37.27258],[-120.62228,37.27258],[-120.62223,37.27711],[-120.6222,37.279],[-120.6222,37.27963],[-120.6222,37.27969],[-120.61652,37.27965],[-120.61111,37.27962],[-120.61111,37.27985],[-120.61112,37.28032],[-120.61115,37.28672],[-120.61145,37.28672],[-120.61145,37.28672],[-120.61343,37.28673],[-120.61355,37.294],[-120.6125,37.294],[-120.6125,37.294],[-120.61128,37.29399],[-120.61133,37.29659],[-120.61135,37.29762],[-120.61301,37.29763],[-120.61491,37.29765],[-120.62491,37.29773],[-120.62491,37.29773],[-120.62493,37.30136],[-120.62795,37.30139],[-120.62943,37.3014],[-120.62967,37.3014],[-120.62966,37.30147],[-120.62966,37.30154],[-120.6298,37.30176],[-120.62988,37.30189],[-120.63013,37.30206],[-120.63022,37.3021],[-120.63022,37.3021],[-120.63027,37.30213],[-120.63044,37.30222],[-120.63084,37.30239],[-120.63116,37.3025],[-120.63144,37.30278],[-120.63161,37.30283],[-120.63186,37.30288],[-120.63186,37.30288],[-120.63223,37.30285],[-120.63271,37.30314],[-120.63298,37.30338],[-120.63298,37.30338],[-120.63346,37.30355],[-120.63349,37.3036],[-120.63355,37.30372],[-120.63359,37.30386],[-120.63365,37.30405],[-120.63374,37.30408],[-120.63382,37.3041],[-120.63393,37.30415],[-120.63408,37.30421],[-120.63407,37.30427],[-120.63403,37.30453],[-120.63406,37.3046],[-120.63412,37.30474],[-120.63452,37.30509],[-120.63498,37.30539],[-120.63524,37.30593],[-120.63528,37.30604],[-120.6354,37.30648],[-120.63534,37.30674],[-120.63533,37.30679],[-120.63528,37.30683],[-120.63498,37.30707],[-120.63499,37.30722],[-120.63499,37.30732],[-120.63537,37.30748],[-120.63564,37.30761],[-120.63575,37.30781],[-120.63598,37.30811],[-120.63632,37.30842],[-120.63632,37.30842],[-120.63681,37.3088],[-120.63711,37.30929],[-120.63723,37.30951],[-120.63747,37.30999],[-120.63779,37.31071],[-120.63779,37.31115],[-120.63779,37.31124],[-120.63795,37.31152],[-120.63818,37.31194],[-120.63863,37.31252],[-120.63922,37.31334],[-120.63922,37.31334],[-120.63922,37.31334],[-120.63937,37.31383],[-120.63915,37.31413],[-120.63914,37.31448],[-120.63938,37.31464],[-120.63939,37.31467],[-120.63943,37.31477],[-120.63941,37.3148],[-120.63929,37.31498],[-120.63915,37.31502],[-120.6391,37.31504],[-120.63903,37.31505],[-120.63882,37.31507],[-120.63865,37.31515],[-120.63846,37.31525],[-120.63804,37.31538],[-120.63804,37.31538],[-120.63755,37.31541],[-120.63717,37.31547],[-120.63694,37.31551],[-120.63693,37.31573],[-120.63839,37.31574],[-120.64747,37.31579],[-120.64746,37.31332],[-120.64743,37.30865],[-120.6474,37.30507],[-120.65655,37.30513],[-120.66117,37.30874],[-120.66355,37.30875],[-120.66575,37.30877],[-120.66563,37.3016],[-120.66333,37.30159],[-120.66107,37.30158],[-120.66109,37.28706],[-120.66133,37.27991],[-120.66581,37.27992],[-120.67488,37.27989],[-120.67488,37.27989],[-120.67481,37.28347],[-120.68068,37.28346],[-120.68389,37.28345],[-120.68386,37.28594],[-120.68384,37.28704],[-120.68851,37.28709],[-120.68851,37.28709],[-120.68852,37.29287],[-120.68852,37.29287],[-120.68852,37.29287],[-120.6932,37.2929],[-120.69323,37.29959],[-120.69323,37.30153],[-120.69325,37.30285],[-120.69327,37.30516],[-120.68386,37.30516],[-120.68386,37.30516],[-120.68389,37.30811],[-120.6839,37.30878],[-120.6839,37.30967],[-120.68396,37.316],[-120.68898,37.31602],[-120.68899,37.31602],[-120.69711,37.31604],[-120.70278,37.31605],[-120.70275,37.31257],[-120.69644,37.30607],[-120.69644,37.30607],[-120.69817,37.30544],[-120.69817,37.30544],[-120.70618,37.30254],[-120.70211,37.30245],[-120.70211,37.30245],[-120.70211,37.30235],[-120.70202,37.30051],[-120.70199,37.29986],[-120.70196,37.29906],[-120.70206,37.29905],[-120.70208,37.29905],[-120.70557,37.29883],[-120.70561,37.29883],[-120.70594,37.29883],[-120.70606,37.29883],[-120.70606,37.29883],[-120.7061,37.29883],[-120.70618,37.29883],[-120.7063,37.29883],[-120.70729,37.29887],[-120.70825,37.29892],[-120.70829,37.29892],[-120.70836,37.29893],[-120.71028,37.29904],[-120.71426,37.29927],[-120.71824,37.2995],[-120.72023,37.2996],[-120.72062,37.29962],[-120.72068,37.29962],[-120.72222,37.29969],[-120.72253,37.29971],[-120.7241,37.29981],[-120.72467,37.29984],[-120.73101,37.30018],[-120.73101,37.30018],[-120.73131,37.3002],[-120.73213,37.30024],[-120.73308,37.30029],[-120.73585,37.30044],[-120.73769,37.30053],[-120.73771,37.30053],[-120.73771,37.30053],[-120.73823,37.30056],[-120.73893,37.30058],[-120.73893,37.30093],[-120.73892,37.30152],[-120.73894,37.30314],[-120.73896,37.30489],[-120.73907,37.31596],[-120.7499,37.31604],[-120.75054,37.31605],[-120.75055,37.31605],[-120.75073,37.3306],[-120.75629,37.33069],[-120.75752,37.33071],[-120.75756,37.3338],[-120.75756,37.33381],[-120.75756,37.33381],[-120.75761,37.33748],[-120.77027,37.33752],[-120.7758,37.33754],[-120.77579,37.33587],[-120.77623,37.33587],[-120.77807,37.33584],[-120.77807,37.33584],[-120.77808,37.33751],[-120.79177,37.33736],[-120.79177,37.33486],[-120.79176,37.33395],[-120.79233,37.33395],[-120.79405,37.33392],[-120.79405,37.3305],[-120.79765,37.33047],[-120.79766,37.33047],[-120.79857,37.33046],[-120.79857,37.33729],[-120.79857,37.33729],[-120.81215,37.33717],[-120.81215,37.33717],[-120.81215,37.33814],[-120.81216,37.34403],[-120.81216,37.34446],[-120.81217,37.35102],[-120.81753,37.35111],[-120.82121,37.35116],[-120.82122,37.34824],[-120.82122,37.34761],[-120.8225,37.34762],[-120.82352,37.34763],[-120.82618,37.34765],[-120.83027,37.34769],[-120.83027,37.34911],[-120.83026,37.3513],[-120.83026,37.3513],[-120.83482,37.35136],[-120.83481,37.35499],[-120.83481,37.35499],[-120.83936,37.35506],[-120.83936,37.35506],[-120.83935,37.35665],[-120.83935,37.35856],[-120.83025,37.35852],[-120.82787,37.35851],[-120.82787,37.35851],[-120.82703,37.35851],[-120.82613,37.3585],[-120.82339,37.35849],[-120.81218,37.35845],[-120.80351,37.35846],[-120.79413,37.35848],[-120.78501,37.3585],[-120.78497,37.36504],[-120.78496,37.36573],[-120.79096,37.36572],[-120.79401,37.36572],[-120.79388,37.37295],[-120.79383,37.37727],[-120.79382,37.37789],[-120.79381,37.37909],[-120.79375,37.38398],[-120.79426,37.38551],[-120.79506,37.38789],[-120.79506,37.3879],[-120.79529,37.3886],[-120.79605,37.39064],[-120.79595,37.39081],[-120.79595,37.39095],[-120.79622,37.39089],[-120.79641,37.39083],[-120.79673,37.39107],[-120.79653,37.39105],[-120.79631,37.39106],[-120.79621,37.39109],[-120.79616,37.39114],[-120.79611,37.39122],[-120.79609,37.39135],[-120.79606,37.39224],[-120.79601,37.3938],[-120.79596,37.39509],[-120.79595,37.39534],[-120.79112,37.39602],[-120.791,37.39599],[-120.79097,37.39597],[-120.79096,37.39596],[-120.79094,37.39593],[-120.79094,37.3959],[-120.79102,37.39461],[-120.79101,37.39447],[-120.79095,37.39436],[-120.79084,37.39433],[-120.79073,37.39432],[-120.79034,37.39435],[-120.79031,37.39422],[-120.79025,37.39392],[-120.79026,37.39348],[-120.79033,37.39336],[-120.7904,37.39325],[-120.79093,37.39243],[-120.79105,37.39242],[-120.79008,37.39224],[-120.7897,37.39209],[-120.78895,37.3917],[-120.78807,37.39126],[-120.78774,37.39121],[-120.78725,37.39115],[-120.78701,37.39129],[-120.78669,37.39165],[-120.78659,37.39175],[-120.78613,37.39205],[-120.78565,37.3922],[-120.7852,37.39222],[-120.78391,37.39177],[-120.78388,37.39176],[-120.78369,37.39172],[-120.78359,37.39174],[-120.78341,37.39179],[-120.78291,37.39179],[-120.78165,37.39164],[-120.78104,37.3913],[-120.78089,37.39105],[-120.78081,37.39071],[-120.78088,37.39011],[-120.78096,37.38943],[-120.78094,37.38917],[-120.78093,37.38898],[-120.78091,37.38865],[-120.78091,37.38846],[-120.78083,37.38835],[-120.78081,37.38833],[-120.78006,37.38814],[-120.77962,37.38819],[-120.77936,37.38824],[-120.77923,37.38841],[-120.7787,37.38943],[-120.77794,37.39011],[-120.77713,37.39067],[-120.77685,37.39079],[-120.77655,37.39081],[-120.7762,37.39078],[-120.77435,37.39027],[-120.77426,37.39024],[-120.77412,37.39022],[-120.77399,37.39028],[-120.77392,37.3903],[-120.77312,37.39104],[-120.77263,37.39127],[-120.77237,37.39131],[-120.77211,37.3913],[-120.77176,37.3913],[-120.77154,37.39121],[-120.77123,37.39103],[-120.77105,37.39086],[-120.77085,37.39071],[-120.77079,37.39047],[-120.77062,37.39025],[-120.77037,37.39006],[-120.77028,37.38996],[-120.77019,37.38979],[-120.7701,37.3895],[-120.77005,37.38933],[-120.76999,37.38924],[-120.76993,37.38917],[-120.76975,37.38892],[-120.76938,37.38858],[-120.76927,37.38849],[-120.76897,37.38838],[-120.76893,37.38836],[-120.76877,37.38825],[-120.76862,37.38821],[-120.76835,37.38822],[-120.76796,37.38831],[-120.76761,37.38842],[-120.76744,37.38855],[-120.76738,37.38869],[-120.76736,37.38874],[-120.76721,37.38902],[-120.7672,37.3893],[-120.76713,37.38955],[-120.76703,37.38979],[-120.76686,37.39002],[-120.76666,37.39021],[-120.76644,37.39037],[-120.76608,37.39053],[-120.76572,37.39059],[-120.76543,37.39065],[-120.76521,37.39074],[-120.765,37.39091],[-120.76482,37.39109],[-120.7645,37.39128],[-120.76403,37.39148],[-120.76377,37.39166],[-120.76351,37.39191],[-120.76332,37.39216],[-120.76315,37.3924],[-120.76292,37.39264],[-120.76279,37.39284],[-120.76268,37.39302],[-120.76258,37.39326],[-120.76248,37.39347],[-120.76238,37.39377],[-120.76231,37.39407],[-120.76227,37.3942],[-120.76224,37.39428],[-120.76224,37.39446],[-120.76212,37.39454],[-120.7619,37.39469],[-120.76174,37.3949],[-120.76145,37.39505],[-120.76132,37.39506],[-120.76115,37.39507],[-120.76069,37.39526],[-120.76055,37.3953],[-120.76049,37.39532],[-120.76038,37.39535],[-120.76029,37.39538],[-120.7601,37.39538],[-120.75973,37.39506],[-120.75967,37.395],[-120.75959,37.39492],[-120.75933,37.39483],[-120.75924,37.39476],[-120.75907,37.39449],[-120.75903,37.3944],[-120.75915,37.39381],[-120.75916,37.39378],[-120.75917,37.39363],[-120.75918,37.39355],[-120.75916,37.39347],[-120.75895,37.39321],[-120.75894,37.39321],[-120.75877,37.39311],[-120.75869,37.39309],[-120.75864,37.39307],[-120.75849,37.39307],[-120.75844,37.39307],[-120.75834,37.39304],[-120.75828,37.39302],[-120.7582,37.39302],[-120.75808,37.39301],[-120.75792,37.39301],[-120.75783,37.39301],[-120.75758,37.39305],[-120.75748,37.3931],[-120.75722,37.3933],[-120.75701,37.39349],[-120.75685,37.39372],[-120.75679,37.39385],[-120.75658,37.39397],[-120.7562,37.3943],[-120.7559,37.39453],[-120.75561,37.39472],[-120.75534,37.39484],[-120.7553,37.39486],[-120.75479,37.39493],[-120.75437,37.39491],[-120.75394,37.39499],[-120.75376,37.39504],[-120.75362,37.39513],[-120.75355,37.39524],[-120.75349,37.39535],[-120.75342,37.3954],[-120.75325,37.39545],[-120.7527,37.39545],[-120.75234,37.39556],[-120.75199,37.39555],[-120.7512,37.3955],[-120.75077,37.39557],[-120.75056,37.39562],[-120.75037,37.39568],[-120.7502,37.39575],[-120.75004,37.39581],[-120.7499,37.39589],[-120.74977,37.39597],[-120.74966,37.39606],[-120.74948,37.39621],[-120.74936,37.39634],[-120.74921,37.39651],[-120.74875,37.39703],[-120.74818,37.39762],[-120.74769,37.3981],[-120.74733,37.39847],[-120.74723,37.39858],[-120.74715,37.39866],[-120.74706,37.39874],[-120.74697,37.3988],[-120.74666,37.39895],[-120.74635,37.39908],[-120.74617,37.39914],[-120.74607,37.39917],[-120.74596,37.39918],[-120.74566,37.39917],[-120.74519,37.39914],[-120.74462,37.39911],[-120.74416,37.3991],[-120.74381,37.39911],[-120.74352,37.39912],[-120.74331,37.39914],[-120.74311,37.39916],[-120.74309,37.39916],[-120.74296,37.39918],[-120.7431,37.39993],[-120.74264,37.40004],[-120.742,37.40001],[-120.74187,37.39998],[-120.74068,37.39972],[-120.73941,37.39981],[-120.73896,37.39996],[-120.73847,37.4002],[-120.73808,37.40064],[-120.73761,37.40125],[-120.73753,37.40156],[-120.73748,37.40175],[-120.73737,37.40191],[-120.73737,37.40191],[-120.73721,37.40207],[-120.73684,37.40231],[-120.73612,37.40273],[-120.73583,37.40281],[-120.73505,37.40303],[-120.73484,37.40317],[-120.73465,37.40332],[-120.73447,37.4036],[-120.73439,37.40371],[-120.73429,37.40409],[-120.73417,37.40453],[-120.7341,37.40464],[-120.73403,37.40474],[-120.73356,37.40519],[-120.7334,37.40528],[-120.73322,37.40532],[-120.73288,37.40535],[-120.73225,37.40541],[-120.73189,37.4055],[-120.73166,37.40561],[-120.73129,37.40584],[-120.73047,37.40636],[-120.7302,37.40653],[-120.73002,37.40677],[-120.72981,37.40716],[-120.72978,37.40743],[-120.72975,37.40774],[-120.72976,37.40819],[-120.72976,37.40825],[-120.72988,37.40841],[-120.72992,37.40842],[-120.73008,37.40845],[-120.73031,37.40853],[-120.73071,37.40884],[-120.73099,37.40942],[-120.7311,37.40972],[-120.7311,37.40998],[-120.73099,37.41035],[-120.73081,37.41046],[-120.73063,37.41054],[-120.73038,37.41056],[-120.73031,37.41057],[-120.73005,37.41053],[-120.72925,37.41028],[-120.72854,37.41025],[-120.72686,37.41039],[-120.72662,37.41045],[-120.72629,37.41064],[-120.72614,37.41087],[-120.72611,37.41099],[-120.72595,37.41169],[-120.72568,37.41203],[-120.72546,37.41212],[-120.72526,37.41214],[-120.72491,37.41205],[-120.72467,37.4118],[-120.72395,37.41107],[-120.7233,37.41057],[-120.72304,37.41046],[-120.72277,37.41042],[-120.72236,37.41044],[-120.72182,37.41055],[-120.72172,37.41062],[-120.72161,37.4107],[-120.72037,37.41167],[-120.72007,37.41174],[-120.71889,37.41173],[-120.71847,37.41166],[-120.71751,37.41135],[-120.71591,37.41084],[-120.71536,37.41047],[-120.71515,37.41038],[-120.71497,37.41038],[-120.71476,37.41041],[-120.71458,37.41046],[-120.71445,37.41057],[-120.71439,37.41065],[-120.71404,37.41111],[-120.71395,37.41119],[-120.71385,37.41123],[-120.71363,37.41122],[-120.71348,37.41118],[-120.71338,37.41112],[-120.71259,37.41068],[-120.71234,37.41058],[-120.71212,37.4106],[-120.71201,37.41065],[-120.71169,37.41086],[-120.71127,37.4111],[-120.71068,37.41144],[-120.71028,37.41168],[-120.71021,37.41178],[-120.71017,37.41193],[-120.71059,37.4129],[-120.71075,37.41356],[-120.71064,37.41433],[-120.71042,37.41463],[-120.71033,37.41475],[-120.71002,37.41499],[-120.70976,37.4151],[-120.70948,37.41516],[-120.70914,37.4152],[-120.70904,37.41524],[-120.70897,37.41528],[-120.70855,37.41579],[-120.70748,37.41649],[-120.70692,37.41654],[-120.70685,37.41655],[-120.7068,37.41653],[-120.7065,37.41642],[-120.70545,37.41602],[-120.70524,37.41594],[-120.70483,37.41597],[-120.70473,37.41673],[-120.70452,37.41832],[-120.70477,37.41851],[-120.7057,37.41875],[-120.70614,37.41895],[-120.70663,37.41941],[-120.70659,37.41956],[-120.70646,37.42013],[-120.70651,37.42075],[-120.70588,37.42142],[-120.70499,37.42175],[-120.70458,37.42164],[-120.70379,37.42125],[-120.70327,37.4212],[-120.70286,37.42122],[-120.70228,37.42128],[-120.7017,37.42128],[-120.70144,37.42116],[-120.70135,37.42089],[-120.70132,37.42078],[-120.70156,37.42],[-120.70153,37.41975],[-120.7014,37.41948],[-120.70119,37.41928],[-120.70072,37.41883],[-120.69982,37.41833],[-120.69935,37.41831],[-120.69885,37.41841],[-120.69864,37.4186],[-120.69844,37.41883],[-120.6983,37.41943],[-120.69828,37.41956],[-120.6982,37.42034],[-120.69807,37.42061],[-120.69801,37.42083],[-120.69781,37.42101],[-120.69772,37.42108],[-120.69757,37.42118],[-120.69717,37.42134],[-120.69633,37.42166],[-120.69381,37.42197],[-120.69348,37.42197],[-120.69312,37.42195],[-120.69276,37.42192],[-120.69238,37.42195],[-120.69187,37.42224],[-120.69158,37.42244],[-120.69147,37.42262],[-120.69138,37.42287],[-120.6914,37.42366],[-120.69138,37.42395],[-120.69134,37.424],[-120.69131,37.42405],[-120.69119,37.42418],[-120.69105,37.42465],[-120.69108,37.42523],[-120.69134,37.42577],[-120.69136,37.42579],[-120.69151,37.42589],[-120.69165,37.4261],[-120.69176,37.42626],[-120.69171,37.42653],[-120.6913,37.42699],[-120.69086,37.42716],[-120.69058,37.42717],[-120.69035,37.42708],[-120.68999,37.42689],[-120.68979,37.42678],[-120.68917,37.42664],[-120.68883,37.42644],[-120.68877,37.42632],[-120.68798,37.42588],[-120.6876,37.42588],[-120.68731,37.42606],[-120.68709,37.42632],[-120.68691,37.42652],[-120.6863,37.42675],[-120.68564,37.42682],[-120.68517,37.42703],[-120.68483,37.42732],[-120.68453,37.42773],[-120.68432,37.42899],[-120.68383,37.4301],[-120.68354,37.4305],[-120.68311,37.43089],[-120.68237,37.43118],[-120.68139,37.43137],[-120.67981,37.4314],[-120.679,37.4315],[-120.67859,37.43143],[-120.67772,37.43052],[-120.67767,37.43022],[-120.67797,37.42946],[-120.67816,37.4289],[-120.67797,37.42863],[-120.67784,37.42802],[-120.67775,37.42737],[-120.67782,37.42698],[-120.6778,37.42694],[-120.67773,37.42683],[-120.67752,37.42671],[-120.67712,37.42656],[-120.67689,37.42652],[-120.67664,37.42647],[-120.67648,37.42644],[-120.67622,37.42647],[-120.67551,37.42655],[-120.67403,37.42705],[-120.6739,37.42706],[-120.67378,37.42706],[-120.6734,37.42713],[-120.67324,37.42715],[-120.6731,37.42715],[-120.6726,37.42713],[-120.67211,37.4271],[-120.67178,37.42705],[-120.67156,37.427],[-120.67142,37.42696],[-120.67105,37.42684],[-120.6707,37.42666],[-120.67021,37.42642],[-120.66941,37.426],[-120.66894,37.42578],[-120.66846,37.42552],[-120.66786,37.42521],[-120.66727,37.42491],[-120.66724,37.42489],[-120.66724,37.42483],[-120.66725,37.42483],[-120.66725,37.42483],[-120.66723,37.42462],[-120.66718,37.4242],[-120.66714,37.42374],[-120.66701,37.42238],[-120.66699,37.42217],[-120.66698,37.42214],[-120.66681,37.42205],[-120.66618,37.42176],[-120.66593,37.42176],[-120.66565,37.42176],[-120.66564,37.42186],[-120.66561,37.42239],[-120.66561,37.42239],[-120.66505,37.42206],[-120.66118,37.42185],[-120.6583,37.42288],[-120.65609,37.42367],[-120.6543,37.42549],[-120.65392,37.42624],[-120.65321,37.42763],[-120.65365,37.42912],[-120.65306,37.43037],[-120.65274,37.43103],[-120.65066,37.43194],[-120.64975,37.43241],[-120.64921,37.43269],[-120.64916,37.43336],[-120.64906,37.43377],[-120.6489,37.43441],[-120.64854,37.43454],[-120.64802,37.43473],[-120.64737,37.43521],[-120.64639,37.43514],[-120.64604,37.43479],[-120.645,37.4347],[-120.64438,37.43534],[-120.64426,37.43536],[-120.64354,37.43547],[-120.64276,37.436],[-120.64258,37.43612],[-120.64245,37.43642],[-120.64222,37.43697],[-120.64219,37.43749],[-120.64217,37.43803],[-120.64221,37.43832],[-120.64208,37.43896],[-120.64208,37.43896],[-120.64198,37.43947],[-120.64211,37.4398],[-120.64218,37.43996],[-120.64244,37.44061],[-120.64241,37.44081],[-120.64236,37.44114],[-120.64218,37.44139],[-120.64199,37.44166],[-120.64152,37.44176],[-120.64102,37.44186],[-120.64046,37.44184],[-120.63975,37.44159],[-120.63935,37.44145],[-120.63831,37.44081],[-120.63798,37.43252],[-120.63798,37.43251],[-120.63798,37.4325],[-120.6379,37.43063],[-120.63793,37.42774],[-120.63794,37.42704],[-120.62887,37.42712],[-120.61969,37.427],[-120.61878,37.42699],[-120.61685,37.42696],[-120.61467,37.42693],[-120.6128,37.42691],[-120.61276,37.4287],[-120.61276,37.4287],[-120.61197,37.42869],[-120.61197,37.42869],[-120.61046,37.42867],[-120.61045,37.4291],[-120.61041,37.43046],[-120.60154,37.43044],[-120.60155,37.43218],[-120.60156,37.43412],[-120.60156,37.43412],[-120.5971,37.43411],[-120.59711,37.43962],[-120.59711,37.43962],[-120.59621,37.43962],[-120.59576,37.43961],[-120.59262,37.4396],[-120.59259,37.44511],[-120.59259,37.44555],[-120.59259,37.44603],[-120.59261,37.44926],[-120.59261,37.45009],[-120.59028,37.45008],[-120.58333,37.45125],[-120.58333,37.45024],[-120.58333,37.44876],[-120.57407,37.4488],[-120.57405,37.45075],[-120.57404,37.45232],[-120.57403,37.45316],[-120.57401,37.45584],[-120.56505,37.45592],[-120.56462,37.45542],[-120.56451,37.45528],[-120.56432,37.45522],[-120.56383,37.45507],[-120.56316,37.45526],[-120.56268,37.45549],[-120.56254,37.45556],[-120.56217,37.45606],[-120.56209,37.45616],[-120.56185,37.45686],[-120.56184,37.45716],[-120.56183,37.45747],[-120.56152,37.458],[-120.56151,37.45801],[-120.56141,37.45818],[-120.56136,37.45826],[-120.56126,37.45842],[-120.56122,37.45865],[-120.56119,37.45884],[-120.5611,37.45929],[-120.56105,37.45956],[-120.56083,37.46004],[-120.56083,37.46004],[-120.56077,37.46016],[-120.5602,37.46058],[-120.55947,37.46079],[-120.55811,37.46077],[-120.55698,37.46086],[-120.55682,37.46087],[-120.55669,37.46086],[-120.55607,37.46082],[-120.55543,37.46028],[-120.55519,37.4597],[-120.55516,37.45963],[-120.55495,37.45911],[-120.5549,37.45906],[-120.55472,37.45887],[-120.55409,37.45867],[-120.55352,37.45863],[-120.55267,37.45876],[-120.55198,37.45894],[-120.55182,37.45903],[-120.55156,37.45919],[-120.55111,37.45948],[-120.5511,37.45949],[-120.55094,37.45962],[-120.54039,37.4597],[-120.53779,37.45972],[-120.5379,37.44559],[-120.53361,37.44563],[-120.53072,37.44565],[-120.52859,37.44738],[-120.52853,37.45604],[-120.5323,37.45875],[-120.5323,37.45875],[-120.53305,37.45929],[-120.53315,37.45937],[-120.53373,37.45979],[-120.52791,37.45989],[-120.51922,37.46005],[-120.51931,37.46371],[-120.51755,37.46659],[-120.51544,37.4676],[-120.51534,37.46765],[-120.5127,37.46706]]],[[[-120.50478,37.52321],[-120.50403,37.52218],[-120.5013,37.52221],[-120.5013,37.52392],[-120.5013,37.52392],[-120.5013,37.52658],[-120.49847,37.52655],[-120.49216,37.52651],[-120.49221,37.51897],[-120.49222,37.51066],[-120.49798,37.51228],[-120.50062,37.51302],[-120.50085,37.51304],[-120.50085,37.51304],[-120.50136,37.51307],[-120.50181,37.5129],[-120.50196,37.51285],[-120.50199,37.51283],[-120.50271,37.51238],[-120.50427,37.51131],[-120.50463,37.51105],[-120.50506,37.51071],[-120.50518,37.51061],[-120.50587,37.5102],[-120.5061,37.51011],[-120.50652,37.50994],[-120.5069,37.50983],[-120.50771,37.50966],[-120.50797,37.50956],[-120.50862,37.50932],[-120.50958,37.5091],[-120.51009,37.50915],[-120.51009,37.50915],[-120.51027,37.50917],[-120.5104,37.50928],[-120.5107,37.50954],[-120.51122,37.51009],[-120.51179,37.5105],[-120.51179,37.5105],[-120.51185,37.51054],[-120.51251,37.51072],[-120.51291,37.51076],[-120.51325,37.51079],[-120.51362,37.51074],[-120.5137,37.51073],[-120.51401,37.51071],[-120.51464,37.51068],[-120.51468,37.51067],[-120.51547,37.51044],[-120.51637,37.51011],[-120.51677,37.51004],[-120.51785,37.50986],[-120.51894,37.50976],[-120.52005,37.50968],[-120.52043,37.50973],[-120.52074,37.50978],[-120.52126,37.50989],[-120.52164,37.50998],[-120.5223,37.51005],[-120.52297,37.50985],[-120.52309,37.50977],[-120.52347,37.50953],[-120.52376,37.50939],[-120.5242,37.50916],[-120.52459,37.50909],[-120.52497,37.50901],[-120.52579,37.50865],[-120.52579,37.50865],[-120.52654,37.50849],[-120.52708,37.50838],[-120.52771,37.50814],[-120.52803,37.50801],[-120.52814,37.50787],[-120.52846,37.50745],[-120.52854,37.50703],[-120.52856,37.50694],[-120.52855,37.50683],[-120.52854,37.50651],[-120.52849,37.50644],[-120.52849,37.50644],[-120.52826,37.50613],[-120.52805,37.50571],[-120.5283,37.50528],[-120.52885,37.50495],[-120.52987,37.50464],[-120.53053,37.5044],[-120.53114,37.50446],[-120.53114,37.50446],[-120.53114,37.50446],[-120.53152,37.50449],[-120.53201,37.50464],[-120.53274,37.50456],[-120.53322,37.50431],[-120.53337,37.50424],[-120.53341,37.50423],[-120.53415,37.504],[-120.53459,37.50389],[-120.53518,37.50376],[-120.53549,37.50373],[-120.5361,37.50367],[-120.53692,37.50352],[-120.53772,37.50328],[-120.538,37.50322],[-120.53864,37.50309],[-120.53879,37.50311],[-120.5391,37.50315],[-120.54007,37.5031],[-120.54097,37.50309],[-120.54167,37.50284],[-120.54204,37.5025],[-120.54241,37.50211],[-120.54252,37.50199],[-120.54295,37.50174],[-120.54353,37.50163],[-120.54353,37.50163],[-120.54362,37.50162],[-120.54453,37.50154],[-120.54476,37.50155],[-120.54476,37.50155],[-120.54522,37.50157],[-120.5458,37.50151],[-120.54592,37.5015],[-120.54603,37.50144],[-120.54603,37.50144],[-120.54633,37.50126],[-120.54662,37.50101],[-120.54692,37.50076],[-120.54735,37.50057],[-120.54735,37.50057],[-120.54758,37.50047],[-120.54795,37.50034],[-120.54815,37.50026],[-120.54821,37.50013],[-120.54832,37.49984],[-120.54847,37.49947],[-120.54847,37.49947],[-120.54853,37.4993],[-120.5488,37.49912],[-120.54903,37.49898],[-120.54936,37.49877],[-120.54936,37.49877],[-120.54937,37.49877],[-120.5499,37.49834],[-120.55066,37.49731],[-120.55096,37.49713],[-120.55142,37.49688],[-120.55156,37.49681],[-120.55163,37.49675],[-120.55186,37.49656],[-120.55216,37.4964],[-120.55247,37.49622],[-120.55275,37.49612],[-120.55312,37.49597],[-120.55358,37.49578],[-120.55377,37.4957],[-120.55418,37.49552],[-120.55439,37.49544],[-120.55516,37.49544],[-120.5558,37.49509],[-120.5562,37.4946],[-120.55648,37.4942],[-120.55704,37.49397],[-120.55725,37.49386],[-120.55761,37.49367],[-120.55826,37.49342],[-120.55826,37.49342],[-120.55833,37.49339],[-120.55892,37.49317],[-120.55944,37.4927],[-120.55944,37.49243],[-120.55944,37.49217],[-120.5593,37.49181],[-120.5593,37.49181],[-120.55921,37.49157],[-120.55926,37.49077],[-120.55922,37.49019],[-120.55912,37.49006],[-120.559,37.48989],[-120.55883,37.48958],[-120.5589,37.48931],[-120.55892,37.48921],[-120.55899,37.48891],[-120.55906,37.4887],[-120.55915,37.48842],[-120.55925,37.48829],[-120.55943,37.48806],[-120.55974,37.48775],[-120.56023,37.48725],[-120.56027,37.48721],[-120.56106,37.486],[-120.56136,37.48548],[-120.56167,37.4852],[-120.56167,37.4852],[-120.56183,37.48506],[-120.56215,37.48467],[-120.56257,37.4843],[-120.56264,37.48424],[-120.56269,37.4842],[-120.56365,37.48352],[-120.56458,37.483],[-120.56488,37.48283],[-120.56555,37.48257],[-120.56562,37.4825],[-120.56588,37.48226],[-120.56646,37.48193],[-120.56659,37.48167],[-120.56708,37.48126],[-120.56751,37.48079],[-120.56832,37.48022],[-120.56884,37.47964],[-120.56884,37.47964],[-120.56946,37.47905],[-120.57012,37.47891],[-120.57024,37.47891],[-120.57049,37.4789],[-120.57061,37.47883],[-120.57094,37.47864],[-120.57163,37.47822],[-120.57238,37.47799],[-120.57437,37.47736],[-120.57553,37.47703],[-120.57792,37.47647],[-120.58378,37.47508],[-120.58377,37.47415],[-120.58377,37.47365],[-120.58376,37.47294],[-120.58371,37.47184],[-120.58367,37.47089],[-120.58379,37.47076],[-120.58399,37.47053],[-120.58403,37.47048],[-120.58416,37.47042],[-120.58445,37.47039],[-120.58482,37.47024],[-120.58486,37.47024],[-120.58512,37.47026],[-120.58513,37.47021],[-120.58517,37.47001],[-120.58527,37.46998],[-120.58542,37.47002],[-120.58557,37.47006],[-120.58609,37.47027],[-120.58629,37.47035],[-120.58665,37.47042],[-120.58698,37.47049],[-120.58758,37.47036],[-120.58759,37.47035],[-120.58772,37.47031],[-120.58832,37.4701],[-120.58858,37.46998],[-120.589,37.46978],[-120.58957,37.46965],[-120.59005,37.46955],[-120.59008,37.46954],[-120.5901,37.46954],[-120.59097,37.46947],[-120.59164,37.4693],[-120.59164,37.4693],[-120.59168,37.4693],[-120.59212,37.46932],[-120.59284,37.46931],[-120.59309,37.46922],[-120.59309,37.46922],[-120.59318,37.46919],[-120.59491,37.46918],[-120.59498,37.47152],[-120.59499,37.47174],[-120.59499,37.47198],[-120.59501,37.47276],[-120.59503,37.47324],[-120.59504,37.47367],[-120.59505,37.47415],[-120.59412,37.47414],[-120.59412,37.47414],[-120.59263,37.47413],[-120.59263,37.47468],[-120.59263,37.47624],[-120.59263,37.4765],[-120.59264,37.4778],[-120.59264,37.47868],[-120.59265,37.48387],[-120.59265,37.48867],[-120.59266,37.49608],[-120.59177,37.4961],[-120.58965,37.49613],[-120.58367,37.49622],[-120.58368,37.49453],[-120.58368,37.49453],[-120.58368,37.49453],[-120.58369,37.49064],[-120.57763,37.49072],[-120.57758,37.49072],[-120.57765,37.49114],[-120.57778,37.49193],[-120.57591,37.49408],[-120.57591,37.49408],[-120.57591,37.4941],[-120.57594,37.49456],[-120.57598,37.49531],[-120.57679,37.49646],[-120.57245,37.50188],[-120.57095,37.50221],[-120.57049,37.50232],[-120.56785,37.50147],[-120.567,37.50081],[-120.567,37.50081],[-120.56545,37.50083],[-120.56545,37.50093],[-120.56545,37.50395],[-120.56457,37.50397],[-120.55792,37.50407],[-120.55706,37.50408],[-120.55629,37.5041],[-120.55629,37.50466],[-120.55623,37.51486],[-120.54709,37.51496],[-120.54709,37.51592],[-120.54708,37.51857],[-120.53991,37.51867],[-120.53795,37.5187],[-120.5299,37.51875],[-120.52995,37.52111],[-120.52996,37.52128],[-120.52801,37.52138],[-120.52705,37.52271],[-120.52624,37.52383],[-120.52413,37.52363],[-120.52413,37.52122],[-120.52413,37.52122],[-120.52099,37.5188],[-120.52,37.52187],[-120.51964,37.52301],[-120.51961,37.52495],[-120.51952,37.53172],[-120.51045,37.53157],[-120.51042,37.52949],[-120.5104,37.52813],[-120.50726,37.52795],[-120.50723,37.52658],[-120.50478,37.52321]]],[[[-120.52618,37.53739],[-120.52494,37.53571],[-120.52494,37.53571],[-120.52289,37.53669],[-120.52188,37.53716],[-120.51868,37.53653],[-120.51699,37.53619],[-120.51809,37.53564],[-120.51809,37.53564],[-120.51987,37.53184],[-120.51987,37.53184],[-120.51987,37.53184],[-120.52121,37.53079],[-120.52126,37.53058],[-120.52146,37.52974],[-120.52223,37.52944],[-120.52223,37.52944],[-120.5238,37.52885],[-120.52577,37.53059],[-120.52605,37.53525],[-120.52618,37.53739]]],[[[-120.49504,37.54475],[-120.49843,37.54473],[-120.49844,37.54613],[-120.49844,37.54651],[-120.49635,37.54653],[-120.49383,37.54654],[-120.49381,37.54485],[-120.49381,37.54485],[-120.49381,37.54475],[-120.49504,37.54475]]],[[[-120.466,37.54816],[-120.46595,37.54461],[-120.46677,37.54462],[-120.46829,37.54464],[-120.46824,37.54109],[-120.4659,37.54106],[-120.46587,37.53866],[-120.46586,37.53751],[-120.46586,37.53751],[-120.46119,37.53749],[-120.46117,37.53575],[-120.46115,37.53396],[-120.45808,37.53395],[-120.45792,37.53395],[-120.45795,37.53016],[-120.46245,37.53017],[-120.46244,37.53096],[-120.4624,37.53396],[-120.46464,37.53396],[-120.46476,37.52638],[-120.46476,37.52638],[-120.46932,37.52639],[-120.46929,37.52883],[-120.46927,37.53018],[-120.47155,37.53019],[-120.47155,37.53019],[-120.47151,37.53332],[-120.4715,37.53398],[-120.4719,37.53398],[-120.47607,37.53399],[-120.47609,37.53257],[-120.47612,37.5302],[-120.48297,37.53022],[-120.48296,37.53155],[-120.48293,37.534],[-120.49601,37.53405],[-120.49608,37.54118],[-120.49377,37.54118],[-120.49381,37.54475],[-120.49381,37.54475],[-120.481,37.54481],[-120.48099,37.54481],[-120.47996,37.54481],[-120.47994,37.54344],[-120.47992,37.54217],[-120.47991,37.54148],[-120.47991,37.54148],[-120.47991,37.54146],[-120.47991,37.54145],[-120.4799,37.54121],[-120.47524,37.54116],[-120.47527,37.54363],[-120.47529,37.54475],[-120.47529,37.54475],[-120.47062,37.54468],[-120.47065,37.54699],[-120.47067,37.54825],[-120.46942,37.54822],[-120.466,37.54816]]]]},"properties":{"Acronym":"MeID","Utility":"Merced Irrigation District","Type":"POU","URL":"http://www.mercedid.org/"}}]}